2018,1,32,18.1,-4.7,4.8,56.9,9.7,31.4,.76,12.32,0,8.6,4.4,6.4,7.9,7.6,7.8,.7,.4,220,56,5.1,1.1,2.4,1.3,.23,-12.6
2018,2,32,18,-2.1,6.6,50,9.6,27,.85,9.64,0,8.6,5,6.5,7.8,7.6,7.7,.8,.6,48,43,5.1,1.2,1.9,1.5,.23,-13
2018,3,32,15,-3,5.8,51.4,10.5,27.9,.76,8.77,0,8.4,5.1,6.6,7.8,7.6,7.7,.8,.6,108,43,5.8,.3,1.7,1.4,.23,-12.6
2018,4,32,17.2,.2,8.2,54.1,10.2,27.5,.88,11.97,0,10,6.5,7.9,8.2,7.8,7.9,.8,.4,228,60,5.6,1,2.4,1.4,.28,-10.6
2018,5,32,18.4,-2.3,6.7,60.3,16.5,39.7,.74,11.68,0,9.9,5.7,7.6,8.3,8,8.2,.7,.4,225,53,4.6,1.3,2.2,1.4,.37,-7
2018,6,32,17,-.8,7,74.2,23.3,48.4,.63,8.23,0,9.3,6.1,7.6,8.4,8.1,8.3,.7,.3,168,60,4.1,.9,1.3,1.2,.45,-4.1
2018,7,32,18.3,0,8.1,83.6,20.1,50.2,.64,11.82,0,10.3,6.8,8.4,8.6,8.3,8.4,.7,.2,102,71,4.8,1.3,2,1.4,.51,-2.7
2018,8,32,15.9,-.5,7.2,67.8,26.5,47.4,.62,8.15,0,9.7,6.6,8,8.7,8.4,8.5,.7,.3,152,57,4.8,.6,1.3,1.2,.46,-3.9
2018,9,32,16.2,-.6,8.4,98.7,33.8,59.4,.56,10.06,5.84,10.1,6.5,8.4,8.7,8.5,8.6,2.5,1.7,182,46,12.8,.7,2.1,2,.63,.1
2018,10,32,6.7,2.2,4.5,99.9,70.6,91.1,.08,3.83,5.59,9.5,7.7,8.2,8.9,8.7,8.8,1.8,1.6,277,30,5.8,0,0,.6,.77,3.1
2018,11,32,14.7,-.4,6.4,100,23.8,72.6,.36,12.88,0,9.8,6.1,7.8,8.7,8.4,8.6,1.1,.6,294,54,6.1,.3,1.9,1.4,.65,.6
2018,12,32,16.5,-2.7,6.7,99.3,21.8,57.4,.6,13.03,0,9.1,5.3,7.1,8.6,8.1,8.4,1.5,.8,274,55,8,.8,2.6,1.8,.49,-3.2
2018,13,32,18,-3.1,6,89.9,14.1,53,.61,13.21,0,8.9,5,6.9,8.3,8,8.2,.8,.4,148,54,4.7,1.1,2.4,1.5,.43,-5
2018,14,32,19.4,-3,6.4,86,18.7,53.6,.65,13.2,0,9.2,4.8,6.8,8.2,7.8,8,.7,.3,187,58,5.6,1.6,2.3,1.5,.45,-4.3
2018,15,32,17.4,-1.4,6.3,87.8,16.5,54.8,.6,11.98,0,9.2,5.4,7.1,8.1,7.8,8,.6,.3,212,58,4.6,1,2,1.3,.46,-4
2018,16,32,12.4,-.4,6,81.4,30,50.3,.52,12.04,0,8.9,5.7,7.1,8.1,7.9,8,1,.7,150,43,5.3,0,2,1.4,.44,-4.3
2018,17,32,15.5,-3.4,5.7,78.4,18.3,44.1,.62,13.25,0,8.9,5.1,6.9,8.1,7.8,8,1,.2,116,70,4.7,.4,2.3,1.6,.37,-6.8
2018,18,32,16.5,-3.9,4.9,86.3,16.6,52.4,.56,13.15,0,9,4.9,6.8,8,7.7,7.9,.7,.3,205,60,4.4,.7,2.2,1.4,.4,-5.6
2018,19,32,15.5,-3.7,5,85.4,20.4,50.8,.57,13.48,0,8.8,4.8,6.7,7.9,7.6,7.8,.9,.5,171,50,5.4,.4,2.4,1.5,.39,-6
2018,20,32,9.1,-1.7,3.1,100,34.7,72.2,.24,2.53,5.84,6.7,5.3,6,7.9,7.6,7.7,2,1.2,197,50,8.6,0,.2,1,.54,-2
2018,21,32,4,-5.6,-1,100,36.1,78.8,.14,14.15,5.08,5.3,3.8,4.7,7.6,6.9,7.3,1.6,1.4,280,31,6.3,0,1.5,1,.44,-4.7
2018,22,32,10.2,-8.1,-.7,96.5,22,66,.29,13,0,5.4,2.8,3.8,6.9,6.3,6.5,.6,.2,138,68,4.5,0,1.6,1.1,.34,-7.7
2018,23,32,11.5,-6.8,2.1,88.3,12.5,45.3,.51,14.36,0,5.2,2.4,3.6,6.3,5.8,6.1,1.2,1,72,37,6.9,0,2.5,1.6,.27,-10.9
2018,24,32,14.9,-6.2,2.7,83.6,11.5,48.1,.56,14.61,0,5.6,2.3,3.7,6,5.6,5.8,.9,.4,127,60,4.9,.3,2.6,1.6,.29,-10
2018,25,32,13.7,-5.3,4.8,81.1,13.3,38.6,.69,14.45,0,5.5,2.5,3.9,5.9,5.5,5.7,1.7,1.2,182,44,6.9,.1,2.9,2.1,.27,-11.1
2018,26,32,13.4,-4.1,4.8,77.3,15.6,36.6,.62,13.96,0,6.5,2.9,4.5,6,5.7,5.8,.9,.2,90,73,4.8,.1,2.4,1.6,.29,-10
2018,27,32,15.4,-6.1,4.4,70.5,7.3,34.2,.7,14.86,0,6.4,2.8,4.4,6,5.7,5.9,.8,.3,135,64,4.7,.4,2.7,1.6,.23,-12.8
2018,28,32,17.6,-3.9,6.5,64.8,11.2,33.9,.82,14.96,0,6.8,3.1,4.8,6.1,5.8,5.9,1.3,1,63,39,7.8,1,3.2,2.2,.28,-10.4
2018,29,32,18.6,-2.1,8,71.2,10.8,35.7,.86,15.12,0,7.4,3.7,5.5,6.4,6,6.1,1.4,1,114,45,7,1.3,3.3,2.3,.32,-8.5
2018,30,32,18.8,-2.7,6.4,75.7,11.9,42.2,.75,14.87,0,7.7,3.7,5.6,6.5,6.2,6.4,.8,.4,150,61,5.1,1.4,2.8,1.8,.34,-7.8
2018,31,32,19,-3,6.8,76.2,11.5,43,.78,15.25,0,8.1,3.9,5.9,6.7,6.4,6.6,.9,.5,220,52,5.2,1.4,2.9,1.9,.35,-7.3
2018,32,32,19.7,-2.5,7.5,73.9,11.5,42.4,.82,15.32,0,8.6,4.3,6.3,7,6.6,6.8,.7,.4,223,53,4.8,1.7,3,1.8,.37,-6.9
2018,33,32,19.5,-2.1,7.6,74.5,11.5,41.5,.83,15.04,0,8.8,4.7,6.7,7.2,6.9,7,.8,.5,230,52,4.6,1.6,3,1.9,.36,-7.1
2018,34,32,18.5,-1.9,7.7,74.4,17,43.1,.77,15.86,0,9.1,5,7,7.4,7.1,7.2,1.2,.9,271,43,7.2,1.3,3.2,2.2,.41,-5.6
2018,35,32,19.8,-1.6,8.3,78.7,13.7,45.2,.82,16.09,0,9.6,5.3,7.4,7.7,7.3,7.5,1,.6,270,51,5.7,1.8,3.3,2.2,.42,-5
2018,36,32,19.1,-1,8,77.6,16.1,46.2,.78,16.23,0,9.6,5.6,7.6,7.8,7.5,7.7,1.1,.6,238,52,6.9,1.6,3.3,2.2,.42,-5
2018,37,32,17.4,-2.1,8.2,82.7,13.8,42.2,.8,15.92,0,9.6,5.7,7.6,7.9,7.7,7.8,1.5,.5,271,66,8.5,1,3.4,2.4,.4,-6
2018,38,32,18.6,-3.6,7.2,79.3,11.9,37.5,.8,17.07,0,10.2,5.7,7.7,8.1,7.8,7.9,.8,.3,168,65,6.1,1.3,3.2,2,.32,-8.5
2018,39,32,20,-2.9,7.8,66,10.1,33.7,.92,17.16,0,10.8,4.9,7.7,8.1,7.8,8,.9,.5,181,55,5.4,1.8,3.5,2.2,.3,-9.3
2018,40,32,20.2,-1.6,8.6,65.5,11.6,35.4,.94,17.28,0,11.3,5.3,8.1,8.3,7.9,8.1,.9,.5,219,51,5.4,1.9,3.6,2.2,.33,-8.1
2018,41,32,16.2,-1.1,8,65.1,16.6,36,.8,14.67,0,10.5,5.9,8.2,8.4,8.1,8.3,1.5,.9,217,53,8.4,.7,3.1,2.4,.35,-7.4
2018,42,32,14.3,.3,6.7,62.3,8.9,25.7,.78,17.83,0,10.8,6,8.2,8.5,8.2,8.4,1.6,.8,109,59,6.2,.2,3.5,2.5,.24,-12.7
2018,43,32,9.2,2.2,6.8,94.5,32,69.7,.3,1.56,2.29,8,7.2,7.4,8.5,8.3,8.4,2.7,2.3,172,32,8.1,0,.2,.9,.69,1.3
2018,44,32,12.1,2.1,6.8,99,48.7,83.7,.19,10.87,4.06,10,6.9,8.1,8.3,8.1,8.2,1.4,1.1,158,38,6.6,0,1.3,1.4,.81,3.9
2018,45,32,11.1,-.1,4.5,99.6,46.9,89.5,.12,4.66,11.94,7.6,5.4,6.8,8.4,7.9,8.1,.8,.5,139,51,6.2,0,.1,.9,.75,2.7
2018,46,32,11.6,.8,6.1,99.9,53.3,86.2,.16,11.44,1.27,10.7,6.5,8.1,8.2,7.8,7.9,.8,.3,244,66,5,0,1.2,1.3,.8,3.6
2018,47,32,12.2,-.5,5.6,99.9,42.4,75.7,.27,9.52,0,9.4,5.1,7.2,8.3,7.8,8,.7,.2,169,69,5.6,0,1.1,1.3,.68,1.2
2018,48,32,15.4,-1.4,6.4,99.9,24.1,74.1,.37,15.84,0,10.6,4.7,7.6,8.1,7.7,7.9,.7,.3,204,59,4.8,.5,2.4,1.8,.67,1.1
2018,49,32,12.9,.9,7.4,98.6,36.6,72.4,.34,11.41,0,9.8,5.8,7.8,8.2,7.9,8.1,2.3,2,207,33,8.1,0,1.9,1.8,.72,2.2
2018,50,32,8.8,-1.3,5.3,97.9,23.4,67.2,.27,7.48,5.08,8.3,5.1,7.4,8.3,8.1,8.2,4.5,3.6,230,35,16.5,0,1.2,1.4,.63,-.8
2018,51,32,5.6,-6.8,-.8,87.5,21.1,54.7,.31,19,0,7.5,3.5,5.2,8.1,7.2,7.6,1,.7,278,43,6.9,0,2.5,1.6,.29,-10
2018,52,32,7.3,-8.1,.2,91.8,27.3,57.2,.33,17.49,0,6.5,2.8,4.5,7.3,6.7,7,1.4,1,191,42,7.7,0,2.5,1.7,.33,-8.4
2018,53,32,6.1,-4.4,.8,80.8,18.5,47.8,.38,19.44,0,6.9,3.2,4.8,6.8,6.5,6.6,1.7,1.3,220,39,8.1,0,3,2,.29,-10.1
2018,54,32,4.1,-6.8,-1.5,99.8,41.6,77.3,.15,6.76,0,4.3,2.7,3.6,6.6,6,6.3,1.8,1.2,216,45,9.6,0,.5,1,.41,-5.4
2018,55,32,7.3,-9.4,-1.1,97.7,18.1,61.1,.3,19.73,0,6.6,2,3.9,6,5.5,5.8,1,.6,259,49,6.6,0,2.7,1.7,.31,-9.2
2018,56,32,10.5,-8.4,.4,88.7,14.8,49.9,.43,20.33,0,6.8,2,4.1,5.8,5.5,5.7,.9,.4,232,61,8.3,0,3.1,2,.26,-11.1
2018,57,32,13,-7.6,2.7,81.4,11.1,42.2,.58,20.41,0,7.2,2.1,4.4,5.8,5.5,5.7,1.5,1,180,44,8.1,0,3.8,2.5,.25,-11.7
2018,58,32,12.1,-6.7,3.3,99.1,12.4,49.4,.5,20.35,2.03,7.2,2.4,4.8,6,5.6,5.8,2.4,1.9,198,37,10.2,0,3.9,2.7,.34,-8.8
2018,59,32,5.1,-1.7,1.5,100,62.7,89.5,.08,13.02,3.05,7.1,4.1,5.5,6.2,6,6.1,1.9,1.2,262,49,6.8,0,1.2,1.2,.6,-.2
2018,60,32,11.9,-5,3.1,98.3,21,66.9,.37,20.65,.25,8.2,3,5.4,6.2,5.9,6.1,1.1,.7,171,50,6.7,0,3.3,2.2,.46,-3.9
2018,61,32,15.7,-3.8,5.3,94.7,14.9,53.3,.6,21.03,0,8.8,3.3,5.9,6.5,6.1,6.2,1.3,.9,178,47,7.6,.5,4,2.7,.39,-6
2018,62,32,15.8,-4.2,6.6,83.4,17.1,43.9,.72,21.13,0,9.1,3.5,6.2,6.7,6.3,6.5,1.8,1.4,197,38,8.8,.5,4.4,3,.36,-7.1
2018,63,32,10.1,-1.7,5,84,28.7,53.2,.44,14.53,0,8.3,4.9,6.5,7,6.7,6.8,2.1,1.5,221,44,10.1,0,2.4,2.1,.46,-4.1
2018,64,32,14.9,-1.2,6,40.4,6.4,17.3,.84,20.69,0,9.4,3.7,6.3,7,6.6,6.8,1.2,.7,62,51,5.5,.3,3.9,2.8,.15,-18.3
2018,65,32,19,-3.4,7.4,47.4,4.8,20.2,.98,21.1,0,10.5,4.1,7,7.2,6.8,7,.9,.5,107,54,6.1,1.5,4.2,2.8,.17,-16.7
2018,66,32,17.2,-3.1,7.7,53,9.1,29.2,.9,14.38,0,9.6,4.5,7.2,7.4,7.1,7.3,.7,.3,154,64,4.9,.9,2.8,2.2,.27,-11.3
2018,67,32,19.8,1.3,9.9,62.1,7.3,33.6,.99,19.04,0,11.9,6.3,8.9,8.1,7.4,7.6,.9,.5,261,55,6.1,1.9,3.9,2.8,.34,-8
2018,68,32,19.5,-2.3,8.7,65.3,9.6,34.3,.95,21.39,0,12.4,6,9.1,8.4,7.9,8.1,1.2,.7,255,50,7.3,1.7,4.5,3.1,.32,-8.8
2018,69,32,15.8,1.9,8.4,99.4,25.4,59.3,.5,7.63,1.52,10.2,7.4,9,8.6,8.4,8.5,1,.5,237,58,7,.6,1,1.7,.64,0
2018,70,32,13.3,6.8,9.2,99.9,66.6,92.6,.1,7.47,12.95,11.6,8.6,9.8,8.9,8.6,8.7,.6,.2,233,68,4.3,.1,.5,1.3,1.07,7.9
2018,71,32,18.6,2.6,10.1,99.9,37.3,74.5,.43,19.39,.25,13.3,7.4,10.3,9.3,8.8,9,1,.6,147,47,6,1.5,3.2,2.7,.87,5
2018,72,32,19.3,2.2,10.4,98.8,30.9,64.7,.6,19.06,0,13.4,7.5,10.4,9.6,9.2,9.4,1.1,.6,168,52,6.3,1.8,3.5,2.8,.75,2.8
2018,73,32,19,2,11.7,96,29.6,57,.74,18.01,0,13.4,7.7,10.6,9.8,9.4,9.6,2.3,1.8,205,38,9.1,1.6,3.9,3.2,.72,2.2
2018,74,32,11.7,1.4,7.2,94.5,45.2,64.9,.37,9.73,1.27,10.7,7.9,9.6,9.9,9.7,9.8,2.6,2.2,210,32,10.7,0,1.4,1.9,.65,.9
2018,75,32,14.1,-2.2,6.4,98.1,21.1,60.3,.49,17.9,0,11.6,5.7,8.4,9.7,8.9,9.3,1.5,1,200,44,6.9,.2,3,2.5,.52,-2.3
2018,76,32,12.9,-1.8,6.7,96.8,26.8,56,.51,22.21,0,12.2,6,9.1,9.2,8.8,9.1,2.1,1.6,200,36,9,0,4,2.8,.51,-2.5
2018,77,32,9.9,-.6,5.4,86.6,25.8,53,.45,20.65,1.02,11.6,7.3,9.2,9.3,9,9.2,2.8,2.3,246,33,8.1,0,3.5,2.7,.46,-4.1
2018,78,32,14.1,-1.4,6.2,76,11.7,32.5,.73,24.2,0,13,5.7,9.1,9.3,8.8,9,1.3,.6,277,60,7.6,.2,4.5,3.2,.27,-10.8
2018,79,32,18.2,-3.5,8,68.1,10,35,.88,24.23,0,13.9,5.9,9.8,9.4,8.9,9.1,1,.5,244,56,6.7,1.2,4.8,3.2,.31,-8.9
2018,80,32,20.2,.2,10.4,67.2,13,37,.98,21.71,0,14.6,7.5,11,9.9,9.4,9.5,.9,.4,233,57,6.6,2,4.3,3.2,.4,-5.7
2018,81,32,22,2.9,13.5,70.8,20,40.5,1.08,17.85,0,14.7,8.9,11.8,10.4,9.9,10.1,1.5,.9,224,50,8,2.9,4,3.5,.58,-.7
2018,82,32,18.9,4.3,13.8,76.5,6.3,36.9,1.06,19.91,0,15.5,11.2,12.9,11.1,10.4,10.7,2.1,1.4,248,46,11,1.8,4.8,3.7,.55,-2.4
2018,83,32,17.8,.8,10,66.8,17.7,39.6,.86,17.61,0,13.9,9.3,11.8,11.2,10.8,11,2.2,1.7,194,35,9.2,1.2,3.9,3.5,.46,-4.1
2018,84,32,15.5,-1.4,7.6,82.7,17.3,42.8,.71,19.66,0,14,8.5,11.3,11.1,10.7,10.9,1.6,1.2,222,42,8.6,.5,3.9,3.1,.4,-5.8
2018,85,32,13.4,-2.7,6.1,70.6,20.5,40.8,.65,19.32,0,13.2,8,10.7,11,10.5,10.7,1.5,1,230,46,8.9,.1,3.6,2.8,.35,-7.3
2018,86,32,13.9,.7,7.4,69,18.4,40.2,.68,16.07,0,12.9,8.5,10.4,10.7,10.3,10.5,1.5,.2,295,74,7.5,.2,2.9,2.8,.39,-6.2
2018,87,32,17.6,-3.7,7.9,77,12.9,37,.85,25.53,0,14.9,7.3,11,10.6,10.1,10.4,1.6,1.3,265,39,7.2,1,5.3,3.7,.33,-8.3
2018,88,32,20.8,-1.1,10.7,68.7,13.7,34.6,1.04,25.48,0,16.1,8.4,12.1,11,10.4,10.6,1.5,1.1,257,45,9.9,2.2,5.6,4,.39,-6.1
2018,89,32,23.1,1.2,12.4,67.7,10.8,33.6,1.18,25.65,0,17.3,9.5,13.2,11.6,10.9,11.1,1.2,.5,230,61,7.9,3.2,5.7,4.1,.41,-5.4
2018,90,32,23.9,2.4,13.8,63,9.4,30.3,1.34,24.14,0,18,10.4,14,12.1,11.5,11.7,1.2,.5,242,59,8.1,3.6,5.5,4.1,.4,-5.9
2018,91,32,22.8,6.3,13.4,51.3,10.4,30.2,1.23,20.48,0,17.7,11.8,14.3,12.5,12.1,12.2,1.2,.7,209,49,8.1,3.6,4.7,3.8,.42,-5.3
2018,92,32,21,2.9,12.7,56,7.9,25.9,1.26,24.05,0,17.9,11.1,14.2,12.7,12.3,12.5,1.5,1.1,222,44,8.7,2.5,5.6,4.2,.32,-8.7
2018,93,32,22.9,2.1,12.7,53.4,14.6,31,1.19,25.16,0,18.6,11.1,14.7,13,12.5,12.7,1.2,.7,250,54,7.4,3.2,5.6,4.2,.42,-5.1
2018,94,32,21.9,2.9,13.2,70.3,16.3,37.6,1.15,22.43,0,18.2,11.7,14.9,13.3,12.8,13,1.3,.9,248,48,8.4,2.8,5,3.9,.5,-2.6
2018,95,32,24.3,3.7,14,70.7,14.2,37.3,1.23,21.64,0,18.2,11.6,14.7,13.4,13,13.2,1.3,.8,262,51,8.3,3.9,4.9,4.1,.51,-2.4
2018,96,32,22.8,6.9,15.4,64.9,15.6,33.8,1.31,22.92,0,18.4,12.2,15.1,13.6,13.2,13.4,1.8,1.3,252,42,8.3,3.6,5.6,4.5,.54,-1.8
2018,97,32,24.8,8.7,18.1,66,25.7,39.4,1.36,25.34,0,19.8,13.1,16.3,14.1,13.6,13.7,2,1.6,238,37,8.1,4.9,6.1,4.9,.8,3.6
2018,98,32,24.5,8.8,18.2,79.7,15.6,45.5,1.23,26.11,0,20.6,15.1,17.4,14.8,14.1,14.4,2.2,1.7,250,39,7.9,4.7,6.2,5,.91,4.8
2018,99,32,26.5,3.9,15.7,77.5,6.1,25.7,1.64,27.22,0,20.4,12.3,16.3,14.9,14.4,14.7,.9,.4,41,59,5.1,4.9,6.3,4.5,.35,-8
2018,100,32,27.3,4.1,16.6,67.3,5.9,21,1.78,26.48,0,20.7,12.9,16.6,15,14.6,14.8,1.2,.6,203,56,6.9,5.3,6.4,4.8,.33,-8.5
2018,101,32,26.2,4.3,16.7,65.6,7.4,22,1.73,25.8,0,19.5,12.6,16.1,15.1,14.7,14.9,1.8,1.2,237,47,9.3,4.8,6.6,5.3,.35,-7.6
2018,102,32,19.9,9.3,15.9,29.1,5.7,17,1.52,24.33,0,18.3,13.7,15.7,15.1,14.8,14.9,4.9,3.9,228,37,15.7,2.7,7.6,6.6,.31,-9.4
2018,103,32,14.3,2.8,9,29.8,7.4,14.6,1.01,28.25,.25,16.4,10.1,13.3,15,14,14.4,3.4,2.7,304,36,11.5,.3,6.5,5.1,.16,-17
2018,104,32,21.2,.8,11.2,50.4,5.5,17.8,1.23,28.4,0,17.7,9,13.1,14.1,13.3,13.6,1.4,.9,30,48,7.1,2.4,6.1,4.7,.21,-14.1
2018,105,32,23.5,.4,12.6,68,5.1,21.9,1.38,25.11,0,18,9.8,13.8,13.8,13.3,13.6,1.2,.7,202,52,8,3.3,5.8,4.4,.26,-11.5
2018,106,32,20.4,3.9,13.9,64.2,5.7,19.8,1.41,15.19,0,14.4,10.8,13,13.9,13.4,13.6,1.8,1.4,193,39,8.4,2.3,3.9,3.9,.26,-11.3
2018,107,32,16.9,2.8,11.9,72,6,21.9,1.14,28.53,1.02,18,11.2,14.1,13.7,13.2,13.4,2.6,1.8,205,46,9.1,1,6.4,4.9,.28,-10.9
2018,108,32,21,.6,11,61.4,5.2,19.1,1.23,28.71,0,18,9.5,13.6,13.8,13.2,13.5,1.5,1,162,49,8.8,2.3,6.4,4.7,.21,-13.8
2018,109,32,19.9,-.1,10.8,66.6,6.6,26.3,1.1,21.58,0,14.9,9.8,12.7,13.7,13.2,13.4,2.8,2.2,197,37,12,1.9,5.5,4.9,.3,-9.7
2018,110,32,12.9,-.9,7,96.1,30.1,54.5,.5,16.47,.51,13.9,9.5,11.8,13.4,12.8,13.1,1.7,1.1,245,48,8.8,0,2.8,2.6,.53,-2.1
2018,111,32,24.1,-.4,12.8,96.4,12.9,45.2,1.14,28.34,.76,18.2,8.5,13.1,13,12.3,12.6,1.1,.5,304,63,8.7,3.4,6.1,4.6,.53,-1.9
2018,112,32,25.4,4.2,15.2,79.6,10.4,31.5,1.46,25.05,.76,18.5,10.7,14.5,13.6,13,13.2,1.2,.7,217,53,7.3,4.5,5.8,4.6,.45,-4.1
2018,113,32,26.3,3.8,16,81.2,8.1,28.6,1.59,28.91,1.02,19.8,11.1,15.4,14.2,13.5,13.7,1.2,.8,259,50,7.2,4.8,6.9,5.1,.43,-4.8
2018,114,32,26.7,5.2,17.4,61.5,7.9,25.2,1.75,28.92,.51,20.6,12.4,16.3,14.7,14.1,14.3,1.4,1,257,46,7.4,5.2,7.1,5.4,.43,-4.8
2018,115,32,28.1,7.3,19,64.2,7.8,23.2,1.92,28.9,.25,21.1,13,16.9,15.2,14.6,14.8,1.4,.5,262,66,8.1,6.2,7.2,5.5,.44,-4.5
2018,116,32,27.8,7.6,18.4,73.4,9.8,28.9,1.76,25.29,0,20.8,13.6,17.1,15.6,15.1,15.3,1.3,.9,260,46,8.2,6,6.2,5.1,.53,-2.1
2018,117,32,26.9,9.2,18,77,12.5,32.5,1.61,22.53,0,19.9,14,16.8,15.7,15.4,15.6,1.3,.8,187,48,7.8,6,5.3,4.7,.59,-.7
2018,118,32,25.6,8.4,18.7,65.1,11.5,29.1,1.71,28.55,0,20.9,13.9,17.3,16,15.5,15.7,2,1.4,226,42,10.2,5.2,7.3,5.7,.57,-1
2018,119,32,22.6,4.5,16.1,60.5,10.6,23.6,1.54,29.43,0,19.8,13.2,16.6,16.1,15.6,15.9,3.3,2.8,224,34,11.2,3.2,8,6.3,.4,-5.9
2018,120,32,19.3,9.2,15.1,57.7,12.8,27.6,1.28,25.81,0,18.7,13.4,16,16,15.5,15.8,3,2.5,213,33,8.8,2.4,6.4,5.4,.46,-4
2018,121,32,16.3,4.5,11.5,83.4,23.3,42.1,.83,21.71,0,18.1,13.2,15.4,15.8,15.3,15.6,3.3,2.8,203,31,14.3,.9,4.9,4.2,.55,-1.5
2018,122,32,12.2,2,7.2,93.7,34.6,71.4,.32,16.93,0,15.6,12.7,14,15.5,14.8,15.1,1.9,1.1,209,54,8.8,0,2.5,2.5,.71,1.9
2018,123,32,19.2,-.5,10.4,98.1,22.6,54.2,.76,27.44,0,17.8,10,13.8,14.9,14.1,14.4,1.4,1,283,41,7.8,1.6,5.3,4.1,.61,-.1
2018,124,32,26.3,3.2,16.1,83,10.6,35,1.5,29.91,0,20.3,11.4,15.6,15,14.2,14.5,.8,.3,78,67,7.1,4.8,6.6,4.9,.52,-2.5
2018,125,32,28.1,5.9,17.9,64.2,7.1,26.1,1.83,30.26,0,21,12.7,16.6,15.6,14.9,15.1,1.3,.7,171,54,6.9,5.9,7.4,5.6,.44,-4.6
2018,126,32,29.9,8.2,19.7,70.9,7.9,26.2,2.04,24.06,0,20.4,13.8,17,16,15.5,15.7,1.1,.4,190,63,6.5,7.2,6,5,.5,-3
2018,127,32,28.7,10.1,20,75,7,27.4,1.96,24.04,0,21.1,14.8,17.7,16.4,15.9,16.1,1.4,1,206,42,8.4,7.1,6.1,5.3,.56,-1.4
2018,128,32,30.7,7.2,20.6,58,3.8,22.5,2.27,30.68,0,23.1,14.4,18.4,16.9,16.2,16.4,1.4,.9,253,48,10.6,7.3,8,6.1,.44,-4.4
2018,129,32,30.1,8.6,20.9,65.8,6.3,22.3,2.25,30.26,0,22.8,15.3,18.9,17.3,16.8,17,1.6,1.2,256,41,8.6,7.4,8,6.3,.46,-3.8
2018,130,32,29.2,8.6,21.4,64.4,7.4,23.2,2.26,30.07,0,22.4,15.4,18.9,17.6,17.1,17.3,2.4,2,229,34,9.6,7,8.4,6.9,.5,-2.7
2018,131,32,26.1,10.5,20.6,46.1,10.2,22.1,1.98,30.09,0,22.8,16.6,19.5,17.9,17.5,17.6,4,3.5,213,28,13.9,6,9.2,7.6,.51,-2.4
2018,132,32,22.6,11.3,17.7,53.9,15.2,29.1,1.48,30.16,0,23.1,17.3,19.7,18,17.7,17.9,3.4,2.9,196,31,9.9,4.4,7.8,6.6,.57,-1
2018,133,32,22.2,5,15.1,66.9,11.9,29.3,1.32,31.03,0,22.4,15.8,18.8,18.1,17.6,17.9,2,1.4,183,42,9.1,3.2,7.2,5.6,.47,-3.7
2018,134,32,24.2,4.3,15.5,74.3,10.3,31.4,1.42,30.93,0,21.7,14.8,18.1,18,17.4,17.7,1.7,1.1,202,47,9.4,3.9,7.3,5.6,.48,-3.5
2018,135,32,26.3,5.2,16.6,72.2,8.6,30.2,1.56,31.01,0,23.2,15.1,18.8,17.9,17.4,17.6,1.3,.8,218,50,7.8,5,7.3,5.6,.49,-3.2
2018,136,32,27.2,5.7,17.7,62.6,6.8,25,1.81,31.27,0,22.4,15,18.5,18,17.5,17.8,1.4,.9,222,46,7.5,5.4,7.7,5.8,.42,-5.2
2018,137,32,26.1,6.1,17.9,68.7,7.7,23.2,1.81,31.23,0,22,14.9,18.3,18.1,17.6,17.9,2,1.4,223,45,10.5,5.1,8.1,6.2,.41,-5.6
2018,138,32,24.5,5.2,16,69.8,8.5,25.1,1.55,31.06,0,22.3,14.7,18.2,18.1,17.6,17.8,1.3,.9,272,46,6.9,4.2,7.2,5.5,.4,-5.7
2018,139,32,27.1,5.8,17,72.8,7.2,25.4,1.71,30.34,0,22.4,14.5,18.2,18.1,17.5,17.8,1.4,1,217,44,9,5.4,7.4,5.7,.41,-5.3
2018,140,32,26.2,5.8,16.9,72.6,7.5,25.9,1.67,30.65,0,22.1,14.6,18.1,18.1,17.6,17.9,1.6,1.2,196,44,8.5,5.1,7.5,5.9,.43,-4.8
2018,141,32,25,6.1,17.5,71.9,9.5,26.3,1.67,27.34,0,21.2,14.8,17.9,18.1,17.6,17.9,2,1.6,207,39,11,4.6,7,5.7,.47,-3.7
2018,142,32,23.6,9.9,17.5,69.7,11.6,25.4,1.59,31.11,0,22.7,15.6,18.8,18.1,17.6,17.9,2,1.5,196,41,11.3,4.5,7.7,6.1,.47,-3.6
2018,143,32,25.7,6.3,17,66.3,10.4,28.7,1.58,31.31,0,22.8,15.1,18.6,18.2,17.7,18,1.5,1,202,46,8.5,4.9,7.4,5.7,.5,-2.9
2018,144,32,27.9,6.7,18.3,77.2,10.6,28.9,1.78,31.44,0,23.1,15.1,18.8,18.3,17.9,18.1,1.4,.9,196,49,7.7,5.9,7.7,5.9,.53,-2
2018,145,32,27.9,7,18.7,76,6.5,27.4,1.87,31.99,0,23,15.4,19,18.5,18,18.3,1.6,1.1,191,45,9.2,6.1,8.1,6.3,.48,-3.4
2018,146,32,24.1,6.8,16.6,76.3,8.1,29.2,1.54,29.49,0,21.8,15.3,18.4,18.6,18.1,18.4,2.1,1.6,198,38,9.9,4.3,7.5,5.9,.47,-3.7
2018,147,32,24.9,5,15.8,75.9,13.3,33.4,1.39,31.54,0,22.5,14.5,18.2,18.4,17.8,18.1,1.2,.7,228,52,7.8,4.3,7.1,5.5,.54,-1.8
2018,148,32,27,6.6,18.5,67.9,10.8,30.4,1.74,31.41,0,23.2,14.8,18.7,18.4,17.9,18.2,1.4,1,274,42,7.9,5.5,7.6,5.9,.57,-.9
2018,149,32,29.1,9.4,21,70.3,12.2,29.4,1.99,31.51,0,25.1,16.3,20.3,19,18.3,18.5,1.3,.9,269,44,8.3,7.1,7.8,6.1,.67,1.1
2018,150,32,28.5,12.1,21.3,66.6,8.5,25.3,2.08,31.6,0,24.6,17.8,20.9,19.5,18.9,19.1,1.6,1.1,205,43,8.4,7.6,8.1,6.4,.57,-1.2
2018,151,32,27.8,7.6,20,70.7,5.7,22.8,2.08,32.39,0,23.5,16.5,19.8,19.6,19,19.3,2.1,1.6,195,39,10.7,6,8.6,6.8,.44,-4.9
2018,152,32,29.4,8.6,20.2,70.2,7.9,26.6,2.02,31.74,0,24.7,16.4,20.2,19.5,19,19.3,1.2,.6,233,59,7.1,7,7.7,6,.54,-1.7
2018,153,32,31.3,8.2,21.2,71.9,4,22,2.37,32.13,0,24.7,16.6,20.4,19.7,19.2,19.5,1.4,.9,196,49,8.3,7.7,8.4,6.4,.43,-5
2018,154,32,33.1,7.8,22.4,69.3,4,19.8,2.59,32.26,0,25.6,17,21,20,19.4,19.7,1.1,.7,266,52,6.8,8.1,8.3,6.3,.43,-4.9
2018,155,32,32.5,10.3,22.8,64.3,4,19.2,2.61,32.26,0,25.7,17.5,21.3,20.3,19.7,20,1.5,1,214,45,8,8.7,8.7,6.8,.43,-4.9
2018,156,32,30.5,11.2,21.8,69.2,10,23.6,2.22,30.53,0,26.3,18.4,22,20.6,20.1,20.3,1.5,1,204,47,8.4,8.3,7.9,6.4,.58,-1.2
2018,157,32,30.1,12.1,21.3,64.2,3.9,23.9,2.21,26.91,0,24.8,18.6,21.5,20.8,20.3,20.5,1.5,1,198,46,8.1,8.3,7.1,6,.5,-3.4
2018,158,32,30.1,8.4,21,65.2,4.8,19.2,2.33,32.23,0,25,17.4,20.9,20.7,20.1,20.4,1.8,1.1,210,50,9.1,7.4,8.7,6.9,.39,-6.1
2018,159,32,31.6,8.6,22.4,67.5,7.8,22,2.47,31.71,0,25.3,17.5,21.2,20.6,20.1,20.4,1.7,1.1,216,47,10,8,8.7,6.9,.51,-2.6
2018,160,32,31.4,11.3,23.5,64.3,6.8,20.5,2.6,31.66,0,25.5,18,21.5,20.7,20.3,20.5,2,1.4,222,42,9.8,8.6,8.9,7.1,.51,-2.5
2018,161,32,30.1,10.5,22,66,6,20.1,2.36,32.18,0,25.5,18.1,21.6,20.9,20.4,20.7,1.9,1.5,227,38,9.6,7.8,8.8,7,.47,-3.7
2018,162,32,32,9.7,22.2,70.4,6.5,22.3,2.45,32.21,0,26.2,17.8,21.6,21,20.5,20.7,1.1,.6,250,58,7.5,8.3,8.2,6.3,.49,-3.1
2018,163,32,33.7,10.9,23.9,68.8,4.6,19.4,2.77,32.11,0,27.8,18.7,22.8,21.4,20.7,21,1.2,.8,245,50,8.4,9.1,8.6,6.6,.49,-3.3
2018,164,32,32.2,14.5,24.2,56,7.5,23.5,2.53,19.04,0,24.6,19.9,22.2,21.6,21.2,21.4,1.1,.6,262,55,6.9,10.3,4.9,4.8,.68,1.1
2018,165,32,33.1,17.6,26.5,52,12.7,24.5,2.83,30.76,0,28.3,20.1,23.7,21.8,21.2,21.4,1.9,1.4,248,42,9,12,8.7,7.3,.79,3.6
2018,166,32,27.7,15.3,22.3,65.4,20.2,37.8,1.76,16.89,0,24.1,20.8,22.7,22,21.7,21.9,1.7,1.2,264,47,7.7,8.7,4.4,4.7,.99,6.7
2018,167,32,20,15.9,16.9,96.8,59.2,83.7,.32,10.99,0,22.3,20.2,21.4,21.8,21.3,21.6,1.3,.8,219,48,6.5,5.2,1.5,2.4,1.61,14.1
2018,168,32,25.4,13.4,20,98.3,21.6,53.8,1.24,28.94,0,24.9,18.9,21.4,21.3,20.7,20.9,2.1,1.7,189,36,9.6,6.6,6.8,5.8,1.15,8.3
2018,169,32,28.6,8.6,20,63.2,11.7,30.7,1.86,31.86,0,26.6,18.3,22,21.2,20.7,20.9,1.6,1.1,206,44,8.3,6.6,8,6.3,.65,.8
2018,170,32,30.7,8.4,21,75.9,7.1,28.5,2.15,32.37,0,26.4,18.2,22,21.4,20.9,21.2,1.3,.9,268,47,8.2,7.5,8.2,6.4,.58,-.9
2018,171,32,34.7,10,23.9,59.5,6.3,24.6,2.68,32.26,0,26.9,18.1,22.2,21.5,21,21.3,1.4,1.1,270,41,7.4,9.1,8.7,6.9,.6,-.3
2018,172,32,34.9,11.8,25.2,70.4,7.2,23.6,2.89,32.15,0,27.6,18.9,22.9,21.9,21.3,21.5,1.4,1,268,41,7.7,9.7,8.8,6.9,.63,.4
2018,173,32,34,12.2,25.1,70.5,7.2,23.1,2.85,32.29,0,27.7,19.4,23.3,22.2,21.6,21.9,1.5,1.2,267,40,9.1,9.7,8.9,7.1,.61,-.2
2018,174,32,31.6,12.2,24.4,64.1,10,25.5,2.54,31.88,0,27.5,19.6,23.3,22.4,21.9,22.1,1.9,1.5,261,36,9.5,9,8.9,7.1,.72,2.1
2018,175,32,30.3,13.2,23.4,74.4,10.7,32.1,2.2,31.88,0,27.2,20.1,23.4,22.5,22.1,22.3,1.7,1.3,266,39,8.6,8.9,8.4,6.7,.81,3.5
2018,176,32,32.2,12.8,23.7,80,10,29.6,2.4,31.47,0,26.9,19.6,23,22.6,22,22.3,1.5,1.2,277,35,9.3,9.4,8.3,6.7,.75,2.6
2018,177,32,33.9,13.4,24.9,64.3,6.1,22.5,2.8,31.78,0,29,19.9,24,22.7,22.1,22.4,1.3,.8,233,49,8,10.1,8.5,6.7,.6,-.5
2018,178,32,33.4,12.3,25,66.3,6.2,19.6,2.9,31.98,0,27.6,19.7,23.5,22.9,22.4,22.6,1.5,1.1,273,40,8.6,9.6,8.8,6.9,.53,-2.1
2018,179,32,31.2,13.5,24,71.8,10.7,25.4,2.46,31.37,0,27,19.9,23.2,22.9,22.4,22.7,1.8,1.4,244,39,9.1,9.5,8.6,6.9,.69,1.7
2018,180,32,29.1,15.3,23.5,66.4,14.6,29.9,2.16,30.15,0,27.1,20.1,23.2,22.9,22.4,22.6,1.9,1.3,220,43,8.2,9.4,7.9,6.6,.82,3.9
2018,181,32,29.8,11.6,22.9,74.4,9.2,25.2,2.26,31.81,0,27.3,19.7,23.1,22.9,22.3,22.6,1.4,.9,219,51,10.2,8.1,8.1,6.4,.64,.3
2018,182,32,31.7,11.1,22.5,74.7,9.8,24.1,2.36,31.41,0,26.9,19,22.6,22.9,22.2,22.6,1.3,.8,244,49,7.3,8.6,8.1,6.4,.58,-.8
2018,183,32,32.2,11.5,23.4,71.2,7.3,21.9,2.59,31.42,0,26.7,19,22.6,22.7,22.2,22.5,1.3,.8,240,50,8.1,8.9,8.3,6.4,.53,-2.2
2018,184,32,30.9,12.2,23.4,65.8,12.7,22.8,2.43,31.16,0,27.9,19.5,23.4,22.7,22.2,22.5,1.7,1.3,228,38,11,8.8,8.4,6.8,.63,.2
2018,185,32,33.8,13.7,24.3,61.2,13.6,30,2.39,23.97,0,27.1,20.1,23.5,22.9,22.5,22.7,.8,.4,267,57,5.2,10.3,5.8,5.1,.84,4.4
2018,186,32,36,15.9,26.7,78.1,12.3,30.3,2.68,29.04,0,29.2,21.2,24.9,23.3,22.7,22.9,1.4,.8,119,52,9.6,11.7,7.8,6.7,1,6.7
2018,187,32,32.8,19.1,27.3,73.8,24.1,36.7,2.4,26.03,0,28.3,22.5,25.2,23.7,23.3,23.4,1.6,.9,136,54,10.5,12.6,6.9,6.2,1.3,10.8
2018,188,32,34,18.8,26.4,73.3,19,38,2.32,24.12,0,27.8,22.1,24.6,23.8,23.5,23.6,1.4,.3,136,72,8.2,12.7,6.4,6,1.23,9.9
2018,189,32,33,19.2,24.5,90.2,22.3,49.4,1.69,22,0,27.5,22.4,24.3,23.9,23.5,23.7,1.3,.3,202,72,7.8,12.7,5.4,5.4,1.45,12.4
2018,190,32,31.5,17,22.2,91.7,23.4,64.9,1.15,19.13,0,27,21.3,23.4,23.8,23.2,23.4,.9,.3,154,66,8.7,11.3,4.3,4.4,1.62,14.1
2018,191,32,27.9,16.7,21.2,93.7,39.9,67.5,.91,18.55,0,26.2,21,23.1,23.4,22.8,23,1.2,.6,188,56,8.1,9.5,3.9,4.2,1.65,14.5
2018,192,32,27.1,17.1,20.7,93.8,43.4,76.1,.66,14.54,0,24.4,21.2,22.6,23,22.7,22.8,.8,.3,258,66,6.2,9.4,2.7,3.3,1.82,16
2018,193,32,27.8,16.4,20.5,98.5,42.1,81.5,.52,16.72,0,25.7,21.2,22.5,22.8,22.2,22.5,.8,.1,176,76,9.7,9.3,3.3,3.6,1.92,16.8
2018,194,32,29.5,15.9,21.7,99.8,35.7,75.9,.77,20.91,0,26.2,20.2,22.6,22.5,22.1,22.3,1,.6,271,49,11.6,9.9,4.5,4.4,1.89,16.5
2018,195,32,27.5,18.4,21.2,98.9,45,80.2,.54,14.96,0,25.9,21.6,22.9,22.5,22.2,22.4,.9,.5,284,54,8.2,10.1,3,3.4,1.99,17.4
2018,196,32,25.9,18.3,21.3,99,57,80,.55,15.77,0,24.5,21.5,22.9,22.5,22.2,22.3,1.2,1,275,33,7.1,9.3,2.8,3.5,2,17.5
2018,197,32,28.9,18.7,22,95.2,40.2,76.3,.71,17.26,.25,25,21.4,22.9,22.4,22.1,22.3,.8,.2,284,69,8.2,11,3.4,3.8,1.97,17.3
2018,198,32,31.5,18.4,24.2,93.8,29.7,60.2,1.4,22.33,0,25.7,21.3,23.3,22.5,22.2,22.3,.7,.3,151,61,5.5,12,4.9,4.8,1.72,15
2018,199,32,30.3,18.3,24.1,91.4,28.8,63.6,1.2,23.26,0,26.4,21.8,23.9,22.9,22.4,22.6,1.2,.9,268,42,7.2,11.5,5.3,5.1,1.87,16.4
2018,200,32,32.9,17.4,24,95.1,27.5,65.9,1.24,26.77,0,27.7,21.9,24.2,23.1,22.7,22.8,1.6,.8,281,56,10.4,11.8,6.5,6,1.85,16.2
2018,201,32,34,17.7,25,90.1,23.8,59.1,1.51,24.5,0,27.8,21.9,24.3,23.2,22.8,23,.9,.4,265,62,6.9,12.2,5.8,5.4,1.77,15.4
2018,202,32,30.9,19.6,24.8,90.1,34.6,60.2,1.39,25.72,0,28.1,22.9,25,23.5,23.1,23.2,1.4,1.1,275,37,6.7,12.3,6.1,5.7,1.81,15.8
2018,203,32,33.7,17.2,26,92,16.5,48.1,2.09,29.75,0,28.3,22.3,24.8,23.6,23.2,23.4,1.1,.9,277,35,6.6,11.9,7.4,6.3,1.42,11.9
2018,204,32,36.7,18,27.5,87.1,13.5,42.7,2.53,28.76,0,28.5,22.4,25,23.8,23.3,23.5,1,.3,274,67,7.2,12.8,7.5,6.3,1.38,11.6
2018,205,32,36.4,18.2,28.1,71.2,14.7,37.5,2.77,27.83,0,28.4,22.6,25.2,24.1,23.6,23.8,1.3,.6,231,59,7.1,12.9,7.4,6.4,1.26,10.2
2018,206,32,35.6,19.8,28,85.6,16.8,37.4,2.59,27.39,0,28.2,23.2,25.4,24.4,24,24.1,1.2,.6,272,54,9.8,13.5,7.2,6.2,1.31,10.9
2018,207,32,34.2,19.6,27.2,84.8,16.5,40.4,2.31,25.35,0,28.1,23.6,25.3,24.5,24.1,24.3,1.7,1.2,292,46,7.6,13.1,7,6.3,1.39,11.6
2018,208,32,33.6,20,25.5,79.7,20.7,48.1,1.82,24.21,0,28,23.1,25,24.5,24.2,24.4,1.3,.1,175,76,9.2,13.2,6.1,5.7,1.52,13.2
2018,209,32,32.8,17.9,23.8,98.1,29.9,56.5,1.42,20.83,0,27.7,22.5,24.3,24.5,24,24.3,1,.2,265,74,7,12.1,5,4.8,1.61,14.1
2018,210,32,32.6,18.3,25.5,87.8,22.7,54.5,1.71,26.99,0,27.1,22.1,24.3,24.3,23.7,23.9,1.4,1.1,269,41,7.5,12.2,6.8,6,1.66,14.5
2018,211,32,34.3,19,24.5,93.2,24.6,64.3,1.38,24.65,0,28.1,22.9,24.8,24.2,23.8,24,1.3,.6,254,61,8.4,12.9,6,5.7,1.83,16
2018,212,32,32.2,17,24.9,96.8,30.8,58,1.57,27.39,0,27.6,22.4,24.7,24.2,23.8,24,1,.6,211,54,5.6,11.4,6.4,5.7,1.69,14.8
2018,213,32,32.9,17.8,25.7,86.2,25.8,50.7,1.85,26.82,0,28.5,22.8,25.4,24.4,23.9,24.1,1.4,.7,309,58,8.1,12,6.8,6,1.56,13.6
2018,214,32,32.6,18.5,24.4,86.4,27.9,55.9,1.47,20.05,0,27.6,23,24.8,24.5,24.1,24.4,1,.2,250,71,10.2,12.3,4.7,4.7,1.65,14.3
2018,215,32,32.5,17.6,26,86.6,24.5,49.1,1.94,26.91,0,27.6,22.5,24.9,24.4,23.9,24.1,1.3,1,283,42,7.6,11.8,6.8,5.9,1.54,13.3
2018,216,32,33.9,18,26.6,83,23,46.3,2.15,25.8,0,29,22.8,25.6,24.6,24.1,24.3,1.1,.8,265,43,7.5,12.3,6.5,5.7,1.48,12.8
2018,217,32,33.9,17.3,26.3,73.9,17.3,41.5,2.31,27.71,0,30.2,23.1,26.3,25,24.4,24.7,1.3,.8,251,47,6.9,12,7.2,6.1,1.29,10.6
2018,218,32,36,16.6,27.3,69.5,12.7,34.5,2.8,28.25,0,31.1,23.4,26.9,25.4,24.8,25,1.1,.7,288,50,8.1,12.1,7.4,6.1,1.09,8.1
2018,219,32,35.1,17,27.3,73.7,15,37.7,2.54,26.62,0,31.3,24.1,27.4,25.7,25.2,25.4,1.6,.9,249,54,7.8,12.1,7.3,6.4,1.26,10.4
2018,220,32,32.5,20.4,24.7,81.2,26.4,57.7,1.43,24.62,0,31.4,25.1,27.6,25.9,25.5,25.7,1.9,1.3,266,46,9.6,13.2,6.3,6,1.75,15.3
2018,221,32,30.3,17.8,23.8,74.9,28.3,49.6,1.55,21.47,0,30.1,24.5,27,26,25.5,25.8,1.4,.4,231,70,8.2,11.3,5.2,5,1.44,12.3
2018,222,32,30,15.5,22.8,84.3,36.2,58.9,1.25,21.61,0,29.7,23.8,26.5,25.9,25.3,25.6,1.2,.6,253,58,7.2,10,4.8,4.6,1.6,13.9
2018,223,32,30.5,15.2,22.8,97.5,26.7,59.4,1.37,26.13,.25,29.1,23.1,25.9,25.7,25.1,25.4,1.3,.5,187,64,6.8,10,6,5.4,1.53,13.2
2018,224,32,30.5,15.9,21.8,93.8,32,65.8,1.05,19.97,0,28.5,22.8,25.2,25.4,24.9,25.1,1.2,.4,239,67,9.5,10.4,4.4,4.5,1.65,14.4
2018,225,32,28.7,14,22,97.8,38.6,62.9,1.15,25.44,0,27.5,21.1,24,25.2,24.3,24.6,1.6,1.3,270,35,8.1,8.6,6,5.1,1.59,13.9
2018,226,32,30.1,16.3,21,95,25.9,71.8,.89,20.95,0,28.3,21.7,24.1,24.5,24,24.3,1.4,.8,288,52,7.6,10.4,4.8,4.6,1.69,14.9
2018,227,32,28.7,15.9,21.5,97.3,32.8,68.3,.95,15.74,0,26.1,21.1,23.1,24.4,23.5,23.9,.5,.1,284,71,4.2,9.6,3,3.3,1.68,14.7
2018,228,32,28.1,17.8,22.2,89.6,39.4,69.2,.88,17.59,0,26.6,21.9,23.9,23.8,23.5,23.6,1,.9,280,33,5.9,10.1,3.7,3.8,1.82,16
2018,229,32,29.1,16.9,22.1,96,36.7,71.8,.87,17.48,0,26.3,21.6,23.7,23.8,23.4,23.6,1,.8,276,39,7.4,10.2,3.6,3.8,1.85,16.3
2018,230,32,30.3,16,22.7,96.4,35.7,69.1,1.01,20.69,0,28.8,21.2,24.4,23.9,23.3,23.6,1,.6,279,48,6.8,10.4,4.7,4.3,1.83,16.1
2018,231,32,33.2,15.7,25,98.3,16.7,54.8,1.79,26.17,0,30.3,21.7,25.6,24.3,23.6,23.9,1.1,.9,276,39,7.2,11.1,6.5,5.5,1.53,13.1
2018,232,32,32.1,16.2,24.9,87.8,25.7,53.7,1.7,23.47,0,29.8,22.5,26,24.6,24.1,24.3,1.2,.9,278,39,7.6,11.1,5.7,5.1,1.59,13.9
2018,233,32,28.9,15.4,21.6,98.7,31.4,68.3,.95,15.49,0,26.8,22.1,24.6,24.7,24.2,24.5,.8,.3,149,66,10.5,9.4,3.2,3.4,1.69,14.8
2018,234,32,27.9,16.7,20.9,99.3,40.7,76.7,.71,19.06,0,27,21.8,24,24.3,23.7,24,1,.2,120,70,7.7,9.5,3.8,3.9,1.82,16
2018,235,32,28.1,15.9,20.2,98.7,40.8,78.8,.63,18.48,0,26.3,21.2,23.4,24,23.4,23.7,.9,.3,265,65,7.3,9.2,3.7,3.8,1.8,15.9
2018,236,32,28.6,15.3,21.1,98.5,35.1,72.3,.82,22.74,0,26.7,20.7,23.4,23.6,23.1,23.3,1.2,.7,266,53,7.8,9.2,4.8,4.5,1.75,15.4
2018,237,32,26.7,15.9,20.1,95,35,71.1,.77,13.69,0,24.5,21,22.5,23.4,22.9,23.2,.7,.2,43,71,6.6,8.5,2.5,3,1.62,14.2
2018,238,32,28.7,13.9,21.7,96.4,37.4,65.3,1.08,21.89,0,26.9,19.7,23,23,22.5,22.8,1,.7,260,48,6.7,8.6,4.7,4.3,1.62,14.2
2018,239,32,28.5,14.5,22,96.9,19,52.2,1.5,26.6,0,28.1,20.6,24,23.3,22.8,23,1.3,1,230,43,7.6,8.7,6.4,5.2,1.25,9.8
2018,240,32,30.2,12.3,20.8,79.4,13.9,44.9,1.66,26.28,0,28.9,20,24,23.4,22.8,23.1,1,.4,233,60,6.7,8.5,6.2,5,.96,6.2
2018,241,32,30.5,11.2,21.8,77.8,19.4,44.8,1.76,26.28,0,29.3,19.9,24.4,23.5,22.9,23.2,.8,.3,262,61,6.6,8.2,6.2,4.8,1.05,7.6
2018,242,32,30.9,13.8,22.1,84.3,23.9,51.2,1.53,23.11,0,29.4,21.2,25,23.8,23.2,23.5,.8,.4,251,53,6.5,9.5,5.3,4.5,1.26,10.4
2018,243,32,30,14.2,22.6,84.6,28.4,53.1,1.5,23.88,0,29.5,21.6,25.4,24,23.4,23.7,1.1,.8,253,45,6.9,9.3,5.6,4.7,1.36,11.5
2018,244,32,28.9,16.6,22.8,83.7,20.1,48,1.61,24.55,0,29.6,22.6,25.7,24.2,23.7,23.9,1.5,.8,221,52,8,10,6.2,5.1,1.24,9.9
2018,245,32,26.9,13.9,19.2,89.1,33.9,66.7,.83,20.47,0,29.8,22.4,25.1,24.3,23.8,24.1,1.1,.3,126,68,6.7,7.7,4.4,4,1.44,12.4
2018,246,32,26.5,11.4,17.6,95.3,36,71.7,.7,20.14,0,27.9,20.1,23.2,24.2,23.3,23.7,.9,.1,259,77,7.9,6.4,4.1,3.7,1.38,11.7
2018,247,32,27.3,10.7,19.9,93.1,26.9,56.4,1.24,24.42,0,28.2,19.2,23.4,23.6,22.8,23.1,1,.6,265,53,6.6,6.6,5.4,4.4,1.21,9.7
2018,248,32,29.6,12.5,21.2,79.7,18.7,48.4,1.52,20.95,0,28,20.7,24.1,23.4,23,23.2,.9,.6,276,46,5.5,8.4,4.8,4.1,1.13,8.8
2018,249,32,30.4,13,21.7,82.1,17.5,46.7,1.62,25.65,0,29.7,20.7,24.9,23.6,23,23.3,1,.3,203,70,6.1,8.9,6.1,4.8,1.12,8.5
2018,250,32,30.9,12.7,21.8,79.3,18.9,47.4,1.62,23.28,0,30.3,21.5,25.5,24,23.4,23.6,.8,.3,284,66,5.4,8.9,5.4,4.4,1.14,8.9
2018,251,32,31.9,12.5,22.9,77.7,18,44.4,1.84,25.22,0,30.3,21.3,25.6,24.1,23.5,23.8,1.1,.7,242,51,6.7,9.2,6.2,4.9,1.13,8.8
2018,252,32,30.9,13.5,22.8,83.7,19.4,45,1.81,22.57,0,29.8,21.8,25.6,24.2,23.8,24,1.1,.8,268,45,7.8,9.4,5.6,4.6,1.14,8.8
2018,253,32,30.7,12.9,22.5,78.5,17,42.6,1.84,24.46,0,30.1,21.6,25.6,24.3,23.8,24.1,1.1,.8,258,44,7.1,9,6.1,4.8,1.05,7.6
2018,254,32,30.9,12.3,22,76.8,14.7,40.4,1.86,24.7,0,29.9,21.7,25.6,24.3,23.8,24.1,1.2,.8,239,47,7,8.8,6.2,4.9,.96,6.3
2018,255,32,29.9,10.5,20.9,70.5,11.6,37.1,1.86,24.91,0,29.5,21.3,25.2,24.4,23.8,24.1,1.5,1,221,47,9,7.7,6.5,5,.8,3.6
2018,256,32,29.9,9.1,20.5,67,12.4,33.1,1.93,24.69,0,29.4,20.5,24.8,24.2,23.6,23.9,1.1,.7,253,49,7.4,7.3,6.2,4.6,.69,1.8
2018,257,32,31.4,11.1,22.1,74.1,14.6,35.6,2.06,24.45,0,30,21,25.2,24.1,23.5,23.8,1,.5,233,59,6.7,8.6,6.2,4.5,.84,4.4
2018,258,32,32.5,12.9,22.8,75.5,16.1,36.3,2.09,21.04,0,30,21.7,25.5,24.2,23.8,24,1,.5,188,56,5.9,9.5,5.3,4.3,.9,5.5
2018,259,32,31.8,12.7,22.8,74.1,18,41.9,1.89,22.25,0,30.2,21.8,25.8,24.4,23.9,24.1,.9,.5,241,54,6.7,9.3,5.4,4.3,1.08,8
2018,260,32,32.4,14,23.4,81.9,17.8,44.8,1.9,23.14,0,30.7,22.4,26.3,24.6,24.1,24.3,.9,.6,268,49,6.3,10.1,5.7,4.4,1.16,9.1
2018,261,32,31.1,13.9,23.2,69.1,20.3,42.8,1.88,22.85,0,30.5,22.5,26.3,24.7,24.2,24.5,1.1,.8,275,42,7.9,9.6,5.7,4.5,1.12,8.6
2018,262,32,22.9,14.7,18.3,96.3,54.5,72.8,.59,6.04,0,25.7,22,23.8,24.8,24.1,24.5,.7,.3,281,58,4.6,6.1,.8,1.7,1.53,13.2
2018,263,32,28.2,11.3,19.9,99.7,23,62.2,1.14,23.28,0,27.5,20,23.5,24.1,23.3,23.6,1.3,1,273,38,7.6,7.1,5.3,4.3,1.3,10.8
2018,264,32,29.8,11.2,20.9,90,16.4,50.4,1.54,22.82,0,28.6,20.5,24.4,23.6,23.2,23.4,.8,.4,262,57,7.6,7.9,5.3,4,1.09,8.1
2018,265,32,29.3,12.7,21.4,85.1,21.8,45.9,1.62,23.01,0,29.1,21.1,24.9,23.8,23.3,23.6,1.1,.6,163,53,6.2,8.2,5.5,4.2,1.07,7.9
2018,266,32,29.5,11,20.3,82.1,15.4,42,1.65,22.8,0,28.7,21.2,24.9,23.9,23.5,23.7,1,.5,187,55,5.8,7.7,5.4,4.1,.88,4.9
2018,267,32,27.9,13.1,20.6,74.1,19.8,42.9,1.52,19.36,0,28,21.8,24.6,23.9,23.5,23.7,1.1,.6,208,52,6.4,7.8,4.6,3.8,1.02,7
2018,268,32,29.4,13.1,20.7,77.4,21.5,48,1.48,20.81,0,28.5,21.5,24.8,23.9,23.5,23.7,1.1,.8,268,43,7.9,8.5,4.9,4,1.07,8
2018,269,32,29.7,12,21.2,73.6,12.9,40.8,1.79,22.22,0,28.6,21.1,24.7,23.9,23.4,23.7,1,.6,266,51,7.2,8.2,5.4,4.1,.9,5.3
2018,270,32,30.4,10.4,20.6,66.4,16.5,38.2,1.8,22.03,0,28.2,20.9,24.4,23.9,23.4,23.6,1,.5,235,138,8.2,8,5.4,4,.82,4.1
2018,271,32,29.9,10,20.1,77.7,12.1,37.1,1.81,22.52,0,28.1,20.4,24.1,23.8,23.2,23.5,1.1,.7,266,47,6.9,7.6,5.6,4.1,.76,3
2018,272,32,28,10.4,19.8,72.5,20.8,42.2,1.55,22.1,0,27.5,20.4,23.9,23.7,23.2,23.4,1.4,1,228,47,8.6,6.7,5.5,4.2,.91,5.5
2018,273,32,28.1,11.3,20.5,79.1,26.2,49.5,1.42,16.61,0,27.1,20.6,23.8,23.5,23,23.3,1.4,.8,257,53,8.6,7.1,3.9,3.6,1.12,8.5
2018,274,32,19.3,15.1,17.1,97.7,71.4,87.2,.26,6.47,5.84,23.7,21,22.2,23.4,22.9,23.2,.7,.5,119,46,4.8,4.4,.7,1.4,1.7,14.9
2018,275,32,17.6,15.6,16.6,99.7,92.5,97.3,.05,3.17,64.01,21,19.4,19.9,22.9,21.7,22.3,2.1,1.6,162,40,8.4,3.8,0,.7,1.84,16.1
2018,276,32,22.2,14.1,17.8,99.8,62.7,89.4,.24,11.73,6.1,22.5,19,20.4,21.7,21.1,21.3,1.1,.8,200,44,4.8,5.4,1.7,2.1,1.8,15.8
2018,277,32,21.9,10.2,17,99.8,35.2,68.5,.68,20.48,0,22.3,17.7,19.6,21.3,20.8,21,1.7,1.4,188,38,7,3.8,4.2,3.2,1.28,10.4
2018,278,32,21.5,8,14.2,98.4,29.8,69.5,.62,17.56,0,21.1,15.4,18.1,21,20.1,20.5,.8,.4,266,55,5.9,3.3,3.2,2.7,1.06,7.8
2018,279,32,18.8,6.7,13.7,97.8,44.7,68.7,.58,14.86,.25,19.2,14.6,17,20.3,19.5,19.8,1.6,1.3,199,36,7.2,1.9,2.8,2.4,1.04,7.5
2018,280,32,14.3,5.3,8.7,99,56.1,86.6,.17,10.72,31.24,17.1,13.4,15.1,19.5,18.4,18.9,1.5,.5,251,66,7.8,.3,1.3,1.7,.97,6.4
2018,281,32,14.4,6.2,8.6,98.3,53.8,87,.16,9.8,7.11,16.5,12.8,14.1,18.4,17.4,17.8,.8,.3,187,65,4.8,.3,1,1.6,.96,6.4
2018,282,32,17.3,5,10.6,99.4,25.7,72.1,.45,20.64,0,17.3,12.1,14.5,17.5,16.8,17.1,1.3,1,268,41,8.2,1.2,3.7,2.7,.87,4.8
2018,283,32,18.2,3,10.5,98.4,31,68.5,.53,20.85,0,17.5,11,14.1,17.1,16.5,16.8,1.1,.8,183,47,6.9,1.4,3.8,2.7,.8,3.8
2018,284,32,18,6.7,12.6,95.3,52,75.4,.39,11.18,.25,16.8,12.8,14.5,16.8,16.4,16.6,1.1,.7,176,48,6.2,1.6,1.6,1.9,1.09,8.2
2018,285,32,19.3,10.3,14,97.6,49.1,76,.44,13.89,0,17.7,13.5,15.3,16.8,16.5,16.6,1.1,.7,145,48,7.5,2.6,2.3,2.2,1.19,9.5
2018,286,32,17.1,6.9,11.5,99.9,62.2,91.9,.12,4.54,12.95,15.7,12.9,14.8,16.9,16.6,16.7,.9,.3,211,65,5.7,1.3,.1,1,1.25,10.2
2018,287,32,17,6.9,11.4,99.9,55.3,84.5,.25,13.19,4.83,16.9,12.1,14.3,16.6,16,16.2,1,.5,227,59,6.8,1.2,1.8,1.9,1.12,8.6
2018,288,32,15.3,5.7,9.8,89.9,27.2,44.5,.7,17.59,1.27,15.2,11,13.1,16.3,15.7,16,2.2,1.9,65,29,7.6,.6,3.5,3,.53,-2.4
2018,289,32,7.7,3.6,6.2,96.2,72.9,82.9,.17,4,13.46,12.1,10.4,11.1,15.7,14.7,15.2,1.3,1.1,99,35,4.8,0,0,.8,.79,3.5
2018,290,32,15.5,2.4,9,98.8,40.5,69.2,.41,14.46,0,14.2,8.8,11.2,14.7,14,14.3,1.4,1.1,102,36,6.1,.5,2.3,2,.77,3.2
2018,291,32,17.6,4.2,11.1,97.1,40.4,68.4,.49,18.88,0,15.7,9.4,12.4,14.4,13.9,14.1,1.1,.7,131,49,5.5,1.3,3.3,2.4,.88,5.1
2018,292,32,21,5.7,13.3,90.9,24.9,53.2,.84,18.91,0,15.8,10.1,12.8,14.6,14.2,14.4,1.7,1.4,74,30,7.2,2.7,4,3,.76,2.9
2018,293,32,22.6,7.1,15.4,91.9,35.8,62.4,.76,15.9,0,17.1,11.2,13.9,14.9,14.4,14.6,1.3,.9,132,43,7.6,3.6,3.1,2.6,1.06,7.8
2018,294,32,21,10.4,15.5,94.3,46.3,61.5,.71,15.2,0,17.2,12.5,14.6,15.4,14.9,15.1,1.4,1.1,130,41,7.1,3.4,3,2.6,1.07,7.8
2018,295,32,20.5,8.2,13.5,97.3,55.1,80.4,.37,14.86,0,17.9,12.3,14.9,15.6,15.2,15.4,1,.6,160,50,7.2,2.8,2.5,2.2,1.22,9.8
2018,296,32,20.3,9.8,14,99.3,44.1,84.5,.29,9.17,11.68,17.2,14.1,15.3,15.8,15.6,15.6,1.1,.5,108,59,7.2,3,1.3,1.7,1.33,11.1
2018,297,32,20.4,5.7,12.9,99.9,36.1,77.6,.47,17.58,.25,17.9,11.7,14.7,15.8,15.3,15.5,.8,.7,230,39,5.5,2.5,3.1,2.2,1.09,8.2
2018,298,32,20.8,5.8,12.9,99.6,28.1,71.4,.58,17.52,0,17.1,11.7,14.4,15.7,15.2,15.5,1.2,.9,268,41,7,2.7,3.4,2.4,.99,6.7
2018,299,32,23,6.1,14.5,96.2,16,50.7,1,17.72,0,17.5,11.2,14.1,15.5,15,15.3,1,.2,76,73,5.2,3.7,3.7,2.6,.75,2.6
2018,300,32,24.2,4.1,13.4,87.4,17.5,56.2,.94,17.78,0,17.3,10.6,13.9,15.4,14.9,15.2,.7,.4,221,50,4.8,3.9,3.5,2.4,.76,2.9
2018,301,32,25.2,4.5,14,91.6,21.8,62.1,.88,17.1,0,18.1,10.9,14.3,15.4,14.9,15.1,.6,.4,204,53,4.2,4.4,3.4,2.3,.88,5
2018,302,32,21.6,6.7,13.2,92.2,28.8,67.2,.67,13.22,0,17.3,11.9,14.4,15.4,15.1,15.2,.6,.3,191,57,4.5,3.1,2.3,1.9,.95,6.1
2018,303,32,19.4,6.8,13,94.7,31.1,63.2,.66,13.18,0,16.7,11.9,14.2,15.4,15,15.2,1.5,1.1,207,44,6.8,2.2,2.6,2.2,.89,5.3
2018,304,32,15.6,1,9.8,77.9,16.3,40.6,.78,17.29,0,16.3,11.2,13.3,15.3,14.8,15,1.5,1.2,46,38,7,.5,3.4,2.3,.46,-4.3
2018,305,32,18.4,0,8.9,75.9,18.3,47.6,.74,16.66,0,15.8,9.1,12.1,15,14.1,14.5,.8,.4,275,61,6.2,1.3,3.1,2,.49,-3.1
2018,306,32,18.9,2.5,10.2,86.5,27.8,59.5,.65,16.54,0,16.5,9.5,12.7,14.4,13.9,14.1,.7,.3,235,65,5.4,1.6,3,1.9,.69,1.5
2018,307,32,21,2.1,11.1,93.7,17.5,54.3,.81,16.33,0,16.6,9.9,13,14.3,13.9,14.1,.8,.4,29,53,6.7,2.4,3.1,2,.62,0
2018,308,32,18.9,1.4,9.9,85.1,17.7,55.7,.7,13.64,0,15.6,9.6,12.6,14.3,13.8,14.1,.6,.3,226,57,4.3,1.6,2.3,1.7,.62,0
2018,309,32,20,2.3,10.2,88.7,24.9,58.9,.67,15.51,0,16.3,9.9,12.8,14.1,13.7,13.9,.7,.3,215,58,5.4,2.1,2.8,1.8,.67,1.2
2018,310,32,19.8,1.6,10.2,86.9,24.6,58.8,.7,15.24,0,16.3,9.6,12.6,14.1,13.6,13.9,.7,.3,202,61,5.3,2,2.8,1.8,.66,1
2018,311,32,19.1,1.6,9.7,91.8,27.5,64,.6,15.16,0,16.1,9.6,12.6,14,13.5,13.8,.7,.3,189,57,5,1.7,2.6,1.7,.7,2
2018,312,32,18.8,1.4,9.2,93.5,13.1,48.2,.74,14.21,0,16,9.4,12.2,13.9,13.4,13.6,1.3,.7,24,54,6.1,1.6,2.9,2.2,.51,-4.1
2018,313,32,17.2,.4,8.3,50.3,12.5,21.7,.92,15.14,0,14.4,8.6,11.2,13.7,13.1,13.4,1.5,1.2,74,35,6.1,1,3.2,2.4,.23,-12.9
2018,314,32,15.9,.9,7.7,91.9,32.7,59,.5,14.66,0,14.6,8.4,11.1,13.3,12.7,13,.9,.5,158,57,5.4,.6,2.5,1.7,.61,-.5
2018,315,32,12.9,-3.3,4.9,96.5,8.2,53.5,.5,14.77,0,13.3,8.1,10.2,13.1,12.5,12.7,1.5,1.1,293,43,9.9,0,2.8,1.8,.42,-6.5
2018,316,32,9,-3.7,3.9,60.6,10.1,22.1,.66,14.92,0,11.2,6.3,8.3,12.6,11.7,12,2.2,1.8,66,34,8.8,0,3,2.2,.17,-16.8
2018,317,32,13.3,-5.9,3.6,66.2,6.9,29.9,.66,14.75,0,11.4,5,7.9,11.7,10.9,11.2,1.2,.9,75,40,7.2,0,2.7,1.8,.19,-15
2018,318,32,13.5,-5.1,2.3,68.1,14.4,44.8,.5,9.53,0,10,4.9,7.2,11.1,10.5,10.8,.6,.3,142,60,5.2,.1,1.4,1.3,.3,-9.7
2018,319,32,15.9,-5.2,4.2,75.9,16.9,48.8,.59,14.27,0,11.4,4.4,7.5,10.6,10,10.3,.8,.4,205,55,5.5,.5,2.5,1.5,.35,-7.4
2018,320,32,15.9,-4.2,5,76.1,12.7,45.3,.64,14.62,0,11.9,4.8,8,10.4,9.9,10.2,.7,.3,192,59,4.3,.6,2.5,1.4,.34,-7.9
2018,321,32,15.7,-2.9,5.6,68.8,15.2,45.3,.64,13.29,0,11.9,5.5,8.4,10.4,10,10.2,.7,.4,232,53,5.4,.5,2.3,1.5,.36,-7
2018,322,32,15.7,-2.2,5.5,74.5,15.8,48.7,.61,13.43,0,11.9,5.7,8.4,10.5,10.1,10.3,.8,.5,262,53,5.6,.5,2.4,1.5,.39,-6
2018,323,32,16.4,-1.9,5.5,70.3,9.8,45.2,.64,14.02,0,11.9,5.4,8.2,10.4,9.9,10.2,.7,.3,194,63,4.8,.7,2.4,1.5,.36,-7.2
2018,324,32,16.5,-1.1,6.1,66.6,16.9,42.1,.66,10.61,0,11.5,5.9,8.4,10.3,9.9,10.1,.7,.4,104,55,4.3,.7,1.8,1.4,.37,-7.1
2018,325,32,16.3,-2.4,6.1,73.6,22.5,51.5,.6,13.32,0,12,5.6,8.5,10.3,9.9,10.1,.8,.5,177,53,5.2,.7,2.4,1.5,.45,-4.3
2018,326,32,12.5,1.2,6,88.8,36.8,65.9,.36,5.58,0,10.5,7.3,8.5,10.3,10,10.1,.7,.3,206,59,4.5,0,.7,1,.6,-.3
2018,327,32,14.1,-1.9,5,96.5,34.8,73.6,.32,12.77,0,11.7,6.1,8.4,10.2,9.8,10,.6,.2,240,63,4.3,.2,1.8,1.2,.61,0
2018,328,32,13.7,-2.3,4.8,94.6,37.8,72.3,.33,12.95,0,11.5,5.6,8.2,10.1,9.7,9.9,.8,.5,259,54,5.6,.1,1.9,1.2,.6,-.4
2018,329,32,15.1,-2.1,5.4,94.6,8.5,36.8,.68,13.3,0,11.1,5.4,7.9,10.1,9.6,9.8,.8,.4,92,54,5.4,.3,2.3,1.4,.27,-11.7
2018,330,32,16.1,-1.5,6.1,63,17.6,36.7,.69,12.86,0,11.2,5.4,7.8,9.9,9.4,9.6,.9,.5,127,53,5.3,.6,2.4,1.5,.32,-8.6
2018,331,32,15.6,-4.6,4.7,74.1,21.2,50.9,.56,12.41,0,11,4.6,7.6,9.7,9.2,9.5,.6,.3,203,59,4.3,.5,2,1.2,.4,-5.8
2018,332,32,16,-1.7,5.3,78.2,22.5,54.6,.53,12.55,0,11.2,5.4,7.9,9.6,9.2,9.4,.9,.5,175,50,5.5,.6,2.2,1.4,.44,-4.4
2018,333,32,12.5,-2.1,5.9,87.5,34,55.6,.49,6.82,2.29,9.1,5.3,7.3,9.6,9.1,9.3,1.6,1.3,171,39,7.1,0,1.2,1.5,.49,-3
2018,334,32,6.2,1.6,4,99.1,73.9,91.2,.08,4.67,13.97,8.2,6.4,7.2,9.3,9.1,9.2,1.4,1.1,245,39,6.9,0,0,.6,.74,2.6
2018,335,32,8.4,-1.1,4,99.9,56.3,81.3,.18,6.27,0,7.4,4.6,6.2,9.1,8.6,8.8,1.1,.9,235,34,5.2,0,.5,.8,.65,.8
2018,336,32,6.6,-2.5,3.1,98.3,46.5,79.5,.17,5.96,0,7.4,4.7,6.1,8.6,8.4,8.5,1.8,1.4,248,37,8.4,0,.5,.8,.6,-.3
2018,337,32,8.9,-5.2,.5,98.3,28.9,72.8,.24,12.26,0,7.6,3.3,4.8,8.4,7.8,8,.6,.2,221,62,4.2,0,1.5,.9,.43,-4.7
2018,338,32,12.2,-4.4,3,90.8,22.2,56.6,.43,9.44,0,6.7,2.9,4.6,7.9,7.3,7.6,.6,.3,106,57,3.2,0,1.2,1,.39,-6.1
2018,339,32,13.4,-3.5,3.9,87.4,28.2,60.7,.42,12.37,0,7.6,3.1,5,7.5,7.2,7.3,1,.7,158,47,5.6,.1,2,1.3,.46,-4
2018,340,32,8.2,1.7,5.5,95.4,73.1,85,.13,2.36,.51,7,4.8,5.9,7.6,7.4,7.5,.4,.2,76,59,2.5,0,0,.4,.77,3.1
2018,341,32,12.2,.8,6.4,98.5,54.8,87.6,.14,6.76,1.02,9.3,6.3,7.4,8.1,7.6,7.8,.6,.2,74,62,3.7,0,.4,.8,.83,4.3
2018,342,32,12.9,-1.6,4.8,99.6,40.3,77.2,.28,12.47,.25,9.3,4.3,6.4,8.2,7.8,8,.8,.3,275,60,4.8,0,1.7,1.1,.63,.4
2018,343,32,15,-3.4,4.4,96.8,29,66.2,.42,12.46,0,8.8,3.9,5.9,8.1,7.6,7.8,.6,.1,234,71,4,.3,1.9,1.1,.5,-2.7
2018,344,32,13.8,-2.9,5.1,86.6,25.6,57.8,.47,8.74,0,7.4,3.7,5.5,7.9,7.4,7.6,.8,.6,102,42,4.3,.1,1.2,1.2,.47,-3.5
2018,345,32,14.9,.7,6.5,89.5,27.4,60.7,.46,9.99,0,8.7,5.1,6.7,7.9,7.6,7.7,.7,.4,138,55,3.7,.4,1.5,1.1,.55,-1.5
2018,346,32,13.1,-2.4,4.6,94.6,19,65.5,.38,11.01,0,8.5,4.2,6.2,7.9,7.6,7.8,1.1,.4,277,65,6.3,0,1.7,1.2,.52,-2.3
2018,347,32,12.3,-3.1,4.8,56.8,8.8,23.1,.72,12.33,0,7.7,3.8,5.4,7.8,7.4,7.6,1.7,1.2,13,40,8.7,0,2.5,1.9,.18,-16
2018,348,32,11.6,-6.2,2,72.9,14,45.3,.48,9.76,0,6.6,2.7,4.5,7.6,6.9,7.2,.6,.3,162,62,4,0,1.4,1,.28,-10.3
2018,349,32,14.3,-1.4,4.9,73.7,9.4,45.7,.55,6.53,0,7.1,4,5.3,7.1,6.9,7,.5,.3,112,55,3.7,.2,.8,1,.36,-7.1
2018,350,32,15.1,-2.8,5.2,78.3,11.5,46.6,.58,9.56,0,7.7,3.7,5.6,7.2,6.9,7,.7,.4,149,54,4.6,.4,1.6,1.1,.36,-7.2
2018,351,32,12.8,-2.2,6.3,80,28.3,55.6,.48,10.67,0,8.6,4.4,6.5,7.4,7.1,7.2,.8,.3,214,64,5.2,0,1.6,1.1,.52,-2.4
2018,352,32,12.8,-1.1,6.1,94.3,29,61.9,.43,11.89,0,9.2,5.7,7.3,7.9,7.4,7.6,1.1,.8,273,42,6.8,0,1.9,1.2,.55,-1.6
2018,353,32,16.4,-2.3,5.7,88.8,21.4,58.7,.53,11.77,0,8.9,4.3,6.4,7.9,7.5,7.7,1,.6,268,52,5.1,.7,2,1.4,.48,-3.2
2018,354,32,19.1,-3.1,5.7,85.7,16,57,.6,12.01,0,9.2,4,6.4,7.8,7.4,7.6,.5,.3,233,58,3.7,1.5,2,1.2,.46,-4
2018,355,32,14.3,-1.9,5.4,82,23.9,57.8,.48,7.62,0,8.3,4.6,6.3,7.8,7.4,7.6,.5,.1,170,72,3.3,.2,.9,.9,.48,-3.3
2018,356,32,15.7,-2.3,5.1,84.5,23.1,59,.5,10.66,0,8.7,4.4,6.4,7.7,7.4,7.6,.8,.4,247,55,5.4,.5,1.7,1.2,.47,-3.6
2018,357,32,15.2,-2.9,5.2,83.8,23.8,57.4,.51,11.77,0,8.8,4.1,6.3,7.7,7.3,7.5,.7,.4,180,52,5.2,.4,1.9,1.2,.46,-4
2018,358,32,15.7,-2.1,5.2,86.8,20.2,58.1,.5,11.51,0,8.9,4.5,6.5,7.7,7.4,7.6,.7,.4,193,56,4.8,.5,1.8,1.1,.46,-3.7
2018,359,32,11,-3.6,3.7,94.1,33.5,65.7,.34,8.28,0,7.6,4.1,5.9,7.7,7.3,7.5,1.2,.7,159,53,7.2,0,1.1,1.1,.5,-2.9
2018,360,32,8.2,-1.6,2.9,97.9,47.3,80.7,.17,11.65,0,7.5,5,6.1,7.5,7.3,7.4,1.8,1.6,272,28,8.8,0,1.5,1,.6,-.4
2018,361,32,4.9,-3.9,0,98.6,44.8,86.6,.1,5.75,0,6.4,4.1,5.2,7.4,7.1,7.2,.9,.5,205,58,5.6,0,.3,.6,.52,-2.2
2018,362,32,1.4,-8.7,-3.7,96.6,55,82.4,.09,7.54,2.54,4.8,2.7,3.6,7.1,6.4,6.8,.6,.2,89,63,4.5,0,.4,.5,.38,-6.4
2018,363,32,3.3,-6,-1.9,78.2,32.1,53.8,.26,12.27,0,3.2,1.3,2.1,6.4,5.6,6,1.7,1.4,61,32,8.4,0,1.5,1.1,.28,-10.4
2018,364,32,7.1,-9.4,-1.9,88,17.7,55.2,.31,12.18,0,3.6,.7,1.9,5.6,5.1,5.3,.7,.3,201,64,4.3,0,1.6,.9,.26,-11.1
2018,365,32,.4,-8.6,-3.7,98.1,51.9,84.9,.07,1.36,0,2,.9,1.2,5.2,4.6,4.9,.7,.3,183,60,6.4,0,0,.2,.4,-6