2022,1,12,13,4.2,9.7,93.2,14.7,48.1,.63,12.3,0,12.8,9.7,11.5,13.6,13.5,13.6,2.7,1.5,294,53,7.9,0,2.5,2,.58,-.6
2022,2,12,15.6,-.9,6.7,80.8,14.7,46.5,.63,12.51,0,9.7,7,8.5,13.5,12.7,13.1,.5,.4,37,31,3.6,.5,2,1.1,.41,-5.4
2022,3,12,18.5,-.1,8.8,84.1,17.4,49.5,.73,12.43,0,9.8,6.5,8.1,12.7,12,12.3,.4,.1,256,45,3.1,1.4,2,1,.5,-2.8
2022,4,12,18.5,2.3,9.5,80,22.8,54.2,.66,12.09,0,10.3,6.9,8.5,12,11.7,11.9,.4,0,155,48,3.2,1.5,2,1,.59,-.4
2022,5,12,18.8,2.3,9.9,87.1,23.9,57.6,.64,12.15,0,10.7,7.2,8.9,11.8,11.6,11.7,.4,.1,235,48,3.1,1.6,2,1.1,.65,.8
2022,6,12,19.6,3.4,10.9,88.8,29.4,59.8,.64,11.62,0,11.3,7.9,9.5,11.7,11.6,11.6,.3,0,314,48,2.5,2,1.9,1,.73,2.5
2022,7,12,22.2,4.7,12.5,89,25.8,59.6,.73,12.05,0,12,8.4,10.1,11.8,11.6,11.7,.4,.2,104,38,3.4,3.1,2.1,1.2,.8,3.7
2022,8,12,19.2,8.2,12.5,74.7,33.5,58.5,.67,10.15,0,12.2,9.6,10.8,12,11.7,11.9,.7,.1,229,59,4.7,2.2,1.8,1.4,.82,4.1
2022,9,12,23.1,5.6,13.7,86.5,16.5,48.2,1.01,12.48,0,12.6,9.1,10.8,12.1,12,12,.5,.3,67,37,4,3.6,2.4,1.4,.66,1.1
2022,10,12,22.6,8.7,15.7,49.1,16.6,29.1,1.36,12.45,0,12.9,9.6,11.2,12.2,12.1,12.2,1.5,1.3,59,27,7,3.9,3.3,2.5,.5,-2.8
2022,11,12,22.7,7.2,13.5,55.3,16.1,37.9,1.07,11.95,0,13.1,9.9,11.4,12.4,12.2,12.3,.5,.2,60,49,3.4,3.7,2.4,1.4,.55,-1.4
2022,12,12,21.8,5.1,11.8,61.4,12.8,40,.95,10.33,0,12.2,9.3,10.8,12.5,12.3,12.4,.4,.2,50,40,2.8,3,1.8,1.2,.5,-2.6
2022,13,12,21.9,4,12.5,70.6,16.3,41.9,.98,11.88,0,12.5,9,10.7,12.4,12.2,12.3,.4,.2,347,39,3.3,2.9,2.1,1.2,.56,-1.3
2022,14,12,21.8,9.9,14.1,61.7,19.7,42.7,.99,10.17,0,13.8,10.8,12,12.4,12.2,12.3,.5,.1,160,51,3.3,3.7,1.9,1.4,.66,1
2022,15,12,21.2,7.4,14,60.5,12.4,30.6,1.2,10.09,0,13,10.2,11.7,12.6,12.4,12.6,1,.9,68,29,6.1,3,2.4,2,.46,-3.8
2022,16,12,22.6,5.6,13.3,53.4,12.5,33.4,1.15,12.55,0,12.9,9.7,11.3,12.6,12.5,12.6,.4,0,348,51,2.7,3.4,2.4,1.2,.47,-3.7
2022,17,12,21.9,6.5,13.2,63.5,14.6,39.1,1.04,12.17,0,13.6,10.2,11.8,12.6,12.5,12.6,.4,.1,94,42,3.4,3.2,2.3,1.2,.55,-1.5
2022,18,12,20.4,9.9,14,70.3,23.3,47.3,.91,10.23,0,14.4,11.3,12.6,12.8,12.6,12.7,.5,.3,25,33,3.9,3,1.9,1.3,.73,2.5
2022,19,12,20.4,8.2,13.9,85.1,34,59.2,.73,12.36,0,14.5,11.6,12.9,13,12.8,12.9,.4,.1,214,40,3.9,2.8,2.2,1.3,.9,5.5
2022,20,12,22.4,6.3,13.8,85.5,15.2,47.7,1,13.58,0,14.2,11.1,12.6,13.2,13,13.1,.5,.2,6,41,4.3,3.4,2.6,1.5,.66,1.1
2022,21,12,21.4,4.8,12.7,65.3,18.1,38.8,1.03,13.75,0,13.7,10.3,12.1,13.2,13,13.1,.5,.2,79,42,4.6,2.8,2.6,1.4,.52,-2.1
2022,22,12,20,8.9,14.2,82.5,22.7,40.2,1.02,8.45,1.02,13.6,11.2,12.4,13.1,13,13,1.8,1.4,80,33,10.9,2.7,2.2,2.5,.63,.4
2022,23,12,21.3,7.4,13.9,88.9,23.5,55.5,.85,13.53,0,14,10.9,12.5,13.1,13,13.1,.7,.2,324,55,4.2,3,2.6,1.7,.8,3.8
2022,24,12,19.8,5.1,11.9,83.6,26.2,56.1,.72,13.9,0,13.5,10.3,11.9,13.1,13,13.1,.6,.2,142,44,4.3,2.2,2.5,1.5,.73,2.5
2022,25,12,19.9,5.2,12,79.8,19.4,48.5,.84,13.87,0,13.3,10.1,11.7,13,12.8,12.9,.8,.1,162,60,5.2,2.3,2.7,1.8,.62,.3
2022,26,12,20.5,3.9,11.8,73.1,10.9,37,1.02,14.62,0,13,9.6,11.3,12.9,12.7,12.8,.6,.3,13,43,4.6,2.4,2.9,1.6,.44,-4.3
2022,27,12,20.5,2.6,11.5,65.2,9.8,34.6,1.02,14.66,0,12.6,9.2,10.9,12.7,12.5,12.6,.8,.1,349,55,5.7,2.2,2.9,1.8,.42,-5
2022,28,12,20.6,8.7,14.1,32.3,9.9,16.7,1.38,13.61,0,12.6,9.5,11,12.6,12.4,12.5,2.2,1.8,56,33,9.4,2.9,3.9,3.5,.27,-10.9
2022,29,12,21.9,5.3,14.2,45,11.9,25.8,1.31,13.48,0,12.7,9.4,11.1,12.5,12.3,12.4,1.3,1,84,29,7.2,3.1,3.3,2.5,.39,-6
2022,30,12,22.4,8.9,16,54,17.2,29.4,1.36,14.52,0,14.5,11.5,12.8,12.7,12.4,12.5,.9,.3,183,50,3.9,3.8,3.2,2.1,.51,-2.5
2022,31,12,20.5,5.1,12.8,60.7,14.9,35.7,1.06,12.71,0,13.5,10.6,12.2,12.9,12.7,12.8,.5,.1,198,53,3.8,2.4,2.4,1.6,.49,-3.1
2022,32,12,20.2,7.4,13.2,54.2,12.3,34.6,1.07,9.86,0,13.7,11,12.2,12.9,12.8,12.9,.4,.2,60,41,4.6,2.6,1.9,1.5,.49,-2.9
2022,33,12,16.1,5.6,11.4,51.8,8,22,1.08,14.45,0,13.3,11.3,12.3,13,12.9,13,1.5,.6,309,56,7,.8,3.2,2.5,.28,-10.1
2022,34,12,14.6,-.1,8,40.4,8,17.4,.93,14.75,0,11.9,8.9,10.4,13,12.6,12.9,1,.4,9,51,4.6,.3,2.8,1.9,.18,-16
2022,35,12,17.2,.7,9.2,39.2,9,19.4,1.02,14.98,0,11.1,7.7,9.5,12.6,12.1,12.4,1.4,1.1,95,33,7.4,1,3.4,2.5,.21,-13.9
2022,36,12,19.5,1.3,10.5,47.1,8.4,23.4,1.07,15.01,0,11.5,7.9,9.6,12.1,11.9,12,.6,.4,102,36,4.6,1.8,3,1.8,.27,-10.7
2022,37,12,22.3,1.5,12.7,49.8,6.7,22.4,1.33,15.3,0,11.7,7.9,9.8,12,11.8,11.9,1.3,.5,22,55,6.7,2.9,3.6,2.8,.28,-10.5
2022,38,12,22,6,14.3,37.4,10.3,19.6,1.38,15.45,0,13,9.5,11.1,12,11.8,11.9,1.2,.8,75,39,6.1,3.2,3.7,2.6,.31,-9.1
2022,39,12,23.6,4.9,14.2,48.7,10.3,26.2,1.34,15.55,0,13.5,9.7,11.5,12.2,12,12.2,.6,0,86,59,4.9,3.7,3.3,2,.38,-6.2
2022,40,12,26.4,6.3,16.1,48.9,4.7,21.2,1.66,16.2,0,14.1,9.9,11.9,12.5,12.2,12.4,.7,.1,68,60,4,5.2,3.8,2.3,.33,-8.4
2022,41,12,27.2,10.5,18.2,39.4,10.2,22.5,1.77,16.07,0,15.4,11.1,13.1,12.8,12.5,12.7,.9,.5,60,43,6.1,6.4,4,2.7,.44,-4.5
2022,42,12,26.5,7.6,16.8,53.5,12,30.5,1.51,16.55,0,15.9,11.9,13.9,13.2,12.8,13.1,.7,.2,239,53,3.5,5.5,3.7,2.3,.53,-2
2022,43,12,27.1,9.5,17.8,45.1,5.4,20.7,1.81,17.13,0,16.5,12.3,14.4,13.6,13.2,13.5,.8,.6,48,33,4.9,6.2,4.2,2.5,.36,-7.1
2022,44,12,27.9,6.2,16.6,47.3,6,22,1.68,17.29,0,16.7,12.2,14.4,13.8,13.6,13.8,.4,.2,70,36,3.8,5.9,3.8,1.9,.36,-7.1
2022,45,12,27,6,16.2,55.1,7.3,24.7,1.6,17.7,0,16.8,12.3,14.5,14,13.8,14,.6,.2,159,47,3.6,5.5,4,2.2,.4,-5.7
2022,46,12,25.2,7.4,16.8,45.2,8,20.9,1.65,17.53,0,17,12.6,14.8,14.2,14,14.1,1.2,.5,178,53,5.8,4.9,4.3,3.1,.36,-7
2022,47,12,17,9.1,13,56.7,28.5,39,.92,12.42,0,15.9,13.8,14.9,14.4,14.2,14.3,1.6,1.2,203,39,5.2,1.4,2.6,2.6,.58,-.8
2022,48,12,19.7,7.5,12.9,66.6,11.2,32.2,1.08,17.97,0,16.5,12.5,14.4,14.4,14.3,14.4,1,.2,36,58,4.6,2.4,3.6,2.5,.44,-4.3
2022,49,12,21.7,4,12.4,49.3,8.5,26.8,1.18,18.25,0,16.2,11.6,13.9,14.4,14.1,14.3,.6,0,282,60,3.6,2.8,3.6,2.2,.35,-7.6
2022,50,12,26,6.3,15.5,55.4,9.8,25.4,1.5,18.34,0,17,12,14.4,14.3,14.1,14.2,.6,.3,98,38,4.7,5,4,2.4,.41,-5.4
2022,51,12,25.4,6.1,15.5,52.5,8,26.8,1.47,17.91,0,17,12.4,14.7,14.3,14.1,14.3,.7,.3,228,46,4.9,4.7,4,2.5,.42,-5
2022,52,12,20.5,9.1,14.8,51.1,22.2,33.3,1.16,16.48,0,16.1,12.7,14.5,14.5,14.3,14.4,1.9,1.4,222,39,8.3,3,4,3.4,.56,-1.1
2022,53,12,17.3,10.5,13.4,62,37.8,49.1,.8,11.55,0,16.1,13.3,14.6,14.4,14.3,14.4,1.2,.9,192,36,5.8,1.7,2.2,2.2,.75,2.9
2022,54,12,13.1,3.5,8.6,94.9,44.1,69.3,.36,7.28,10.92,15.2,11.8,13.5,14.5,14.3,14.4,1.4,.8,257,45,7.6,0,.9,1.4,.77,3.1
2022,55,12,14.1,1.4,7.2,97.3,27.1,64.1,.45,18.33,0,13.5,8.8,11.2,14.3,13.5,13.9,.5,.2,71,43,4.2,.2,2.8,1.9,.6,-.2
2022,56,12,18.4,1.8,10.1,82.4,18.4,48.5,.77,19.22,0,14.5,8.8,11.5,13.5,13.1,13.3,.6,.2,221,41,3.7,1.5,3.5,2.2,.53,-1.9
2022,57,12,20.6,2.9,12.2,80.1,13.2,41.2,1,19.33,0,15.7,9.8,12.7,13.2,13.1,13.2,.8,.1,232,60,4.4,2.3,3.8,2.5,.51,-2.4
2022,58,12,22.1,3.5,13.8,53.7,8.6,25,1.31,17.39,0,16,10.6,13.4,13.4,13.2,13.3,.7,.2,41,55,3.8,3,3.6,2.5,.35,-7.4
2022,59,12,27.7,10.3,18,48.8,7.8,25.1,1.73,17.73,0,17.8,12.4,14.8,13.7,13.3,13.6,.8,.4,57,41,5.1,6.7,4.2,3,.46,-4
2022,60,12,29,10.5,19.4,43.1,8.3,22,1.95,19.97,0,19,12.8,15.8,14.2,13.7,14,.8,.1,97,63,3.7,7.3,4.8,3.2,.45,-4.1
2022,61,12,30.6,8.7,19.4,58.4,7.9,28.2,1.88,19.58,0,19.8,13.9,16.7,14.7,14.2,14.5,.5,.2,166,48,3.7,7.5,4.5,2.9,.55,-1.4
2022,62,12,29.6,11.8,20.9,53.7,9.6,25.9,2.06,19.05,0,20.7,15.2,17.8,15.2,14.7,15,.9,.5,201,47,5.2,7.9,4.7,3.4,.56,-1.2
2022,63,12,21.3,13.2,17.2,63.9,13.4,32.7,1.35,16.24,0,19.3,16.4,18,15.7,15.2,15.6,2.4,1.8,206,36,10.1,4.5,4.3,4.1,.62,.3
2022,64,12,19.8,11.1,15,71,16.5,43.9,1,16.23,0,18.9,15.7,17.3,15.9,15.7,15.8,2.3,1.8,230,35,8.5,2.9,3.8,3.6,.73,2.4
2022,65,12,16.2,4.5,11,73.1,22.6,41.5,.82,20.38,0,18.8,14.2,16.5,15.9,15.6,15.8,1.1,.7,239,42,7,.8,3.8,2.7,.52,-2.2
2022,66,12,19.4,4.3,12.3,64.2,10.6,35,1.04,20.3,0,18.5,13.7,16.1,15.8,15.5,15.7,1.5,.7,287,49,8.8,2,4.4,3.2,.45,-4
2022,67,12,18.3,4.8,11.9,49.4,8.9,24.9,1.13,21.22,0,18.6,13.6,16.1,15.6,15.4,15.5,.9,.2,332,57,4.8,1.6,4.3,2.9,.31,-8.8
2022,68,12,20.8,3.7,12.6,53.3,11.7,28.5,1.18,21.08,0,18.5,13.3,15.9,15.6,15.3,15.5,1,.5,200,47,6.4,2.5,4.5,3.1,.37,-6.7
2022,69,12,20.6,8,13.9,47.5,15.9,30.2,1.17,18.08,0,18.5,14,16.2,15.5,15.4,15.5,1.9,.9,288,54,9.9,2.8,4.2,3.7,.46,-3.8
2022,70,12,20.6,7.1,13.4,57.8,6.6,21.9,1.29,22.05,0,18.7,13.5,16,15.6,15.3,15.5,1.2,.6,11,51,5.8,2.7,4.6,3.4,.3,-9.6
2022,71,12,25.1,5,15.1,47,6.9,21.6,1.53,22.12,0,19.7,13.7,16.6,15.5,15.4,15.5,.7,0,170,60,5,4.4,4.8,3.1,.32,-8.4
2022,72,12,24.8,5.9,16.1,52.4,8.5,24.3,1.56,20.73,0,19.7,14.6,17.2,15.7,15.5,15.7,1,.5,214,46,5.7,4.4,4.8,3.5,.39,-6.1
2022,73,12,27.3,8.2,17.9,43.9,9.1,23.5,1.76,21.98,0,21.1,15.1,18,16,15.7,15.9,.7,.2,122,55,3.7,6,5,3.4,.43,-4.7
2022,74,12,29.9,8.9,19.7,50.1,8.2,23.9,1.96,22.07,0,22.3,16.3,19.2,16.5,16,16.3,.6,.1,211,53,3.8,7.4,5.1,3.4,.49,-3
2022,75,12,27.8,10.8,21,53.4,11.2,22,2.08,21.91,0,22.6,17.7,20.1,17,16.5,16.8,2.2,1.2,270,49,9.3,6.8,6.1,5.2,.51,-2.4
2022,76,12,25.7,11.4,20.1,45,6.5,19.4,1.98,22.79,0,23.3,18.5,20.8,17.5,17,17.3,1.6,.6,329,58,6.7,5.9,5.9,4.6,.42,-5
2022,77,12,27.3,9.1,18.6,43.3,7.2,21.5,1.86,22.75,0,23.1,17.8,20.4,17.8,17.5,17.7,.9,.3,216,49,5.8,6.2,5.4,3.7,.41,-5.4
2022,78,12,27.4,9.1,18.9,45.5,5.8,22,1.89,19.17,0,22.3,17.7,20.1,18,17.8,17.9,.8,.4,141,45,4.2,6.2,4.6,3.4,.43,-4.8
2022,79,12,22,11.9,17.6,66.5,12.8,30.9,1.42,15.7,0,20.9,18.2,19.5,18,17.9,18,1.8,1.3,227,38,8.8,4.3,4,3.9,.61,-.1
2022,80,12,24.7,11.5,18.2,60.4,6.5,19.3,1.79,22.91,0,21.5,16.8,19.1,17.9,17.7,17.8,2.7,1.8,313,45,8.9,5.5,6.3,5.7,.37,-6.9
2022,81,12,26.7,11.1,20.7,37.1,8,15,2.14,23.31,0,23,17.7,20.2,17.9,17.7,17.8,1.9,1.2,342,48,6.4,6.3,6.3,5.1,.35,-7.5
2022,82,12,26.6,14,20.2,38.1,5.4,12.6,2.14,24.14,0,23.4,18.2,20.6,18.1,17.9,18,2,.9,25,54,8.2,7.5,6.6,5.4,.28,-10.2
2022,83,12,29.4,9.2,19.4,39.8,5.8,19.1,2.03,24.05,0,23.4,17.6,20.4,18.4,18.1,18.3,.8,.1,193,62,4.6,7.1,5.7,3.9,.39,-6.2
2022,84,12,33.6,12.1,22.8,47,6,20.3,2.5,22.29,0,24.2,18.3,21.2,18.5,18.3,18.4,.7,.2,177,54,3.5,9.5,5.5,4,.5,-2.7
2022,85,12,33.2,13.7,23.4,59.9,6.8,22.7,2.48,17.97,0,23.6,19.3,21.6,18.8,18.5,18.7,.4,.1,203,47,3.3,10.1,4.3,3.2,.59,-.5
2022,86,12,32.8,14.5,23.9,34.1,5.4,17,2.7,23.45,0,24.5,18.8,21.6,19,18.8,18.9,1,.2,202,63,4.9,10.4,6.2,4.6,.44,-4.4
2022,87,12,26.1,17.1,20.9,71.1,9.4,25.7,1.89,7.87,.25,23,19.8,20.8,19.2,18.9,19.1,1.9,1.3,143,43,11.7,8.8,2.6,4,.61,0
2022,88,12,19.9,11.8,16.1,87.8,30.6,53,.91,16.52,.51,20.5,18.2,19.5,19.1,18.7,18.9,2.5,2,249,33,8.2,3.2,3.7,3.7,.94,6.1
2022,89,12,25.6,10.2,17.9,77.2,16.9,44.8,1.29,23.75,0,23.1,17.2,19.9,18.7,18.4,18.6,1.1,.6,222,42,6.6,5.6,5.2,4.1,.85,4.6
2022,90,12,26.8,14.6,20.5,57.6,17.8,34.9,1.68,23.28,0,23.8,18.5,21,18.7,18.5,18.6,1.1,.5,111,52,5.6,7.9,5.4,4.3,.8,3.8
2022,91,12,28.9,13.1,21.2,61.5,13.9,32.5,1.85,24.25,0,25,19.1,21.9,19.1,18.7,18.9,.7,.4,168,38,5,8.2,5.6,4.1,.76,3.1
2022,92,12,30,14.6,22.3,52,14.1,29.5,2.05,24.48,0,25.3,19.7,22.5,19.4,19.1,19.3,.9,.3,210,53,5.2,9.5,6,4.5,.74,2.7
2022,93,12,28.1,14,21.1,56.1,14.7,32.4,1.83,22.77,0,25.1,20.1,22.6,19.7,19.4,19.6,.9,.4,241,47,5.2,8.3,5.4,4.2,.77,3.1
2022,94,12,29.6,12.6,22.5,62.9,16.4,30.9,2.04,24.28,0,25.1,20.1,22.6,19.9,19.7,19.8,1.6,1.4,220,24,6,8.4,6.3,5.1,.79,3.6
2022,95,12,32,15.3,24.7,56.9,13.7,29.8,2.39,24.57,0,26.5,21,23.7,20.2,19.9,20.1,1.8,1.4,226,32,7.9,10.6,6.8,5.7,.85,4.6
2022,96,12,33.9,15.9,26,52.4,5.1,19.4,2.93,25.39,0,27.9,22.3,25,20.8,20.2,20.5,1.3,.1,58,71,6.2,11.3,6.9,5.5,.57,-1
2022,97,12,34.2,13.1,25.5,30.3,3.3,8.5,3.21,26.3,0,28,22.3,25.1,21.2,20.8,21.1,1.2,.8,41,38,6.5,10,7.4,5.3,.25,-11.7
2022,98,12,34.6,15.5,25.5,31.4,3.5,11.1,3.12,26.33,0,28.3,22.5,25.4,21.5,21.2,21.4,1,.7,82,40,6.4,11.3,7.3,5.1,.33,-8.1
2022,99,12,33.8,14.2,25.5,45.3,4.7,14.8,3.03,25.21,0,27.5,22.3,25.1,21.8,21.5,21.7,1.9,1.2,215,43,8.2,10.5,7.5,6.3,.42,-4.9
2022,100,12,30.1,16.5,24.1,38.8,9.3,20.3,2.49,24.46,0,27.8,23.1,25.5,21.9,21.7,21.9,2.1,1.5,226,41,8.3,10.5,6.3,6.1,.6,-.3
2022,101,12,28,14.6,22.4,57.5,19.3,30.8,1.96,25.32,0,27.9,23.1,25.5,22.1,21.9,22.1,2.1,1.7,222,32,9.7,8.5,6.8,5.8,.81,3.9
2022,102,12,22.7,12.9,18.3,51.3,4,25.9,1.59,21.72,0,26.2,23.1,24.7,22.3,22.1,22.2,3.2,2.7,253,33,10.3,5,6.1,5.8,.53,-1.9
2022,103,12,22.6,6.2,15.1,46.3,4.5,15.7,1.57,26.94,0,25.5,19.9,22.8,22.1,21.6,21.9,1.1,.6,233,46,6.3,3.5,6.1,4.3,.24,-12.1
2022,104,12,27.1,8.7,18.4,48.4,5.3,17.2,1.92,26.67,0,26.3,20.1,23.1,21.6,21.3,21.5,.8,.3,214,47,4.5,6,6.2,4.3,.33,-8.3
2022,105,12,29.5,11.6,21.1,43.6,6.3,18.6,2.22,25.23,0,26.7,20.8,23.8,21.5,21.3,21.4,1,.3,226,53,5.8,7.9,6.3,4.7,.42,-5
2022,106,12,31,13.9,23,34.3,6.5,15.7,2.55,26.67,0,27,21.1,24.1,21.6,21.4,21.5,1.7,1.1,227,44,9.1,9.6,7.4,6,.41,-5.4
2022,107,12,32.3,13.4,23.2,44.5,6.1,20.6,2.5,27.15,0,28.3,21.8,24.9,21.7,21.5,21.7,.7,0,306,63,4.3,9.7,6.7,4.8,.52,-2.1
2022,108,12,33.7,13.3,24.7,44.3,4.3,18.3,2.83,25.66,0,28.4,22.4,25.5,22.1,21.7,22,.7,.4,234,43,5.7,10.1,6.6,4.7,.49,-3
2022,109,12,35.3,17.7,27,36.4,2.8,12.8,3.32,23.48,0,28.2,23.2,25.7,22.4,22.1,22.3,1.8,1.2,223,41,9.4,12.5,7.3,6.5,.4,-5.6
2022,110,12,30.2,15.3,24.2,39.9,9.2,18.6,2.54,26.88,0,29.1,23.4,26.2,22.6,22.4,22.5,1.4,1,224,37,6.6,9.9,7.1,5.6,.55,-1.5
2022,111,12,32,17,24.9,43.7,8.8,20.9,2.67,26.97,0,29.8,23.9,26.7,22.9,22.6,22.8,1.1,.5,204,49,5.2,11.4,7.1,5.4,.6,-.2
2022,112,12,24.6,14.3,21.3,47.7,13.5,24.6,1.93,25.78,0,28.2,24.8,26.5,23.2,22.9,23.1,3.2,2.9,225,24,10.1,6.7,7.5,6.4,.62,.1
2022,113,12,26.7,10.7,19.8,56.5,9.8,25.2,1.89,27.04,0,28.2,22.7,25.4,23.2,22.9,23.1,1.2,.6,221,46,9.1,6.2,6.5,5,.52,-2.1
2022,114,12,28.8,16,22.6,35.1,4,12.3,2.49,27.09,0,28.4,22.9,25.6,23.1,22.9,23,1.5,.6,312,57,6.5,9.6,7.2,5.7,.31,-8.9
2022,115,12,33.1,14.1,23.8,32.4,2.7,11.5,2.81,27.76,0,28.6,22.3,25.4,23.1,22.8,23,1,.5,61,45,5.7,10.3,7.2,5.3,.31,-9.1
2022,116,12,34.9,14.7,25.8,37.6,4.9,14.8,3.1,24.35,0,28.9,23.3,26,23.1,22.9,23,1.2,.5,166,47,6.7,11,6.8,5.5,.46,-3.8
2022,117,12,32,17.9,25.4,46.8,4.9,15.8,2.89,28.12,0,30.1,24.2,27.1,23.3,23,23.2,1.2,.6,224,45,6.3,11.9,7.6,5.7,.46,-3.8
2022,118,12,31.4,16.8,24.6,41.4,7.3,18,2.66,28,0,28.9,23.9,26.5,23.6,23.3,23.5,1.8,.8,196,53,7,11.1,7.8,6.5,.52,-2.2
2022,119,12,31,14.8,23.7,59.1,8.1,24.9,2.39,27.87,0,29.6,23.8,26.6,23.6,23.4,23.5,1.4,1,220,36,7,10,7.2,5.9,.66,1
2022,120,12,33.4,15.5,24.6,52.5,4.3,17.8,2.79,28.47,0,30.2,24,27.1,23.7,23.5,23.6,1.1,.4,178,51,5,11,7.6,5.7,.49,-3
2022,121,12,33.5,16.7,26,37.4,5.9,14.6,3.06,28.3,0,30.1,24.5,27.4,23.9,23.7,23.9,2.2,1.5,220,39,9,11.6,8.5,7.3,.45,-4.2
2022,122,12,32.3,17.2,25.4,42,10.9,21,2.7,27.74,0,30.9,25.1,28,24.1,23.9,24.1,1,.7,232,35,8.3,11.6,7.2,5.6,.65,.9
2022,123,12,31.2,16.6,25.6,50.4,10.3,22.6,2.68,27.45,0,30.8,25.6,28.2,24.4,24.1,24.3,1.8,1.2,229,39,7,11,7.6,6.4,.69,1.7
2022,124,12,32.4,15.2,25.3,51.3,5.6,17.8,2.85,29.1,0,31.1,25.5,28.3,24.6,24.4,24.5,1.3,.8,234,42,6.4,10.6,7.8,6.1,.5,-2.8
2022,125,12,34,15.6,25.8,62.9,6.6,18.7,2.95,28.77,0,31.8,25.7,28.6,24.8,24.6,24.7,1,.3,181,51,5.2,11.2,7.6,5.7,.55,-1.4
2022,126,12,35.5,18.1,27.4,42.9,6.5,17.6,3.23,28.2,0,31.6,25.7,28.7,25,24.7,24.9,1,.5,212,47,6.4,12.6,7.6,5.8,.59,-.5
2022,127,12,36,19.6,28.7,35.5,6.8,15.4,3.55,28.04,0,31.2,25.9,28.6,25.2,24.9,25.1,2,1.5,213,35,9.1,13.4,8.6,7.5,.56,-1.3
2022,128,12,32.7,19.9,27.1,39,9.5,18.6,3.01,28.89,0,31.6,26.7,29.1,25.3,25.1,25.2,2.7,2.3,230,26,9.2,13,8.8,7.9,.64,.7
2022,129,12,29.3,17.8,24,41.6,9.5,21,2.43,28.58,0,31.4,26.5,29,25.4,25.3,25.4,2.2,1.8,224,31,6.7,10.8,7.8,6.8,.59,-.4
2022,130,12,30.8,15.7,24.2,47,10.3,19.3,2.57,28.77,0,31.1,25.4,28.2,25.5,25.2,25.4,1,.6,237,43,6.7,10.4,7.3,5.6,.55,-1.5
2022,131,12,28.8,16,22.9,39.5,3.7,15.6,2.44,27.88,0,30.3,25.5,28,25.4,25.2,25.3,1.9,1.6,241,32,8.2,9.6,7.7,6.5,.41,-5.3
2022,132,12,29.6,10.1,21.3,39.2,3.8,14,2.34,30.2,0,30.6,24.4,27.5,25.3,24.9,25.1,.9,.4,221,48,4.6,7.5,7.3,5.3,.32,-8.6
2022,133,12,34.8,13.8,24.8,50.3,4.8,16,2.92,29.87,0,31.2,24.6,27.9,25.1,24.9,25,.8,.4,209,44,5.3,10.5,7.6,5.6,.44,-4.3
2022,134,12,38.8,16.9,28.6,41.9,1.8,13.8,3.76,30.31,0,32.2,25.4,28.7,25.2,25,25.1,.6,.2,229,48,5.8,12.6,7.9,5.5,.45,-4
2022,135,12,39.6,17.2,29.5,34.3,2.7,13.4,3.95,30.29,0,32.3,26.1,29.2,25.5,25.2,25.4,1,.6,218,42,6.4,12.8,8.4,6.4,.47,-3.6
2022,136,12,38.2,21.4,30.1,38.7,4.4,13.8,3.93,29.83,0,32.8,26.8,29.8,25.8,25.4,25.7,1.2,.5,200,50,6.3,14.5,8.6,6.7,.53,-1.9
2022,137,12,36.7,22.2,29.6,39.3,7.1,16.8,3.64,29.58,0,33.2,27.2,30.2,26,25.8,25.9,1,.2,187,59,5.8,14.6,8,6.1,.64,.7
2022,138,12,36.8,21,29.5,45.2,6.8,19,3.55,29.83,0,32.8,27.4,30.1,26.3,26,26.2,1.2,.5,195,50,6.6,14.1,8.2,6.6,.71,2
2022,139,12,35.7,19.9,28.8,47.9,7.3,18.2,3.44,29.66,0,33.2,27.4,30.3,26.4,26.2,26.3,1.6,1.3,229,29,7.3,13.5,8.5,7.1,.66,1.1
2022,140,12,34.2,19.9,27.2,34.3,11.7,17.7,3.08,29.13,0,32.9,27.8,30.4,26.6,26.4,26.5,2.4,1.6,228,44,9.2,13.3,8.8,8,.63,.4
2022,141,12,32.1,18.9,26.6,48.8,15.8,26.9,2.66,29.2,0,33.4,28.1,30.7,26.7,26.5,26.6,1.5,.9,236,48,5.9,12.4,7.7,6.5,.9,5.4
2022,142,12,33.7,18.8,27,46.6,9.7,22.4,2.96,30,0,33.8,28.3,31,26.9,26.7,26.8,1.2,.7,214,41,6.5,12.6,8,6.3,.73,2.4
2022,143,12,33.7,17.8,27.5,37.5,7.6,16.8,3.21,29.81,0,32.5,27.3,30,27.1,26.8,26.9,1.5,1.1,226,36,7.3,12.2,8.2,6.8,.59,-.4
2022,144,12,35.9,20,29.2,39,4.5,17.4,3.55,30.27,0,33.8,28,30.8,26.9,26.8,26.9,1.4,1,220,35,7.4,13.6,8.5,6.9,.62,.2
2022,145,12,38.2,18.8,30.1,44.1,5.4,19.4,3.74,29.95,0,34.6,28.4,31.4,27.1,26.9,27.1,1.2,.7,219,42,6.1,13.4,8.4,6.7,.73,2.5
2022,146,12,38.7,20.6,31.2,48.5,7.2,18.3,3.98,29.82,0,34.7,28.9,31.7,27.4,27.1,27.3,1.1,.8,222,30,5.6,14.1,8.3,6.6,.75,2.9
2022,147,12,38.3,21.9,31.6,49.7,7.6,17.7,4.06,29.47,0,33.9,28.9,31.4,27.6,27.4,27.5,1.1,.6,233,43,5.4,14.7,8.4,6.6,.75,2.8
2022,148,12,36.7,22,29.7,41.1,6.4,14,3.76,29.25,0,33.7,28.5,31.2,27.7,27.5,27.6,1.9,1.2,212,43,8.4,14.5,8.8,7.7,.54,-1.6
2022,149,12,32.7,21.9,27.6,37.3,10,23.5,2.9,28.84,0,33.7,29.1,31.4,27.7,27.5,27.6,2.6,2.3,228,28,8.5,13.9,8.6,8,.84,4.5
2022,150,12,32.8,20.3,27,46.1,10,23.7,2.85,29.49,0,33.9,28.7,31.3,27.8,27.6,27.7,2,1.7,218,32,7.5,13.2,8.4,7.3,.8,3.7
2022,151,12,34.5,18.8,27.1,46.4,7.9,20.6,3.05,30.04,0,33.7,27.9,30.8,27.8,27.5,27.6,1.1,.3,213,53,6.9,12.8,8,6.3,.69,1.7
2022,152,12,35.9,18.7,28.2,48.5,5.4,17.4,3.39,30.67,0,33.3,27.8,30.6,27.7,27.4,27.6,1,.6,224,39,6.3,13,8.3,6.3,.6,-.4
2022,153,12,37.2,19.1,29.1,43.5,4.9,16.9,3.64,30.66,0,33.6,27.8,30.7,27.6,27.4,27.5,1,.5,224,40,6,13.4,8.4,6.3,.61,0
2022,154,12,36.9,21.2,30.1,46.6,7.7,17.9,3.72,29.09,0,34,28.4,31.2,27.7,27.5,27.6,1.4,.7,203,49,7.1,14.3,8.4,7,.71,2
2022,155,12,36.4,20.8,30,41.9,7.8,17.5,3.67,29.23,0,34.2,28.5,31.4,27.8,27.6,27.7,1.3,.7,223,46,5.5,14,8.2,6.7,.7,1.8
2022,156,12,36.5,22.6,30.1,48.8,13.7,25.1,3.37,29.24,0,34.8,29.1,31.9,27.9,27.7,27.8,1.2,.9,227,29,7.2,14.8,8.1,6.7,1.01,7.1
2022,157,12,38.4,23.3,31.6,46.7,12.1,23.2,3.77,28.44,0,34.8,29.4,32.1,28.1,27.9,28,1.2,.8,230,39,6.5,15.2,8,6.8,1.03,7.4
2022,158,12,39.6,23.9,33.1,44,10.5,22.7,4.12,29.8,0,36,30,32.9,28.3,28.1,28.2,1.2,.6,219,47,5.6,15.5,8.5,7.1,1.08,8.1
2022,159,12,41.1,24.7,33.7,48.2,9,21.1,4.41,29.46,0,37.1,31.1,34,28.8,28.3,28.6,.9,.6,228,33,5.5,15.9,8.2,6.6,1.02,7.3
2022,160,12,42,26,34.7,45.5,11.5,20.7,4.64,29.34,0,37.7,31.7,34.6,29.2,28.8,29.1,1,.6,274,37,6.2,16.3,8.5,6.9,1.09,8.2
2022,161,12,44,26.1,35.7,52.4,8.4,22,4.9,27.92,0,38.1,32.6,35.3,29.6,29.2,29.5,1.2,.8,239,36,6.7,16.4,8.4,7.1,1.17,9.2
2022,162,12,43.5,25.9,35.9,47.8,8.8,20.7,4.95,28.51,0,38.6,33.4,36,30.1,29.6,29.9,1.5,.9,241,39,9.8,16.3,9,7.7,1.15,9
2022,163,12,42.3,26.4,35.9,46.6,11.5,21.3,4.91,29.06,0,38.4,33.3,35.8,30.4,30.1,30.3,2,1.8,220,26,8.3,16.5,9.4,8.6,1.19,9.5
2022,164,12,39.4,28.3,34.2,37.3,9.8,19.2,4.44,29.92,0,38,33.8,36,30.6,30.4,30.5,2.5,2.2,226,26,8.4,16.9,9.9,9.1,1,6.9
2022,165,12,37.6,25.3,32,42.5,10.9,21.9,3.86,30.26,0,38.2,32.6,35.4,30.7,30.5,30.6,1.3,.7,232,44,6.8,15.9,8.6,7.1,.99,6.9
2022,166,12,40.4,22.6,32.2,49.8,5.3,19.7,4.15,30.56,0,38.2,32.2,35.2,30.8,30.5,30.7,.6,.3,203,42,4.3,15.1,8.2,6.1,.85,4.7
2022,167,12,42.7,22.6,34.6,39.5,5.8,14,5.08,28.58,0,38,32.1,35.1,30.8,30.5,30.7,.9,.4,233,47,5,15.3,8.2,6.4,.69,1.8
2022,168,12,41.3,27.7,35,39.6,7.2,15,4.96,29.47,0,38,32.5,35.3,30.8,30.6,30.7,1.5,.8,212,45,7.3,16.8,9,7.6,.81,3.8
2022,169,12,35.2,25.9,30.9,59.2,15.2,36.7,2.87,18.57,0,36.6,33,34.5,30.9,30.6,30.7,2,1.5,123,32,9.2,16,5.5,6.1,1.63,14.3
2022,170,12,35.8,23.4,30.2,71.6,6.9,30.1,3.22,28.63,0,36.6,31.9,34.1,30.6,30.4,30.5,1.6,1.2,228,35,7.1,15,8.2,7.1,1.16,9.2
2022,171,12,37.6,18.8,29.7,41.6,4.9,16.1,3.76,30.76,0,36.2,30.4,33.4,30.5,30.1,30.3,1,.4,187,48,6.1,13.3,8.5,6.4,.61,0
2022,172,12,40.8,22.5,32.8,40.9,6,15.3,4.47,26.99,0,37.1,31.1,34.1,30.3,30.1,30.2,1.4,.8,146,46,12.3,15.1,7.9,7.1,.74,2.6
2022,173,12,39.3,28.6,34,43.7,15.9,27.6,3.98,28.27,0,38.8,33.4,35.9,30.6,30.2,30.4,1.4,.7,138,51,6.4,17,8.1,7.3,1.42,12.1
2022,174,12,42.2,25.9,33.5,58.4,14,29.2,3.84,26.21,0,38.5,33.5,36,31,30.6,30.9,2,1.3,119,42,11.5,16.3,8.3,8.1,1.47,12.7
2022,175,12,40.1,27.9,34,49.7,17,27.6,4.02,27.8,0,38.7,33.1,35.8,31.1,30.9,31,1.9,.5,308,67,8.7,16.8,8.5,8,1.41,12.1
2022,176,12,40.3,26.8,33.2,53.2,14.8,30.6,3.71,28.01,0,39.3,33.9,36.5,31.3,31,31.2,1.8,.7,98,57,10.2,16.5,8.3,7.8,1.49,12.9
2022,177,12,40.3,26.9,32.4,55.6,15.9,32.3,3.44,26.75,0,38.3,33.8,36.1,31.5,31.3,31.4,2,1.5,105,36,9.9,16.5,8.2,8,1.52,13.2
2022,178,12,37.9,25.4,31.9,67.1,22.8,40.8,3.02,27.08,0,38.4,33.2,35.8,31.5,31.3,31.4,1.4,.8,128,45,6.6,16,7.3,6.8,1.83,16.1
2022,179,12,39.9,29.5,34.5,50.1,18.4,31.1,3.88,28.68,0,39.1,33.9,36.4,31.5,31.4,31.5,1.9,1.5,120,34,6.9,17.2,8.6,8.1,1.65,14.5
2022,180,12,41.1,30.3,35.1,52.9,19.6,32.1,3.95,25.56,0,39.3,34.5,36.9,31.8,31.5,31.7,2,.4,201,65,8.6,17.2,7.9,8,1.77,15.6
2022,181,12,39.3,28.5,34.1,59.4,19.2,33,3.73,25.91,0,39.8,34.9,37.2,32,31.8,31.9,1.3,.6,257,51,6.6,17,7.4,6.8,1.71,15
2022,182,12,40.6,28.8,34.9,51,14.9,29.9,4.07,28.61,0,40.4,35.3,37.8,32.2,32,32.1,2.1,.9,178,55,9.4,17,8.7,8.4,1.61,14.1
2022,183,12,39.8,28.9,33.4,52.9,17,32.9,3.62,20.88,0,39.1,35.2,37.2,32.5,32.2,32.4,.9,.5,195,44,4.8,17,5.9,5.6,1.61,14.1
2022,184,12,40,27.4,34.5,43.4,12,21.6,4.43,28.52,0,39.8,34.3,37,32.4,32.2,32.3,1.6,1,225,42,7.2,16.7,8.6,7.6,1.14,8.8
2022,185,12,39,27.2,34,35.1,12.8,18.6,4.4,28.68,0,40.3,34.9,37.5,32.5,32.3,32.4,1.4,.7,239,48,6.7,16.6,8.3,7.1,1,7
2022,186,12,38.2,26.9,33.7,47.6,8.2,17.3,4.39,27.03,0,39.9,35.3,37.6,32.6,32.4,32.6,1.3,.9,245,39,6.1,16.5,7.9,6.8,.92,5.7
2022,187,12,39.7,25.2,33.1,41.1,8.1,17,4.37,29.7,0,39.7,34.3,37,32.7,32.5,32.6,1.3,.7,203,45,7.3,16,8.6,7.1,.82,4
2022,188,12,40.8,23.9,33,39.8,9.4,17.9,4.39,29.31,0,39.2,33.5,36.4,32.6,32.3,32.5,.9,.6,253,37,5.5,15.6,8.3,6.5,.86,4.7
2022,189,12,43.3,25.6,35.3,52.5,8.9,18.8,4.94,29.14,0,39.5,33.8,36.6,32.5,32.3,32.4,1.4,1.2,250,28,7.9,16.3,8.9,7.6,.98,6.7
2022,190,12,43.2,27.9,36.2,38.3,7.3,18.6,5.15,28.73,0,40,34.3,37.1,32.5,32.3,32.4,1.5,.7,188,52,9.4,16.9,8.8,7.7,1.03,7.4
2022,191,12,43.2,30.2,37,51.5,11.4,24.4,4.96,28.06,0,40.9,35.6,38.1,32.7,32.4,32.6,1.4,.4,128,62,4.9,17.2,8.5,7.6,1.44,12.4
2022,192,12,44.7,28.3,37.6,49,10.9,22.2,5.39,28.42,0,40.8,35.7,38.3,33,32.7,32.9,1.7,.9,228,44,8.5,16.9,9.3,8.1,1.32,11.1
2022,193,12,42.9,29.1,37,54.3,13.2,23.2,4.97,27.86,0,40.8,35.9,38.4,33.2,33,33.1,1.8,.3,180,67,8.9,17.1,8.7,8.1,1.41,12.1
2022,194,12,43.2,29.8,37.2,54.2,15.1,27.5,4.78,26.41,0,40.9,35.9,38.4,33.3,33.2,33.3,1.4,.5,172,57,7.3,17.1,8.1,7.4,1.68,14.7
2022,195,12,42.3,28,36,71.7,17.5,32.9,4.19,24.77,.76,40.8,36.4,38.5,33.4,33.3,33.4,1.9,.2,15,70,8.6,16.9,7.7,7.6,1.87,16.4
2022,196,12,43,29.1,36.1,64.5,15.3,32.9,4.35,24.38,.25,39.3,35,37.3,33.5,33.2,33.4,1.2,.6,281,51,6.6,17.1,7.2,6.7,1.81,15.9
2022,197,12,44.6,31.6,37.1,50.5,12.8,28.7,4.72,28.18,0,40.8,35.5,38,33.3,33.1,33.2,1.9,.5,240,64,10,17.2,8.8,8.5,1.72,15.1
2022,198,12,42.3,26.4,35.6,66.4,18.1,34.1,4.15,27.89,.25,41.1,36.3,38.7,33.4,33.2,33.4,1.9,1.1,222,46,12.4,16.5,8.5,8,1.84,16.1
2022,199,12,40,26.6,34.1,74.7,24.2,41.5,3.42,26.48,.25,40,35.5,37.8,33.6,33.4,33.5,1.4,.9,254,42,5.5,16.5,7.4,6.9,2.07,18
2022,200,12,42.6,29.2,37.3,50.9,18.5,27.1,4.8,27.21,0,40.8,36.2,38.4,33.5,33.4,33.5,2.4,2.1,245,27,9.2,17.1,9.1,8.8,1.68,14.8
2022,201,12,42.9,31.7,36.8,37.5,16.7,27.6,4.65,27.31,0,41.3,36.7,39,33.7,33.5,33.6,2.4,2.1,243,30,7,17.2,8.9,9,1.67,14.7
2022,202,12,42.2,31.5,36.7,60.8,17.6,30.2,4.46,23.46,0,40.9,36.9,38.9,33.9,33.7,33.8,1.9,1.3,225,44,5.9,17.2,7.4,7.6,1.79,15.8
2022,203,12,43.4,31.6,37.9,44.4,15,23.9,5.18,26.08,0,41.7,36.9,39.2,34,33.9,34,1.6,1.4,222,29,6.1,17.2,8.3,7.7,1.52,13.2
2022,204,12,39.8,29.1,35.6,57,21.7,33,4.01,25.91,0,41.7,37,39.4,34.2,34,34.1,2.2,1.1,198,56,10.6,17.1,8.2,8,1.87,16.4
2022,205,12,36.3,26.3,31.5,68.8,31.5,48.6,2.46,14.69,0,40.2,36.5,37.8,34.3,34,34.2,1.8,1.1,222,48,7.3,16.2,4.2,5.1,2.2,19
2022,206,12,36.3,25.8,31.2,84.7,33.9,49.9,2.39,22.28,2.03,39.1,34.8,36.9,34,33.6,33.8,1.5,.7,188,50,8.3,16,5.9,5.9,2.22,19.2
2022,207,12,35.4,23.2,29.2,98.4,34.5,65.9,1.61,22.82,11.68,37.5,33.3,35.3,33.7,33.1,33.5,1.3,.6,266,49,5.2,14.9,5.6,5.4,2.53,21.3
2022,208,12,33.8,28.3,30.3,72.4,39,55.2,1.96,14.32,0,35.1,32.6,33.9,33.2,32.6,32.9,1,.2,17,56,8,16.8,3.5,4.1,2.36,20.2
2022,209,12,32,26.1,28.9,82.5,47.9,62.4,1.52,11.86,0,33.6,31.2,32.3,32.6,31.9,32.2,1.4,.4,136,56,6.1,15.8,2.8,3.6,2.48,20.9
2022,210,12,36.2,24.9,30.6,81.9,30.8,55.4,2.09,22.44,0,35.8,30.2,32.7,31.9,31.3,31.6,1.2,.5,211,53,5.8,15.7,5.7,5.6,2.35,20.1
2022,211,12,38.1,22.9,30.6,99.3,29.8,59.7,2.05,25.09,20.06,37.9,31.7,34.3,31.5,31.4,31.4,1.1,.4,158,54,13.8,15,6.3,6,2.47,20.9
2022,212,12,37.2,24.4,30.2,93.1,31.2,60.9,1.87,24.31,0,35.3,30.8,32.9,31.7,31.3,31.5,1.3,.8,215,41,9.4,15.6,6.1,6,2.5,21.1
2022,213,12,38.4,27.2,33.1,76.7,26.4,46.7,2.87,26.49,0,37.9,31,34.1,31.4,31.2,31.3,1.2,.9,226,38,5.5,16.6,7.1,6.5,2.27,19.5
2022,214,12,39.6,28.7,34.8,61.7,23.8,37.4,3.61,25.99,0,39,33,35.9,31.7,31.3,31.5,1.5,1.3,230,29,6.2,17,7.6,7,2.02,17.6
2022,215,12,37.2,29.7,33.5,59.2,26.7,34.5,3.43,15.29,0,37.1,33.9,35.2,32,31.7,32,1.4,1,223,40,6.1,17.2,4.6,5.2,1.78,15.6
2022,216,12,33.2,22.4,28.9,98.9,38.1,60.5,1.71,19.54,17.27,35,31.2,32.9,32,31.5,31.8,1.3,.6,198,51,8.5,14.2,4.7,4.7,2.33,19.9
2022,217,12,38.2,24.6,31.6,87.9,23.1,49.7,2.65,27.33,0,37.1,29.4,32.8,31.5,30.9,31.2,.7,.5,219,31,5.1,15.8,7,6,2.14,18.6
2022,218,12,41.3,27.5,34.5,61.8,17.3,36.7,3.72,25.87,0,38.6,31.9,35.1,31.4,31,31.2,.8,.5,235,38,6.8,16.7,7,6.1,1.88,16.5
2022,219,12,38.4,29.8,33.8,53.7,25.8,36.2,3.43,22.99,0,38.5,33.3,35.8,31.8,31.4,31.6,1.9,.4,256,67,10.6,17.2,7.1,7,1.88,16.5
2022,220,12,38.5,28.6,33.5,56,26.3,40.5,3.19,25.61,0,39.3,33.6,36.3,32.1,31.8,31.9,1.5,.6,212,57,6.3,17,7.2,6.7,2.05,17.9
2022,221,12,36.9,23.3,30.4,92.3,31.6,54.5,2.21,18.55,2.29,37.5,33,35,32.3,32,32.2,1.4,.3,171,64,12.4,15.1,4.8,5.1,2.23,19.2
2022,222,12,38.9,28.1,32.3,62.1,27.7,45.6,2.73,23.41,0,38.4,32.4,35.1,32.1,31.8,32,1.7,.1,275,73,9.1,16.9,6.6,6.6,2.16,18.7
2022,223,12,39.4,26.6,33.2,67.1,21,40.6,3.22,25.82,0,39.4,33.3,36.2,32.1,31.9,32.1,1.2,.9,110,35,5.2,16.5,7.1,6.4,1.98,17.3
2022,224,12,38.8,24.1,31.4,85,28.1,50.1,2.49,18.86,.51,38.4,34.5,36.2,32.4,32.1,32.4,1.8,.8,89,51,14.5,15.5,5.6,5.8,2.21,19.1
2022,225,12,39.7,24.7,32.4,84.9,21.3,46.8,2.95,26.03,0,38.5,32.1,35,32.5,32.1,32.3,1.3,.4,155,55,10.3,15.8,7,6.5,2.09,18.2
2022,226,12,37.4,26.9,30,75.7,30.9,55,2.01,16.78,0,37.3,33.9,35.5,32.4,32.1,32.3,1.6,.4,29,61,9.8,16.5,4.7,5.2,2.29,19.6
2022,227,12,37.8,24.7,31.7,85.8,25.3,50.9,2.55,25.94,0,38.5,32.6,35.3,32.3,32.1,32.2,1.1,.7,236,41,5.5,15.7,6.8,6.1,2.23,19.2
2022,228,12,40,26.3,34.1,73.4,23.9,40,3.43,26.28,0,39.7,33.9,36.7,32.5,32.2,32.3,1.2,.8,228,38,6.7,16.4,7.4,6.5,2.05,17.9
2022,229,12,40.2,28.6,33.9,63.4,25.5,40.9,3.24,22.84,0,39.8,35,37.3,32.9,32.5,32.7,1.4,.2,301,65,9.4,17,6.6,6.3,2.12,18.4
2022,230,12,39.4,23.4,31.3,91.2,26.2,54.6,2.42,24.84,13.97,40.1,34.7,37.1,33,32.8,33,1.5,.5,75,56,10.9,15.3,6.7,6.4,2.32,19.8
2022,231,12,35.5,23.7,28.2,93.3,37.7,70,1.28,17.14,6.35,36.4,32.3,33.7,33.1,32.5,32.9,1.2,.2,93,62,11,15.1,4,4.4,2.61,21.8
2022,232,12,35,24.5,29,88.8,40.5,64.5,1.54,21.25,0,34.6,30.1,32.1,32.5,31.6,32,1.2,.4,145,55,9.5,15.4,5.1,5.1,2.53,21.3
2022,233,12,34.7,24,28.4,83.3,34.2,60.3,1.65,24.61,0,36.5,29.9,32.9,31.6,31.2,31.4,1.2,.4,258,58,7,15.2,6.1,5.6,2.29,19.6
2022,234,12,36.4,23.7,30.3,79.1,28.9,53.3,2.19,24.94,0,37.1,30.6,33.8,31.4,31.2,31.3,.8,.2,205,53,4.8,15.2,6.1,5.4,2.22,19.2
2022,235,12,39.7,27.1,32.2,70.2,27.5,47.8,2.64,23.63,3.56,38.2,32.5,34.9,31.6,31.3,31.5,.9,.3,163,52,11.7,16.6,6.2,5.6,2.24,19.3
2022,236,12,37.6,27.2,32.3,58.3,24,41.3,2.95,20.68,0,35.5,30.3,32.8,31.7,31.3,31.5,1.5,.9,84,49,5.8,16.6,5.8,5.8,1.94,17
2022,237,12,38.5,28,33.1,66.5,27.8,42.4,3.03,23.23,0,37.2,31.6,34.2,31.4,31.2,31.3,1,.2,112,60,4.9,16.8,6.3,5.6,2.09,18.2
2022,238,12,39.6,28.4,34,71.4,21.1,41.5,3.32,23.47,0,38,32.8,35.3,31.7,31.3,31.5,1.2,.2,288,59,6,17,6.8,6.1,2.11,18.3
2022,239,12,38.8,26.8,32.2,67.4,25.9,42.4,2.9,19.25,0,36.9,33.2,35.2,31.9,31.7,31.9,1.2,.3,10,53,8,16.5,5.4,5.3,1.99,17.4
2022,240,12,38.5,26.5,33.1,68,27.6,40.9,3.17,24.47,0,37.9,32.4,35,32,31.8,31.9,.9,.5,259,41,5.1,16.4,6.7,5.7,2,17.5
2022,241,12,41.1,27.6,34.5,60.8,20,36.8,3.68,24.48,0,38.7,33.4,36,32.2,31.9,32.1,1,.7,260,34,6.7,16.8,7,6,1.92,16.8
2022,242,12,43.9,26.4,35.1,63.7,12.5,33,4.19,24.69,0,38.4,33.3,35.9,32.4,32.2,32.3,.9,.6,142,35,7.6,16.6,6.9,5.9,1.69,14.9
2022,243,12,41.5,29.6,35.5,48.6,15.7,26.8,4.39,24.3,0,39,33.6,36.2,32.5,32.3,32.4,1.1,.5,150,49,7.3,17.2,7.1,6,1.49,12.9
2022,244,12,40.3,29.6,34.9,45.9,21,32.2,3.92,23.95,0,39.2,33.9,36.5,32.7,32.5,32.6,1.2,.5,143,51,7,17.2,6.9,6,1.76,15.5
2022,245,12,40.4,27.3,34.1,60.9,18.4,35.1,3.64,23.85,0,38.9,33.9,36.4,32.9,32.7,32.8,1,.2,89,56,6.2,16.7,6.7,5.7,1.81,15.9
2022,246,12,40.2,27.2,34,72.3,15.8,39.8,3.46,23.84,0,38.2,33.9,36.1,32.9,32.7,32.8,1.5,1.2,116,30,8.2,16.6,7.2,6.4,1.97,17.3
2022,247,12,40.9,29.6,35,57.3,14,28.3,4.19,23.78,0,38.4,33.6,36,32.9,32.7,32.8,1.6,1.3,112,31,6.9,17.2,7.4,6.6,1.53,13.3
2022,248,12,41.3,27,34.7,48.5,15,26.5,4.27,23.92,0,38.4,33.1,35.7,32.8,32.6,32.7,.7,.4,124,36,5.2,16.6,6.7,5.1,1.41,12
2022,249,12,42,29.5,35.4,47.8,12.7,24.1,4.52,23.57,0,38,33.1,35.6,32.8,32.5,32.7,1.3,.9,128,36,6.6,17.2,7.3,6.2,1.33,11.2
2022,250,12,40,27.1,33.8,72.4,16.1,41.3,3.35,22.9,0,38.3,33.3,35.7,32.7,32.5,32.6,.9,.6,201,41,7.6,16.6,6.3,5.4,2.01,17.6
2022,251,12,38.6,27.4,32.6,66,21.9,43.2,2.98,18.01,0,37.7,34,35.8,32.7,32.6,32.6,1.1,.8,235,37,5.2,16.7,4.9,4.9,2.03,17.7
2022,252,12,36.6,23.4,30.2,90.5,26.6,49.2,2.4,18.24,2.03,37.5,33.7,35.5,32.7,32.5,32.6,1.3,.7,230,43,9.4,15.1,4.9,4.8,1.99,17.4
2022,253,12,33.5,22.7,28,95.9,37.9,65,1.51,19.61,2.29,35.3,31.8,33.6,32.6,32.2,32.4,.8,.3,276,48,4.9,14.4,4.5,4.2,2.35,20.1
2022,254,12,38,22.7,30.6,92.7,26.1,52,2.45,22.23,12.19,36.2,30.9,33.3,32.2,31.7,31.9,1.2,.6,145,43,13.3,15,5.9,5.3,2.11,18.3
2022,255,12,35.1,23.1,29.3,90.2,32.7,55.8,2.01,21.83,.25,34.7,30.3,32.5,31.8,31.4,31.6,1.1,.4,218,55,5.2,14.8,5.5,4.9,2.16,18.7
2022,256,12,33.9,23.8,29.4,80.2,27.3,48.4,2.2,19.35,0,34.7,30.1,32.4,31.4,31.1,31.3,1.4,.4,158,63,6.1,15,5.1,4.8,1.93,17
2022,257,12,35.1,23,29.3,70.7,19.6,41.3,2.57,22.09,0,35.3,29.8,32.4,31.2,30.9,31,.7,.1,252,53,4.4,14.8,5.6,4.5,1.6,14
2022,258,12,35.2,23,29.4,60.2,22,37.1,2.71,21.38,0,35.4,30.1,32.7,31,30.8,30.9,.5,.2,165,41,4.7,14.8,5.4,4.1,1.47,12.7
2022,259,12,35,23.2,29.1,62.8,23.8,40.6,2.55,22.31,0,35.6,30.3,32.9,31,30.8,30.9,.7,.3,200,42,6,14.9,5.7,4.5,1.57,13.7
2022,260,12,36,22.5,29.3,60.5,15.9,35.2,2.85,22.74,0,35,29.8,32.4,31,30.7,30.9,.9,.4,150,43,4.9,14.7,6.1,4.7,1.35,11.4
2022,261,12,37.6,20.1,29.2,54.4,11.9,27.8,3.2,22.8,0,34.5,28.8,31.7,30.9,30.5,30.7,.6,.1,195,52,4.2,13.8,6,4.2,1.03,7.4
2022,262,12,39.1,22.9,31,55.5,16.7,28.4,3.46,21.75,0,34.6,29,31.8,30.6,30.3,30.5,.7,.2,174,53,4.1,15.1,6,4.5,1.23,10
2022,263,12,34.3,24,29.9,78.7,21.4,42,2.51,11.88,.51,33.1,30.1,31.4,30.5,30.3,30.4,.8,.3,298,46,6.7,15.1,3.2,3.2,1.75,15.4
2022,264,12,28.3,24.1,25.7,92,61.9,80,.67,7.25,3.3,31.4,28.8,29.8,30.3,29.8,30.1,.7,.4,358,33,4.3,13.4,1.2,1.9,2.64,22
2022,265,12,33.1,24.2,28,98,42,71,1.22,10.65,.3,30.2,27.8,28.9,29.8,29.2,29.5,.4,.2,297,33,4.6,15.1,2,2.5,2.6,21.7
2022,266,12,37,23.6,29.6,89,28,56,2.06,19.25,0,33.5,27.8,30.3,29.2,29,29.1,.9,.2,3,53,8.3,15.3,4.9,4.4,2.19,18.9
2022,267,12,38.1,23,30.5,75,19,44,2.77,21,0,34.3,28.8,31.4,29.4,29.1,29.3,.8,.4,234,40,4.6,15.1,5.3,4.5,1.75,15.4
2022,268,12,39.3,22.6,30.9,67,9,28,3.55,21.52,0,34.6,29.4,32,29.6,29.4,29.5,.6,.1,149,50,4.7,15,5.8,4.1,1.11,8.5
2022,269,12,39.5,21.9,31.7,49,17,27,3.66,19.59,0,33.8,28.9,31.4,29.8,29.6,29.7,1.6,1.4,95,23,7,14.8,6.2,5.5,1.21,9.8
2022,270,12,38.2,26.3,32.3,46,15,27,3.63,20.36,0,34.2,29.9,32,29.8,29.6,29.7,1.9,1.7,92,23,8.9,16.3,6.8,6,1.28,10.6
2022,271,12,37.7,25.7,31.5,47,19,28,3.44,19,0,33.6,29.1,31.4,29.8,29.6,29.7,1.4,1.1,118,35,6.4,16.1,6.2,5.1,1.28,10.6
2022,272,12,36.3,23.7,30.1,56,12,32,3.08,20.26,0,34.2,29.7,31.9,29.7,29.6,29.6,1.1,.7,121,38,5.8,15.2,5.9,4.6,1.27,10.5
2022,273,12,35.9,22.3,28.9,53,17,34,2.8,19.97,0,34.1,29.4,31.7,29.8,29.6,29.7,.9,.5,126,41,4.8,14.6,4.6,4.2,1.29,10.7
2022,274,12,34.7,23,28.5,59,22,41,2.45,19.65,0,34.2,29.6,31.8,29.7,29.6,29.7,.9,.5,126,42,6,14.8,4.9,4.1,1.52,13.2
2022,275,12,35.2,23.8,29.1,63,23,42,2.5,19.38,0,33.9,29.3,31.6,29.7,29.5,29.6,.8,.4,132,42,4.5,15.1,4.7,4,1.61,14.1
2022,276,12,36.1,22.3,27.4,65,21,40,2.35,16.9,0,33,29.1,31,29.7,29.4,29.6,1.5,.9,26,37,15.4,14.6,4.4,4.7,1.41,12.1
2022,277,12,33.2,18.7,26.5,65,24,40,2.24,19.21,0,32.6,28.1,30.3,29.5,29.1,29.3,1,.6,97,41,5.7,12.5,4.7,3.9,1.33,11.2
2022,278,12,33.8,19.3,27.3,67,22,39,2.35,18.31,0,32.5,28,30.3,29.2,28.9,29.1,.5,.1,241,45,4.4,12.9,4.2,3.3,1.36,11.5
2022,279,12,33.5,22,27.8,53,21,35,2.52,19.37,0,33,28.7,30.8,29,28.9,29,1.1,.4,75,54,6.7,14.1,4.8,4.1,1.26,10.4
2022,280,12,32.5,20.7,26.7,53,22,36,2.34,17.24,0,32.2,28.5,30.4,29.1,28.8,29,1.3,1.1,98,30,6.4,13.3,4.7,4.1,1.23,10
2022,281,12,31.2,20.2,25.3,65,27,44,1.9,14.46,0,31.1,28.1,29.7,28.9,28.7,28.8,1.2,1.1,95,20,6.7,12.8,3.7,3.5,1.38,11.7
2022,282,12,31.4,19.9,25.9,62,23,39,2.17,18.58,0,31.4,27.3,29.3,28.7,28.4,28.5,1.1,1,100,22,6.4,12.7,4.5,3.8,1.24,10.1
2022,283,12,32.2,18.9,26,62,22,37,2.22,18.42,0,31.6,27.3,29.4,28.5,28.2,28.4,.8,.5,111,33,5.6,12.4,4.1,3.5,1.21,9.8
2022,284,12,33.5,18.8,26.4,57,19,35,2.39,18.33,0,31.7,27.2,29.4,28.3,28.1,28.3,.5,.2,175,40,4.3,12.6,4.2,3.1,1.15,9
2022,285,12,34.5,19,26.6,56,18,34,2.48,18.33,0,31.6,27.2,29.4,28.3,28.1,28.2,.4,.2,188,35,3.9,12.9,4.1,2.9,1.13,8.8
2022,286,12,35.5,17.7,26.9,58,14,31,2.69,18.19,0,31.5,27,29.2,28.2,28,28.1,.5,.2,222,40,4,12.5,4.3,3,1.01,7.1
2022,287,12,35.8,18.5,27.1,51,13,28,2.82,18.13,0,31.3,26.8,29.1,28.1,27.9,28,.6,.3,147,42,4,12.9,4.2,3.1,.93,5.9
2022,288,12,26.2,17.4,21.5,98,34,66,.95,7.46,26.7,29.7,25.4,27.5,28,27.7,27.9,1.2,.4,324,53,10.9,9,1.3,2.2,1.63,14.3
2022,289,12,25.2,15.7,20.1,100,44,74,.71,13.84,2,25.7,23,24.5,27.7,26.6,27.1,.6,.3,119,43,6,7.7,2.4,2.3,1.68,14.8
2022,290,12,28.4,15.3,22.1,86,26,53,1.44,17.72,0,26.5,21.7,23.9,26.6,25.9,26.2,.9,.7,79,26,5.9,9.1,3.9,3.1,1.3,10.8
2022,291,12,29.2,15.5,23.2,82,24,46,1.68,17.83,0,27.1,22.3,24.7,25.9,25.5,25.7,1.3,1.2,92,20,7.1,9.6,4.3,3.5,1.23,10
2022,292,12,29.8,16.8,24,62,18,34,2.06,17.68,0,27.3,23.3,25.2,25.6,25.4,25.5,1.7,1.6,85,22,7.6,10.5,4.6,4.1,.98,6.7
2022,293,12,32.6,15.2,23.6,68,17,37,2.04,15.96,0,26.9,22.4,24.7,25.5,25.2,25.3,.4,.3,85,29,3.4,10.7,3.4,2.5,1,7
2022,294,12,31.6,16.6,23.7,70,21,42,1.88,17.15,0,27.4,22.6,25,25.2,25,25.1,.6,.2,167,38,4.5,11.1,4,2.8,1.17,9.3
2022,295,12,30,18.5,23.7,65,29,49,1.6,15.97,0,27.4,23.2,25.3,25.2,25,25.1,1.9,1.2,217,45,8.8,11.5,4.2,3.9,1.4,12
2022,296,12,24.7,16.6,20.7,73,13,41,1.46,14.41,0,26.4,23.6,25,25.2,25,25.1,2.6,1.8,254,42,7.5,7.9,3.9,4,1,7
2022,297,12,22.5,10.3,16.4,56,12,24,1.48,17.49,0,24.7,21.2,23.1,25,24.5,24.8,1.8,1.1,338,43,7.5,4.1,4.5,3.5,.42,-5
2022,298,12,24.1,8.1,16.1,59,11,32,1.39,17.26,0,23.6,19.3,21.6,24.5,23.9,24.2,.5,.1,251,48,3.8,4.5,3.3,2.1,.52,-2.2
2022,299,12,25.1,9.9,17.4,53,11,31,1.52,16.83,0,23.3,19,21.2,23.9,23.4,23.6,.5,.2,160,47,3.7,5.3,3.3,2.1,.56,-1.2
2022,300,12,26.3,10,18.1,57,7,27,1.68,16.74,0,23.2,19,21.1,23.4,23,23.2,.8,.3,339,50,5.3,5.9,3.9,2.5,.51,-2.5
2022,301,12,25.5,9.1,17.5,40,9,21,1.7,16.97,0,22.4,18.3,20.5,23,22.6,22.9,.9,.7,94,30,5.4,5.3,3.8,2.6,.4,-5.7
2022,302,12,28,10.4,18.9,49,13,29,1.72,16.55,0,22.7,18.3,20.5,22.6,22.3,22.5,.6,0,250,57,3.9,6.7,3.6,2.3,.59,-.5
2022,303,12,25.1,10.5,17.2,58,17,37,1.36,11.77,0,21.6,18.4,20.1,22.4,22.1,22.3,.4,.2,304,36,2.9,5.4,2.2,1.8,.68,1.5
2022,304,12,28.1,9,18.2,63,11,34,1.59,16.17,0,21.9,17.8,19.8,22.1,21.8,22,.5,.1,148,51,3.1,6.5,3.3,2.1,.63,.4
2022,305,12,26.6,12.9,18.8,51,16,32,1.57,10.28,0,21.4,18.5,20,21.9,21.7,21.8,.6,.2,79,47,3.4,7,1.9,2,.67,1.3
2022,306,12,25.4,14.7,19.6,49,31,39,1.41,11.32,0,21.6,18.4,20,21.7,21.5,21.6,1.8,.9,175,56,8,7.3,2.5,3.2,.9,5.4
2022,307,12,18.7,6.9,12.9,85,25,51,.77,8.16,.8,20.8,17.6,19.4,21.6,21.4,21.5,1.9,1.4,233,39,9.5,1.9,1.7,2.3,.73,2.5
2022,308,12,17.3,4.3,10.6,95,26,60,.61,15.51,0,18.2,15,16.7,21.4,20.6,21,.4,.1,218,38,3.7,1.2,2.4,1.5,.71,2.1
2022,309,12,20.5,6,12.7,76,23,49,.84,14.15,0,18.4,14.9,16.6,20.6,20,20.3,.4,.1,176,40,4.2,2.5,2.5,1.6,.68,1.5
2022,310,12,26.3,6.1,15.9,79,17,44,1.21,15.22,0,19.1,15,17,20,19.7,19.9,.4,.1,131,41,3.9,5.1,3,1.8,.72,2.3
2022,311,12,26.6,9.6,17.2,59,16,38,1.36,14.36,0,19.8,16,17.8,19.9,19.7,19.8,.4,.1,40,48,2.9,5.9,2.8,1.7,.7,1.9
2022,312,12,25.2,10,17.8,62,27,45,1.22,14.76,0,19.6,16.5,18.1,19.9,19.8,19.8,.9,.5,143,39,5,5.4,3.2,2.2,.9,5.4
2022,313,12,20.4,11.9,14.3,94,52,75,.42,6.63,3,18.7,16.7,17.5,19.9,19.7,19.8,1.2,.3,135,61,7.5,3.5,.9,1.6,1.22,9.9
2022,314,12,20.2,6.5,13.3,99,22,58,.76,15.19,0,17.3,14.7,16.1,19.7,19.2,19.5,.5,.1,324,43,3.7,2.5,2.7,1.6,.81,3.9
2022,315,12,20.7,5.8,13.2,71,15,40,1.03,14.47,0,16.6,13.2,14.9,19.2,18.7,19,.6,.1,348,53,3.7,2.6,2.7,1.7,.55,-1.4
2022,316,12,23,4.8,13.3,73,17,43,1.04,14.57,0,16.6,12.8,14.7,18.7,18.2,18.5,.4,.2,193,32,2.8,3.5,2.6,1.5,.58,-.7
2022,317,12,18.9,5.7,12.2,72,16,41,.94,14.34,0,16,12.8,14.5,18.3,17.9,18.1,1.3,.8,251,38,7.1,1.8,3,2.2,.54,-1.7
2022,318,12,18.7,4.4,11.7,70,20,41,.89,14.27,0,15.8,12.4,14.1,17.9,17.6,17.8,.6,.1,109,54,4.4,1.7,2.3,1.5,.53,-1.9
2022,319,12,21.9,3.1,12.7,80,16,40,1.04,14.12,0,15.6,12.1,13.9,17.6,17.3,17.5,.5,.1,331,44,4.3,2.9,2.5,1.5,.52,-2.2
2022,320,12,21,8.9,14.4,21,7,13,1.48,14.49,0,15.7,12.8,14.2,17.3,17.2,17.3,1.8,1.6,14,26,5.5,3.1,4,3,.21,-13.8
2022,321,12,22.3,4.4,13.2,59,11,24,1.25,14.23,0,15.6,12.2,13.9,17.2,16.9,17.1,.4,.2,50,34,3.1,3.1,2.6,1.3,.34,-7.8
2022,322,12,21.4,5.4,12.8,75,17,37,1.04,12.77,0,15.2,11.8,13.5,17,16.7,16.9,.3,.1,263,32,4,2.9,2.4,1.2,.51,-2.5
2022,323,12,24.1,5.6,14.6,62,15,32,1.27,13.39,0,15,11.8,13.5,16.7,16.5,16.7,.5,.4,62,29,4.9,4,2.8,1.5,.49,-3
2022,324,12,22.5,7.5,14.1,57,16,30,1.21,13.47,0,14.4,11.4,13,16.5,16.3,16.4,.7,.5,98,29,5.4,3.6,2.9,1.7,.47,-3.6
2022,325,12,23.1,4.5,13.5,59,12,32,1.21,13.62,0,14,10.5,12.3,16.3,15.9,16.1,.2,.1,109,32,2.8,3.4,2.4,1,.44,-4.4
