2018,1,1,25.5,1.7,12.8,84.8,9.1,35.7,1.22,12.93,0,15,5.1,9.3,10.5,10,10.3,1.2,.4,307,66,4.7,4.2,3,2.4,.44,-4.5
2018,2,1,23.9,3.8,12.3,82.6,9.6,36.5,1.11,13.17,0,15.1,6.1,9.6,10.7,10.2,10.4,1,.2,318,73,4.8,3.7,2.9,2,.45,-4.2
2018,3,1,23.4,2.1,13.8,94.5,9.1,29.9,1.37,9.71,0,12.5,5.2,8.8,10.7,10.2,10.4,1.6,1.4,106,27,7.1,3.4,2.8,2.7,.38,-6.6
2018,4,1,24.2,7.3,16.1,61.6,18.1,30.8,1.35,12.04,0,16.6,9.3,11.6,11.2,10.5,10.7,1.2,.1,97,76,5,4.4,3,2.2,.55,-1.7
2018,5,1,25.7,2.3,13,93.3,11,46.3,1.08,13.47,0,16.4,6,10.4,11.3,10.8,11.1,.9,.1,22,75,3.6,4.3,2.8,1.9,.6,-.3
2018,6,1,25,2.5,13.6,86.1,13.9,40.1,1.16,11.37,0,15.3,6.2,10.2,11.3,10.8,11.1,1.1,.2,315,72,5.2,4,2.6,2.2,.54,-1.6
2018,7,1,23.8,7.8,14.7,73.5,24.1,41.9,1.09,12.91,0,16.8,8.6,11.8,11.7,11.1,11.3,.7,.1,102,72,4.2,4.3,2.6,1.7,.68,1.3
2018,8,1,26.2,6.4,15.2,82.9,21.6,47,1.11,10.93,0,16.7,8.3,11.8,11.9,11.4,11.6,.7,.3,86,58,3.5,5.1,2.2,1.8,.75,2.9
2018,9,1,24,11.7,18,66.8,22.7,41.8,1.28,5.53,0,14.3,10.1,11.9,12.1,11.8,11.9,1.8,1.3,129,42,9.3,5.2,1.7,2.6,.84,4.3
2018,10,1,17.3,8.8,11.9,97.7,48.5,74.9,.38,6.42,2.03,14.1,10,12,12.3,12.1,12.1,2.4,2.1,290,27,9.6,1.5,.9,1.7,1.03,7.3
2018,11,1,19.4,3.2,10.6,100,32.6,76.2,.41,13.91,0,16.1,7.1,10.8,12.3,11.8,12,1.1,.5,283,58,5.3,1.9,2.2,1.6,.92,5.7
2018,12,1,21,1,9.8,100,27.2,71.8,.52,13.51,0,15.1,6,9.9,12.1,11.5,11.8,1,.5,284,55,5.8,2.3,2.3,1.7,.79,3.6
2018,13,1,26.8,1.1,11.9,100,10.4,56,1.01,14.52,0,15.4,5.5,9.8,11.8,11.2,11.5,.9,.5,101,56,5.2,4.8,3,2.2,.61,-.2
2018,14,1,28.7,.3,12.1,84.4,6.4,46.8,1.11,13.41,0,15.1,5.2,9.5,11.6,11,11.3,.6,.2,79,67,5.2,5.4,2.7,1.9,.52,-2.3
2018,15,1,24.1,1.3,11.7,91.4,13.2,43.6,1.04,14.07,0,15.4,5.8,9.7,11.4,10.9,11.2,1.3,.5,313,61,6.1,3.6,3.1,2.4,.51,-2.5
2018,16,1,21.9,5.5,13.5,80,15.6,32.5,1.16,12.64,0,14.6,7.2,10,11.4,11,11.2,2.1,1.9,100,29,7.1,3.1,3.4,3.1,.46,-4.1
2018,17,1,21.5,3.7,11.9,62.5,15,32.2,1.05,14.29,0,15.4,6,9.8,11.4,10.9,11.2,1.1,0,357,79,8.1,2.7,3,2.2,.42,-5.1
2018,18,1,23.3,-.4,10.5,90,13.4,41.5,1,14.67,0,15.3,4.9,9.2,11.3,10.7,11,.9,.1,356,76,5.4,3.2,3,2,.45,-4.1
2018,19,1,25.5,2.4,12.8,86.6,10.4,32.8,1.22,14.75,0,15.4,5.2,9.4,11.1,10.6,10.9,1.3,1.2,90,26,4.9,4.3,3.4,2.7,.42,-5
2018,20,1,19.6,5.6,10.2,98.3,22.1,54.5,.65,5.68,3.56,10.6,5.8,8.3,11.1,10.6,10.8,2.4,.5,319,72,11.2,2.2,1.4,2.6,.64,-.2
2018,21,1,11.2,-1,5.1,100,22.3,59.3,.43,15.19,.25,11.5,3.8,6.9,10.7,10.1,10.4,2,1.7,294,34,7.8,0,2.7,1.8,.47,-3.9
2018,22,1,14.6,-3.8,4.4,91.1,17.6,53.1,.52,13.03,0,11.4,2.4,5.8,10.2,9.4,9.7,1.1,.5,296,61,5.2,.2,2.1,1.7,.39,-6.2
2018,23,1,17.6,-5.2,5.3,89.8,12.6,48.2,.65,15.69,0,11.3,2.1,5.7,9.6,8.9,9.2,1.3,.6,302,58,6.5,1,3,2.1,.36,-7.2
2018,24,1,23.3,-.7,13.8,67.2,4.5,18.5,1.51,16.07,0,12.5,2.4,6.5,9.2,8.7,9,2.8,2.4,106,30,8.9,3.1,4.9,4.3,.23,-13.1
2018,25,1,24.5,1.3,13,51,6.2,22.5,1.35,15.42,0,14.2,3.6,8,9.5,8.9,9.1,1.1,.7,96,49,4.6,3.8,3.6,2.6,.29,-9.8
2018,26,1,19.2,0,10.1,64.8,12,30.9,.98,15.87,0,13.4,3.9,7.9,9.6,9.2,9.4,1.6,.9,306,55,7.5,1.7,3.6,2.6,.34,-7.7
2018,27,1,21.4,-2.4,8.8,84.7,10.4,36.9,.93,16.02,0,13.1,3,7.3,9.6,9,9.3,1.5,.9,299,52,6.7,2.3,3.5,2.7,.35,-7.3
2018,28,1,25.3,-1.4,11.3,92.2,3.6,29.2,1.28,16.34,0,14,3,7.6,9.5,8.9,9.2,1.4,.2,40,74,7.4,3.9,4,3,.29,-9.8
2018,29,1,27.4,5.2,20.2,40.3,2.6,11.2,2.21,16.69,0,14.3,5.9,9,9.8,9.2,9.4,4.1,3.8,96,20,12.3,5.5,6.7,6.3,.24,-12.1
2018,30,1,26.8,6.2,16.9,38.1,7.8,20.6,1.68,15.26,0,16.1,5.9,10,10.2,9.6,9.8,2,1.1,92,53,9.2,5.3,4.3,3.8,.37,-6.9
2018,31,1,26.5,0,12.6,74.8,2.9,27.4,1.36,16.9,0,15.9,4.4,9.1,10.2,9.7,10,1.2,.3,313,72,5.7,4.5,4,2.9,.32,-8.6
2018,32,1,27.2,1.1,13.2,72.9,3.8,23.9,1.46,17.05,0,16.1,4.4,9.2,10.2,9.7,10,1.2,.3,28,71,5.2,4.8,4.1,3,.29,-9.8
2018,33,1,26.9,2.4,14.2,62.8,6.7,23.7,1.47,16,0,16.6,5,9.9,10.4,9.8,10.1,1.3,.4,338,67,5.6,4.9,4,3,.34,-7.9
2018,34,1,24.7,5,14.2,63.7,8.9,28.3,1.35,16.71,0,16,6.9,10.6,10.7,10.3,10.4,1.4,.6,304,61,6.3,4.3,4.2,3.1,.4,-5.6
2018,35,1,25.8,2.4,13.6,67.4,12.7,30.9,1.32,16.94,0,16.6,5.4,10.1,10.8,10.2,10.5,1.2,.3,309,72,5.3,4.5,3.9,2.9,.43,-4.8
2018,36,1,26,3.6,14.2,69.3,11,32.1,1.35,16.88,0,16.8,5.9,10.4,10.9,10.4,10.6,1.3,.3,320,70,6.2,4.6,4,3.1,.46,-3.9
2018,37,1,25.5,3.9,15.1,77.2,11.6,30.6,1.42,17.11,0,16.6,5.9,10.5,10.9,10.5,10.7,1.8,.7,291,62,8.9,4.5,4.4,3.5,.47,-3.7
2018,38,1,24.9,1.9,13.3,82.3,10.3,34.4,1.24,17.53,0,17.2,6.1,10.7,11.1,10.6,10.9,.8,.2,302,73,4.5,4,3.8,2.4,.45,-4.2
2018,39,1,28.3,.5,14.1,70.6,1.8,24.2,1.59,18.06,0,17,5.2,10.1,11.1,10.6,10.9,1.1,.2,19,74,6.2,5.3,4.4,3.1,.3,-9.6
2018,40,1,27.1,2,14,58.8,4.7,21.9,1.55,18.04,0,16.6,5.4,10.1,11.1,10.6,10.9,1.4,.4,330,68,7.6,4.9,4.6,3.4,.29,-9.8
2018,41,1,26.4,5.7,14.8,49.2,6.4,20.7,1.54,16.86,0,16.2,5.9,10.2,11.1,10.6,10.8,1.7,.5,141,67,8.4,5.1,4.6,3.7,.31,-8.9
2018,42,1,23.7,4.9,15.4,58,16.2,28.7,1.38,17.57,0,17.4,6.8,11.2,11.2,10.7,10.9,1,.2,180,72,5.4,3.8,4,2.7,.49,-3.4
2018,43,1,22,6.5,15.4,72.8,23.7,44.7,1.06,16.85,0,16.4,7.7,11.6,11.5,11.1,11.2,2,1,182,57,9.4,3.2,4,3.2,.75,2.7
2018,44,1,22.9,8,15.6,72.9,15.8,43.6,1.13,15.64,0,16.7,8.4,12.1,11.8,11.3,11.5,1.5,.8,115,57,5.9,3.9,3.4,3,.71,1.9
2018,45,1,18.2,10.1,12.6,99.4,30.7,60.5,.61,3.98,9.4,13.1,9.9,11.4,11.8,11.6,11.7,.6,.2,77,62,4.4,2.1,.3,1.2,.87,4.1
2018,46,1,14,10.4,11.7,100,89.4,98.6,.02,4.22,21.34,13.9,11.4,12.3,12,11.8,11.8,1.3,1.2,274,26,4.8,.3,0,.8,1.36,11.5
2018,47,1,16.1,12.1,13.5,100,79.1,96.6,.06,4.63,4.32,15,12.4,13.6,12.5,12,12.2,.7,.5,284,36,4.1,1.5,0,1,1.49,12.9
2018,48,1,22.2,10.6,14.7,100,30.8,81.1,.41,15.08,0,19.3,12.3,14.9,13.1,12.4,12.6,1.1,.3,274,68,6.2,4,2.6,2.4,1.3,10.8
2018,49,1,21,8.3,15,100,36.4,71.6,.59,12.55,0,18.4,11.1,14.3,13.3,13,13.1,1.2,.5,234,62,6.8,3.1,2.2,2.1,1.16,9.1
2018,50,1,19.2,8,14.3,85.8,33.9,59.3,.71,13.34,.25,16.9,10.9,13.6,13.4,13.1,13.3,3.2,1.8,236,54,11.4,2.2,3.1,2.9,.94,5.9
2018,51,1,12.4,2,7.6,91.7,25.2,53.2,.53,14.03,0,15,8.1,10.9,13.4,12.7,13,1.9,1.3,296,46,8.1,0,2.4,2.2,.53,-2.1
2018,52,1,16.1,.2,8.3,98.3,22.2,53.8,.64,17.86,0,15.5,6,9.8,12.7,11.8,12.2,1.9,.9,299,59,7.8,.7,3.5,2.7,.51,-2.7
2018,53,1,14.7,-.5,7.7,90.5,17.6,44.3,.67,19.71,0,15.4,5.9,9.9,12.1,11.6,11.8,1,.2,314,73,5.4,.3,3.3,2.3,.42,-5.4
2018,54,1,17.8,-1.3,8.2,97.8,13.1,50.9,.7,20.14,0,15.4,4.9,9.2,11.8,11.1,11.4,2.5,1.5,294,52,10.1,1.1,4.2,3.4,.47,-3.7
2018,55,1,13.3,-.5,7.1,81.3,20.2,41.7,.65,20.46,0,15.2,5.2,9.2,11.4,10.9,11.2,1.7,1.2,285,42,7.5,0,3.7,2.7,.39,-6.1
2018,56,1,16.7,-2.4,6.9,91.6,13.4,46.5,.7,20.68,0,15.3,4.1,8.7,11.3,10.6,10.9,1,.3,289,66,5.3,.8,3.6,2.6,.38,-6.5
2018,57,1,23.3,-2.1,10,92.4,7.3,39.9,1.02,20.97,0,16.4,4.2,9.2,11,10.4,10.7,1.2,.2,33,74,6.7,3,4.4,3.3,.38,-6.4
2018,58,1,21.7,.8,11.9,84.4,7.9,34.9,1.09,19.8,0,14.6,5,9.3,10.9,10.4,10.7,2.6,1,190,63,11.3,2.6,5,4.2,.43,-5.4
2018,59,1,12.5,2.5,7.6,96.7,28.8,69.2,.37,14.79,5.59,13.4,7.1,9.9,11,10.8,10.9,2,1.5,302,40,9,0,2.3,2.1,.69,1.4
2018,60,1,21.4,-1.7,9.7,100,14.7,56.4,.8,21.54,0,16.3,4.3,9.5,11,10.4,10.7,.8,.2,354,72,4.6,2.3,3.9,2.8,.55,-1.5
2018,61,1,26.5,1.9,13.3,94.4,9,49.3,1.11,21.75,0,17.5,5.8,10.9,11.1,10.6,10.8,1.3,.3,49,70,7.8,4.7,4.7,3.8,.6,-.5
2018,62,1,25.2,3.6,14,97,6,42.8,1.25,21.94,0,18,6.7,11.4,11.5,10.9,11.2,1.5,.3,212,73,7.9,4.3,5.1,3.9,.52,-3.1
2018,63,1,19.9,4.1,12.7,76.8,22.8,42,.94,21.78,0,17,7.1,11.4,11.6,11.2,11.4,2.7,2,301,42,8.8,2.1,5,4,.59,-.5
2018,64,1,20.2,2.6,11.9,88.3,13.1,42.9,.96,22.12,0,17.3,6.9,11.5,11.8,11.3,11.5,1.7,1.3,287,39,7.7,2.1,4.8,3.6,.52,-2.7
2018,65,1,25.2,3,13.5,82.1,9,34.7,1.29,19.79,0,17.2,6.9,11.4,11.8,11.3,11.6,1.3,.7,285,53,6,4.2,4.5,3.6,.43,-5.1
2018,66,1,26.4,2.6,15.4,84.2,6.8,33.2,1.52,18.74,0,17.1,6.8,11.7,11.9,11.4,11.7,1.3,.8,300,53,6.9,4.7,4.6,3.7,.44,-4.7
2018,67,1,25.3,7.8,15.8,76.3,5.7,31.5,1.44,15.17,0,18,9.5,12.8,12.3,11.8,12,1.1,.3,315,69,5.9,4.9,3.6,3.3,.48,-3.9
2018,68,1,26.1,6.6,16,75,3,29.5,1.54,21.26,0,18.4,8.4,12.8,12.5,12,12.2,1.6,.6,313,62,7.7,5.1,5.4,4.2,.43,-5.2
2018,69,1,24,8.6,16.1,61.6,13.1,39,1.21,9.72,0,15.5,9.2,12.4,12.6,12.2,12.4,1.4,.2,58,75,9.7,4.5,2.3,3,.68,.8
2018,70,1,23.9,12.1,17.9,83.4,33.5,57.2,.95,17.56,0,20,12.4,15.2,13.3,12.5,12.7,1.5,.7,316,58,6.5,5.3,3.8,3.4,1.14,8.8
2018,71,1,26.9,8.8,17.6,90.9,17.4,50.8,1.24,20.45,0,20.6,10.9,15.1,13.7,13.1,13.3,1.1,.6,107,53,6.4,5.9,4.5,3.7,.9,5.3
2018,72,1,28.2,8.4,19.1,79.5,15.8,40.3,1.56,21.11,0,21.6,11.1,15.8,14.1,13.5,13.7,1.4,.7,294,55,6.3,6.4,5.1,4.1,.8,3.6
2018,73,1,28.2,12.2,19.9,66,17.8,39.3,1.58,18.22,0,21,12.6,16,14.4,14,14.1,1.6,.7,186,61,8.2,7.4,4.6,4.2,.84,4.4
2018,74,1,20.7,7.8,15,78,19.3,45.1,1.01,19.64,0,19,12.1,14.9,14.5,14.2,14.4,2.6,2.1,288,36,10.2,2.9,4.8,4,.74,2.1
2018,75,1,23.7,4.5,14.9,72.7,10.8,35.7,1.29,20.63,0,19.1,9.6,13.9,14.5,13.8,14.1,1.9,.7,209,64,8.2,3.7,5,4.2,.52,-2.5
2018,76,1,21,5.4,15.2,65.5,20.1,35,1.2,23.4,0,20.5,10.1,14.8,14.3,13.8,14,2,1.1,277,55,8.3,2.7,5.4,4.1,.59,-.7
2018,77,1,17.1,4.9,11.6,78.2,18.9,46.3,.79,18.59,0,17.6,10.1,13.4,14.3,13.8,14.1,2,1.6,299,39,8.4,1.2,3.8,3.3,.6,-.7
2018,78,1,21,.5,11.2,73.8,8.9,33.5,1.08,22.83,0,18.4,7.9,12.7,14.1,13.3,13.6,1.6,1.2,276,43,7.4,2.3,5,3.9,.37,-7.1
2018,79,1,25.7,.6,14.2,66.6,7.2,26.4,1.49,24.33,0,20.3,7.8,13.5,13.7,13.1,13.4,1.3,.6,302,60,6.9,4.2,5.7,4.2,.34,-7.7
2018,80,1,27.9,6.7,17.5,56.7,7.6,25.5,1.76,22.46,0,20.6,9.8,14.8,14,13.4,13.6,1.5,.7,306,60,6.5,5.9,5.7,4.7,.44,-4.5
2018,81,1,32.1,10.7,21.8,51.6,8.4,25.2,2.27,20.27,0,21.8,11.7,16.3,14.5,13.8,14.1,2.1,.8,285,64,8.1,8.6,5.9,5.7,.58,-.8
2018,82,1,27,13.6,20.3,49.3,24,33.9,1.66,24.24,0,22.9,13.6,17.5,15.2,14.5,14.7,2.4,1.7,294,43,9.1,7.5,6.6,5.5,.8,3.6
2018,83,1,26.6,11.5,18.8,60.3,14.5,36,1.49,12.54,0,18.6,12.9,15.8,15.2,14.9,15.1,1.7,.4,172,69,10.4,6.4,3.2,3.8,.74,2.5
2018,84,1,23.9,6.9,16.9,72.8,13.9,33,1.44,21.58,0,21.7,11,15.8,15.1,14.5,14.8,1.9,1.5,295,38,8,4.2,5.4,4.4,.57,-1.2
2018,85,1,23,10.9,16.3,54.3,11.2,28,1.4,22.79,0,22.5,12.8,16.7,15.4,14.8,15,2,1.4,270,44,9.9,4.5,5.5,4.7,.5,-2.9
2018,86,1,20.2,4.1,12.8,75.4,12.3,35.4,1.09,24.89,0,21.8,10.3,15.4,15.4,14.7,15.1,1.8,1.1,303,51,8.7,2.2,5.6,4.2,.46,-4.2
2018,87,1,22.8,5.1,14,55.4,8.6,25.6,1.36,26.06,0,22.1,9.6,15.2,15.2,14.5,14.9,1.9,1,309,57,8.5,3.5,6.3,4.9,.35,-7.5
2018,88,1,27.5,5.9,17,45.9,8.6,22.6,1.74,26.33,0,23.7,10.1,16.2,15.2,14.5,14.8,1.7,.6,301,64,8.4,5.6,6.7,5.3,.39,-6.1
2018,89,1,29.5,6.4,19.6,55.8,9.3,23.5,2.04,26.27,0,25,11.3,17.5,15.6,14.8,15.1,1.6,.7,314,62,7.3,6.6,6.9,5.4,.46,-3.8
2018,90,1,31.1,8.2,20.6,50.1,4.4,22.3,2.21,24.57,0,26.2,12.2,18.4,16.1,15.3,15.6,1.2,.1,25,76,6.3,7.6,6.3,4.9,.45,-4.4
2018,91,1,30.4,13.8,21.3,39.1,6.1,18.7,2.24,18.63,0,26.5,13.7,18.9,16.5,15.8,16.1,1.4,.5,113,67,7.9,9.3,5.1,4.7,.43,-5.1
2018,92,1,30.4,8,20.7,35.6,3.5,15.1,2.31,26.84,0,29,11,19.3,16.9,15.9,16.3,2.2,.6,193,70,8.6,7.4,7.7,6.4,.32,-8.7
2018,93,1,28.6,10.2,19.7,39.1,7.6,20,2.04,26.89,0,30.1,12.4,20.4,17.4,16.3,16.8,1.4,.3,33,73,6.3,7,6.8,5.2,.41,-5.3
2018,94,1,31,8.6,20.8,52.3,7.5,23.3,2.18,25.32,0,30.8,12.5,20.8,17.8,16.7,17.2,1.6,.5,291,67,8.4,7.7,6.7,5.5,.49,-3
2018,95,1,31.2,9.4,21.6,51.1,7.1,23.2,2.25,25.79,0,31.2,13.5,21.6,18.2,17.1,17.6,1.6,.6,296,63,7.2,7.9,6.9,5.6,.53,-2.1
2018,96,1,31.5,13.1,22.8,44.1,9.1,22.4,2.37,24.61,0,31.4,15.1,22.4,18.6,17.6,18.1,2.1,.8,272,64,10.1,9.3,7.2,6.2,.57,-1.1
2018,97,1,32.8,15.6,24,45.3,14,26.5,2.4,25.75,0,33.3,16.9,24.1,19.4,18.2,18.6,1.9,.8,280,61,10,11,7.3,6.2,.75,2.6
2018,98,1,31.8,15.4,24,50.3,7.6,26.8,2.39,26.5,0,32.9,17.2,24.2,19.9,18.9,19.3,2.4,1.7,287,45,10.2,10.6,7.9,6.7,.73,2.1
2018,99,1,32.2,11.7,22.5,45.9,4.1,20.3,2.49,27.59,0,33.4,15.5,23.6,20,19,19.6,1.3,.4,304,68,6.6,9,7.3,5.7,.45,-4.7
2018,100,1,35.2,10.5,23.4,42.3,3.9,18,2.8,27.02,0,34,14.9,23.7,20.2,19.1,19.7,1.2,.2,43,75,6.9,9.4,7.2,5.6,.42,-5.1
2018,101,1,34.7,11.2,23.4,42.5,3.1,17.5,2.75,26.76,0,31.5,15.4,22.1,20.4,19.5,19.9,1.6,.4,259,71,7.5,9.4,7.5,6.1,.41,-5.5
2018,102,1,30.7,15.5,23.3,44.7,4.5,15.8,2.55,26.88,0,29,13.6,20.6,20.1,18.9,19.5,3.9,2.3,249,51,13.3,10.3,9.3,8.4,.43,-5.4
2018,103,1,19.9,9.9,15.8,54,2.5,12.2,1.61,28.51,0,24.1,11.5,17.3,19.6,18.3,18.9,4.1,3.8,291,20,12.1,2.8,8.4,6.8,.21,-14.6
2018,104,1,25.4,3,15.3,54,3.9,17.2,1.62,28.86,0,25.4,8.4,16.5,18.5,17,17.6,2.1,1.3,287,48,9.3,4.4,7.3,5.9,.26,-11.5
2018,105,1,32,3.9,18.6,70.9,1.3,18.8,2.21,28.79,0,27.6,8.9,17.8,17.7,16.7,17.2,1.1,.2,288,73,7.1,7.1,7.2,5.4,.29,-10.1
2018,106,1,32.3,9,22.2,59.4,.3,12.6,2.7,25.98,0,27.3,10.8,18.5,17.8,16.9,17.4,2.2,1,187,61,9.6,8.2,7.8,6.8,.26,-11.9
2018,107,1,23.9,10.7,19.1,45.5,8.1,17.3,1.87,28.19,0,25.5,13.1,18.9,18,17.4,17.7,3.3,2.7,294,34,9.9,4.8,8.1,6.6,.38,-6.8
2018,108,1,28.8,3.6,17.3,65.7,5.1,20.5,1.91,28.91,0,26.6,9.5,17.7,18,16.9,17.4,1.3,.6,309,60,6.6,5.9,7.1,5.4,.32,-8.5
2018,109,1,32.1,8.4,20.8,52.1,3.2,16.7,2.37,28.42,0,27,11.1,18.4,17.8,16.9,17.4,2.9,.9,213,67,11.1,7.9,8.8,7.8,.33,-8.5
2018,110,1,22.7,7.1,16.5,57.2,13.2,27.6,1.44,28.41,0,25.3,11.3,17.9,17.9,17,17.5,2.5,2.2,293,28,7.7,3.7,6.9,5.6,.49,-3.2
2018,111,1,28.8,6.9,18.9,84.5,11.3,28.3,1.82,25.11,0,24.9,10.9,17.9,17.8,16.9,17.3,1.5,.8,291,55,7.6,6.4,6.2,5.3,.55,-1.5
2018,112,1,31.7,9.6,21.6,61.8,5.8,25.5,2.25,23.57,0,26.1,12.6,19.3,18,17.1,17.5,.9,.1,119,79,5.6,8.3,5.8,4.8,.55,-1.7
2018,113,1,33.3,11.2,22.7,59.8,5.4,23.4,2.47,27.83,0,28.8,12.6,20.3,18.5,17.4,17.9,1.4,.4,314,70,6.3,9.1,7.3,6,.54,-1.7
2018,114,1,34.2,11.1,23.9,69.5,4.5,21,2.73,27.63,0,29.3,13.6,21,19,18,18.4,1.4,.5,292,65,7.5,9.3,7.4,6,.51,-2.6
2018,115,1,34,11.7,24.2,61.4,6.3,20.3,2.74,28.2,0,29.8,14.2,21.6,19.5,18.4,18.9,1.2,.4,303,67,7.2,9.4,7.4,5.8,.53,-2
2018,116,1,33.9,12.5,24.6,67.2,7.6,21.1,2.75,24.64,0,28.7,14.7,21.3,19.6,18.8,19.2,1.6,.7,326,62,7,9.8,6.9,6.1,.57,-1
2018,117,1,35.6,15,26.8,60.3,9.2,21.3,3.05,25.45,0,30.5,16,22.8,20.1,19.2,19.6,1.4,.2,114,74,7.7,11.3,7.1,6.1,.67,1.2
2018,118,1,34.2,15.3,26,62.5,9.9,22.4,2.85,27.86,0,30.4,16.6,23.2,20.6,19.8,20.1,1.9,.9,260,60,9.4,11.1,8,6.9,.68,1.3
2018,119,1,33,13.4,24.5,60.1,4.3,18.6,2.77,28.79,0,28.4,14.8,21.5,20.7,19.8,20.2,2.8,1.4,212,57,10.9,9.9,9,8,.49,-3.3
2018,120,1,29.8,12.2,22,65,8.4,21.3,2.23,27.33,0,27.2,14.5,20.9,20.5,19.6,20,2.2,1.4,244,47,9.6,8.3,7.7,6.5,.52,-2.2
2018,121,1,27.3,14.8,20.9,55.2,6.6,21.4,2.01,22.68,0,25.4,14.7,19.6,20.2,19.3,19.7,3.1,1.1,207,65,13.6,8.3,6.9,6.8,.51,-2.8
2018,122,1,21.9,11.3,16.6,63.4,16.7,38.1,1.23,23.82,0,24.8,14,18.5,19.7,18.8,19.2,2.4,1.7,267,44,8.7,4.1,5.6,5.1,.69,1.4
2018,123,1,25.5,6.6,17.1,76.6,13.6,32.6,1.51,29.57,0,26.4,11.8,18.8,19.2,18.2,18.7,2,1.3,277,46,8.4,4.9,7.2,5.7,.56,-1.3
2018,124,1,31.4,7.6,20.9,69.2,8.3,24.2,2.21,29.67,0,28.1,12.6,20.1,19.3,18.3,18.8,1.5,.8,293,57,6.7,7.6,7.6,6.1,.51,-2.5
2018,125,1,36.3,10,26.1,77.1,3.6,17.4,3.35,30.27,0,29.3,13.6,21.2,19.7,18.7,19.1,2,1.6,86,36,10.2,9.3,9,7.6,.45,-4.3
2018,126,1,38.7,18,30.5,43.5,5.5,13.3,4.05,27.57,0,31.2,16.6,23.5,20.6,19.5,19.8,2,.3,123,74,6.7,13.1,8.6,7.7,.55,-1.6
2018,127,1,37.9,16.9,28.1,58.3,3.1,18.1,3.46,24.62,0,29,17.5,23.1,21,20.2,20.5,1.2,.2,227,76,7.6,12.5,7,6,.6,-.5
2018,128,1,37.7,13.7,27.5,58.7,2.8,16,3.57,30.38,0,31.1,16,23.2,21.2,20.2,20.7,1.5,.4,303,68,7.7,11.1,8.7,7,.46,-4.3
2018,129,1,37.8,14.3,27.6,50.6,2.4,14.2,3.56,30.33,0,31.4,16.4,23.7,21.5,20.5,21,1.4,.6,316,63,6.2,11.3,8.6,6.8,.45,-4.3
2018,130,1,38.1,14.4,28.5,65.5,3.8,15.3,3.7,30.32,0,31.6,17.1,24.1,21.8,20.9,21.3,1.7,.5,212,67,9.6,11.4,9,7.4,.51,-2.7
2018,131,1,36.6,19.5,29.2,36.4,7.8,16.3,3.56,29.49,0,30.7,17.8,24.1,22,21.2,21.6,2.9,1.6,188,55,13,13.4,9.8,8.9,.63,.5
2018,132,1,33.2,20.3,26.8,33.5,7.5,15.9,3.05,30.08,0,29.6,17.7,23.4,22.1,21.3,21.7,2.9,1.9,210,49,9.8,13.3,9.5,8.5,.54,-1.8
2018,133,1,32.3,13.1,23.5,63,5,20.6,2.51,27.41,0,28.8,16.2,22.2,22,21,21.5,2,.9,225,60,11.4,9.6,7.7,6.8,.54,-2
2018,134,1,34.5,14.9,25.5,54,7.5,20.5,2.86,30.06,0,29.3,16.4,22.8,21.6,20.8,21.2,2.3,.8,234,65,10,11,8.8,7.7,.6,-.5
2018,135,1,35,13.3,25.1,72.2,5.5,17.7,2.94,30.67,0,29.7,16.3,23,21.7,20.9,21.3,1.7,.9,277,55,9.8,10.3,8.7,7.1,.49,-3.2
2018,136,1,35.5,12.5,25.1,55,2.2,16.9,3.02,30.85,0,30.2,15.9,23,21.7,20.9,21.3,1.3,.5,320,64,7.4,10.1,8.4,6.6,.46,-4.1
2018,137,1,35.1,12.4,25.7,60.5,1.9,16.4,3.12,31.23,0,29.5,16.3,22.9,21.8,21,21.4,2.3,1,241,60,10.1,9.8,9.5,8.1,.45,-4.4
2018,138,1,32.3,12.6,23.6,48.5,3.7,16.5,2.67,31.16,0,29.2,16,22.6,21.8,21,21.4,1.7,.5,305,67,12.4,9.3,8.5,6.8,.41,-5.5
2018,139,1,33.6,13.3,25,85.5,5.4,19.6,2.85,30.62,0,30,16.4,23,21.8,20.9,21.4,1.5,.4,280,71,6.2,10.1,8.3,6.7,.52,-2.7
2018,140,1,35,12.6,25.6,64,2.6,17.2,3.05,30.81,0,30.1,16.7,23.2,21.9,21.1,21.5,1.5,.5,253,67,7.8,10,8.5,6.8,.47,-4.3
2018,141,1,34.9,14.8,26.1,50.2,4.9,16.9,3.09,30.87,0,29.4,16.9,23.1,22,21.2,21.6,2.2,1.3,186,52,10.2,11,9.1,7.8,.49,-3.5
2018,142,1,32.6,14.4,24.7,53.1,7.4,20.2,2.69,30.76,0,29.5,16.7,23.2,22,21.2,21.7,2.1,.8,227,63,8.1,10.4,8.6,7.4,.58,-.8
2018,143,1,34.4,13.4,25.5,65.8,5.9,21.2,2.86,30.63,0,30.2,17.4,23.6,22.2,21.4,21.8,2,.8,270,63,10.8,10.2,8.7,7.5,.6,-.5
2018,144,1,35.6,14.6,26.9,66.2,5.4,17.7,3.23,30.9,0,30.7,17.6,24,22.4,21.5,22,1.7,.5,249,68,8.4,11,8.8,7.2,.54,-2
2018,145,1,36.4,12.4,26.9,70.1,5.1,19.4,3.22,30.52,0,30,17.2,23.8,22.5,21.6,22.1,1.8,.7,290,62,7.4,10.1,8.8,7.5,.61,0
2018,146,1,32,19,26.6,35.1,6.7,14.5,3.04,23.56,0,26.5,19.8,23,22.5,22,22.3,2.5,2.2,291,27,9.4,12.4,7.5,7.2,.49,-3.1
2018,147,1,32.8,12.4,24.5,59.6,8,18.8,2.73,30.85,0,29.4,15.9,22.7,22.3,21.3,21.8,1.7,.9,294,57,7.4,9.4,8.4,6.9,.53,-2
2018,148,1,33.8,13.6,25.6,56.8,6.8,20.5,2.9,31.11,0,29.3,17.1,23.3,22.2,21.4,21.9,1.8,1.1,303,52,8.1,10.2,8.8,7.2,.59,-.6
2018,149,1,36.6,14.6,27.5,60.3,3.9,18.2,3.36,30.62,0,30.2,17.4,23.9,22.4,21.6,22,1.5,.4,309,69,6.6,11.2,8.6,7.1,.58,-.8
2018,150,1,37.2,17.9,28.9,55.7,2.1,15.5,3.65,30.78,0,30.1,18.5,24.3,22.7,21.9,22.3,1.8,.5,221,70,8.3,12.9,9.1,7.7,.52,-2.9
2018,151,1,37.1,16,28.4,51.9,1.6,14.1,3.65,31.37,0,29.6,18.1,23.9,22.8,22,22.4,2.1,.7,235,67,9.6,12,9.6,8.2,.46,-4.7
2018,152,1,36.7,13.1,26.6,60,2.4,15,3.32,31.55,0,29.5,17.2,23.6,22.8,21.9,22.4,1.6,.9,298,54,8,10.6,9,7.3,.44,-4.6
2018,153,1,39.1,14.1,28.4,52.4,1.6,13.9,3.8,31.04,0,29.7,17.5,23.8,22.7,21.9,22.3,1.8,1,276,53,8.6,11.5,9.4,7.9,.45,-4.2
2018,154,1,39.8,14.5,28.9,55.2,1.2,14,3.92,31.42,0,30.4,18,24.3,22.8,22,22.4,1.7,.7,300,61,7.6,11.6,9.3,7.8,.45,-4.4
2018,155,1,40.1,15.9,30.5,49.5,1.2,11.1,4.31,30.02,0,30.2,18.1,24.4,23,22.2,22.6,1.7,.6,286,66,8.2,12.3,9.2,7.8,.41,-5.4
2018,156,1,39.5,18,30.8,53.5,8.3,21,3.75,28.78,0,31.4,19.6,25.4,23.3,22.5,22.9,1.9,.8,256,62,8.1,13.1,8.6,7.8,.91,5.2
2018,157,1,39.5,18.8,30.8,60.8,5.4,20.8,3.85,28.8,0,30.6,20.3,25.6,23.6,23,23.3,2.1,1.1,274,54,9.9,13.5,9,8.1,.84,3.8
2018,158,1,39.8,18,30.5,60.5,6.4,18.1,3.91,29.22,0,30.6,19.8,25.2,23.7,23,23.4,2.2,.9,284,63,9.9,13.2,9.3,8.4,.73,2.1
2018,159,1,40.4,19.3,31,38,6.8,16.2,4.16,29.49,0,31.2,19.9,25.6,23.8,23.1,23.5,1.6,.7,311,60,9,13.8,8.9,7.7,.67,1
2018,160,1,39.7,18.4,30.9,51.7,6.9,18.2,3.99,26.69,0,30.9,20,25.3,23.9,23.2,23.6,1.9,.6,100,66,7.6,13.3,8.2,7.7,.76,2.8
2018,161,1,39.2,21.5,30.9,53.5,2.2,19.2,3.97,30.37,0,32.5,21,26.5,24.3,23.4,23.8,2.3,1,249,60,9.4,14.6,9.7,8.6,.72,.9
2018,162,1,39.1,16,29,39.6,1.2,14,3.9,31.45,0,34,20.4,26.9,24.5,23.7,24.1,1.4,.3,327,71,8.1,12.3,9.1,7.3,.45,-4.8
2018,163,1,40.3,17,31.1,51.4,3.2,12.4,4.41,29.38,0,31.1,20.5,26.2,24.6,23.8,24.2,2.1,.9,295,61,9.1,12.9,9.4,8.4,.47,-3.7
2018,164,1,40.7,20.9,33,44.1,4.5,12,4.73,21.49,0,29.5,21.6,25.6,24.5,24,24.2,2,1,313,56,7.3,14.4,7.3,7.5,.56,-1.3
2018,165,1,39.8,24.4,32.9,35.1,9.6,17.6,4.29,29.16,0,30.9,21.6,26.3,24.4,23.8,24.1,2.1,.5,326,70,8.5,15.7,9.3,8.4,.86,4.6
2018,166,1,31.3,20.9,27.7,95.1,26.2,48.7,2.08,10.72,3.56,27.2,23.7,25.3,24.5,24.2,24.3,2.5,1.6,290,50,9.1,13.1,3.8,4.6,1.69,14.5
2018,167,1,27.7,17.6,21.3,98.5,46.6,82.1,.5,10.82,19.56,26.6,21.2,23.5,24.3,23.6,23.9,1.3,.4,69,65,13.6,9.9,1.9,2.8,2.06,17.9
2018,168,1,33.8,16.8,26.1,92.4,15.9,44.9,2.22,29.86,0,30.2,19.1,24.3,23.6,22.9,23.2,1.6,.6,166,66,6.5,11.7,7.7,6.7,1.32,10.7
2018,169,1,36.8,16.1,27.8,91.4,11.4,34.4,2.89,30.5,0,32.6,20,26,24.1,23.2,23.6,1.5,.6,290,62,6.6,11.9,8.3,7.1,1.09,7.7
2018,170,1,36.8,16,28.1,72.5,7.3,27.2,3.16,31.16,0,33.9,21,27.1,24.6,23.7,24.1,1.4,.9,295,47,6.6,11.9,8.5,7.1,.87,4.5
2018,171,1,38.2,17.2,29.5,63.2,7.2,23.4,3.55,31.02,0,35.4,21.7,28.2,25.1,24.2,24.6,1.9,1.1,295,51,6.7,12.7,9.1,8,.82,3.7
2018,172,1,39.9,18.7,31.1,69.2,7.2,22.1,3.92,31.02,0,32.9,22,27.6,25.2,24.6,25,2,1.2,292,53,7.2,13.5,9.5,8.4,.86,4.4
2018,173,1,40.5,19.2,31.1,59.6,3,21,4.05,31.49,0,32.4,21,26.9,25.3,24.5,24.9,1.7,1,280,52,8.1,13.8,9.4,8,.78,2.9
2018,174,1,38.6,18.6,31.1,74.1,10.7,25.7,3.63,30.49,0,32.1,21.3,26.8,25.2,24.4,24.8,2.1,.4,264,72,7.9,13.3,9.2,8.2,1.09,8.1
2018,175,1,37.5,24.4,31.2,61.4,12.6,31,3.31,30.09,0,32.5,23.1,27.6,25.3,24.7,25,2.2,.9,294,63,8.6,15.6,9,8.2,1.33,10.7
2018,176,1,38.3,22,30.8,54.3,6.6,24.1,3.62,30.44,0,32.8,22.2,27.2,25.4,24.8,25.1,1.8,1.1,297,53,8.8,14.7,9,7.9,.99,6
2018,177,1,40.2,18.7,31,57.1,6.1,19,4.09,31.04,0,31.5,20.8,26.4,25.4,24.6,25,1.8,1.1,296,51,8.1,13.6,9.4,8.1,.73,2.4
2018,178,1,40.6,20.1,31.6,60.7,5.2,17.9,4.18,30.2,0,31.4,21.4,26.5,25.2,24.6,24.9,2,1.2,302,52,7.8,14.1,9.5,8.4,.72,2
2018,179,1,39.5,22.4,31.8,41.9,11.1,23.5,3.82,29.57,0,31.9,21.7,26.9,25.2,24.6,25,1.9,1,282,57,8,14.9,8.9,8,1.08,7.9
2018,180,1,37.8,25.1,31.8,59,10.7,27.9,3.55,29.06,0,32.1,23.4,27.3,25.5,24.9,25.2,2.2,1.1,211,58,8.5,15.9,8.8,8.1,1.24,9.4
2018,181,1,37.1,19.4,29.5,50.5,6.3,16.9,3.64,31.09,0,31.1,21.3,26,25.5,24.8,25.1,1.9,.5,259,70,8.2,13.5,9.2,7.8,.64,.3
2018,182,1,37.6,15.2,28.2,60.4,5.6,18.1,3.51,31.5,0,31,19.9,25.3,25.2,24.4,24.8,1.5,1,278,49,9.4,11.7,9.1,7.4,.59,-.7
2018,183,1,38.9,17.4,30.2,49.7,6.2,17.1,3.95,30.36,0,30,20.1,25.2,24.9,24.1,24.5,2,1.2,289,51,9.1,12.9,9.4,8.1,.64,.7
2018,184,1,38.8,18.4,30.9,55.2,8.8,19.4,3.92,30.01,0,31.1,20.9,25.7,24.7,24.1,24.4,1.9,.5,298,70,8.1,13.3,9.1,7.9,.79,3.5
2018,185,1,38.7,23.1,32.8,41.2,11.6,19.3,4.16,29.87,0,30.6,22.2,26.3,24.8,24.3,24.5,2.4,1.7,299,42,7.5,15.2,9.6,8.6,.92,5.7
2018,186,1,41.5,22.4,32.2,57,12.1,26,3.71,22.26,3.05,32.3,22.2,26.1,24.9,24.4,24.7,2.1,.5,5,72,15.9,15.1,7.1,7.6,1.22,9.7
2018,187,1,39.5,30.8,34.6,34.7,15.6,24.9,4.21,29.15,0,28.2,22.5,25.5,24.9,24.4,24.6,5.6,5.4,74,17,13.1,17.2,11.8,12.7,1.34,11.2
2018,188,1,40.7,26.6,34.1,46.5,13.3,25.7,4.15,26.37,0,31,23.6,27.2,25,24.5,24.7,1.9,1.2,101,51,9.1,16.5,8.4,7.8,1.32,11
2018,189,1,39.1,24.5,31.5,76.7,19.4,39.2,3.04,27.8,6.1,31.6,24.7,27.8,25.5,24.9,25.1,2.5,.9,318,65,15.6,15.8,8.5,8.3,1.71,14.9
2018,190,1,37.1,22.9,28.4,90.1,19.8,54.2,1.96,21.09,0,30.3,24.5,27.2,25.5,25.1,25.3,1.7,.6,322,63,9.3,14.9,5.6,5.9,1.99,17.3
2018,191,1,33.2,21.7,24.9,91.8,37,74.6,.87,13.77,1.02,29.7,24.7,26.2,25.5,25.1,25.3,1.2,.2,54,73,11.5,14,3.2,3.8,2.32,19.8
2018,192,1,30.8,23.5,27.2,93.4,44,62.5,1.43,16.37,0,28.3,24.6,26.5,25.3,25,25.2,1.3,.1,346,78,6.4,14.3,3.8,4.2,2.21,19
2018,193,1,36,22.7,29.2,87.2,30.3,53.1,2.06,26.56,.25,32.1,24.6,28,25.8,25.1,25.3,1.6,.7,106,62,7.4,14.8,7,6.6,2.06,17.9
2018,194,1,37.1,23.7,29.5,69.6,17.8,46.3,2.39,23.74,0,31.8,24.9,28.1,26,25.6,25.8,2.2,.8,90,63,8.2,15.3,6.7,6.9,1.83,16
2018,195,1,29.6,24.2,26.6,84.5,46.3,62,1.35,8.51,0,27.3,25.2,26.2,26.1,25.7,25.9,1.5,1.4,100,19,6.3,14.2,1.9,3,2.15,18.6
2018,196,1,31.6,21.6,25.6,96.6,38.5,72.7,1,13.42,5.33,28.7,24.5,26,25.7,25.3,25.5,1,.6,78,48,5.9,13.6,2.7,3.4,2.33,19.9
2018,197,1,36.1,23.8,28.4,86.1,29,58.1,1.8,23.18,0,32.2,24.9,27.9,25.9,25.3,25.5,1.6,.4,101,70,7.3,15.2,6.1,6.1,2.15,18.6
2018,198,1,37.7,24.3,30.7,81.4,21,48.8,2.53,27.17,0,32.6,25.8,29,26.3,25.8,26,1.4,.2,58,76,6.7,15.6,7.2,6.7,2.01,17.4
2018,199,1,35.5,25.4,30,84.7,35.2,54.4,2.05,27.28,0,32.9,26.3,29.2,26.7,26.3,26.4,2.2,1,295,60,9.9,15.8,7.5,7.1,2.24,19.3
2018,200,1,37.2,24.5,31.2,76.6,29.2,50.5,2.42,25.71,0,32.8,26.4,29.3,26.9,26.5,26.7,1.8,1.3,290,44,8.8,15.6,7.2,6.8,2.21,19
2018,201,1,37.5,25.9,32,67.4,29.9,46.3,2.67,19.79,0,32.5,26.8,29.3,27,26.7,26.9,1.5,.8,306,54,7.6,16.1,5.6,5.6,2.14,18.5
2018,202,1,36.1,22.5,30.4,88,28.1,48.1,2.46,27.87,.51,32.2,26.5,29.1,27.1,26.7,26.9,2.9,2,306,47,12.4,14.7,8.2,7.8,1.97,17.2
2018,203,1,39.1,24.4,32.8,68.9,16.9,35.6,3.44,29.27,0,33,26.4,29.6,27.2,26.8,27,2.4,1.9,293,39,8.3,15.7,9.1,8.4,1.65,14.2
2018,204,1,42.1,24.2,34.7,55.7,13.4,26.5,4.41,29.28,0,32.7,26.5,29.6,27.3,27,27.1,2,1.5,304,40,8.8,15.7,9.2,8.3,1.34,11.2
2018,205,1,43.3,26.3,35.7,46.7,9.5,24.1,4.76,25.38,0,33.2,26.7,29.7,27.4,27,27.2,1.8,.9,294,56,7.4,16.5,8.1,7.7,1.28,10.5
2018,206,1,43,27.8,35.4,45.3,12.8,26.8,4.49,26.74,0,33.2,27.1,29.9,27.5,27.2,27.3,2.2,.3,31,75,10.6,16.9,8.7,8.4,1.43,12.2
2018,207,1,38.7,27.5,33.7,54.9,20.3,32.2,3.72,25.87,0,30.7,26.4,28.8,27.6,27.1,27.3,2.9,1.3,305,60,9.1,16.7,8.7,8.5,1.61,14
2018,208,1,40,23.8,32.9,79,19.4,36.4,3.41,26.18,0,32.6,26.5,29.2,27.3,26.9,27.1,2.7,1.6,100,52,12.7,15.5,8.1,8.3,1.72,15
2018,209,1,38.3,23.9,30.4,84.2,24.4,51.4,2.35,24.1,0,33,26.2,29.2,27.4,27,27.2,1.4,.2,87,74,13.9,15.5,6.5,6.3,2.1,18.2
2018,210,1,36.3,25.3,30.6,78.3,27.4,48.7,2.43,26.13,0,31.7,26.5,29,27.4,27.1,27.3,2.5,1.4,295,54,8.6,15.9,7.7,7.4,2.06,17.8
2018,211,1,38.3,24.7,31.5,79.6,23.4,44.4,2.77,27.22,0,32.1,26.4,29,27.4,27.1,27.2,2.6,.7,316,70,15.5,15.8,8.2,8,1.96,17.2
2018,212,1,38.7,26,32.3,60.6,21.2,37.2,3.22,26,0,32.2,26,29,27.4,27,27.2,2.1,.4,67,73,6.7,16.2,7.5,7.5,1.72,15
2018,213,1,41.1,25.6,32.4,79.3,14.3,43.3,3.12,27.64,6.86,33,26.2,29.4,27.5,27.1,27.3,1.5,.3,302,74,9.7,16.2,7.6,7.3,1.92,16.5
2018,214,1,39.4,24.1,31.5,88.4,19.4,47.6,2.74,25.05,0,33.4,26.6,29.6,27.7,27.3,27.5,1.3,.7,296,55,8.8,15.6,6.9,6.4,2.03,17.5
2018,215,1,39.8,25,32.5,79.3,18.6,41.7,3.17,27.36,0,32.6,26.8,29.5,27.8,27.5,27.7,1.7,1.2,300,44,9.2,15.9,8.1,7.2,1.88,16.3
2018,216,1,40.2,25.1,33.5,59.7,16.5,32.3,3.75,28.13,0,32.5,26.2,29.2,27.8,27.5,27.6,2,.9,290,61,7.3,16,8.6,7.8,1.58,13.8
2018,217,1,41.2,26.9,34.8,62.4,13.7,27.1,4.27,28.02,0,32.4,26.3,29.2,27.8,27.5,27.6,2.1,1.6,290,41,7.6,16.6,8.9,8.2,1.42,12
2018,218,1,42.1,26.6,34.8,59.8,12,27,4.36,27.66,0,31.4,26.4,28.8,27.8,27.4,27.6,2.9,1.6,291,54,9.7,16.5,9.9,9.4,1.39,11.6
2018,219,1,39.9,23.2,32.1,79.5,20.8,39.9,3.16,28.2,0,32.1,25.9,28.9,27.6,27.2,27.4,2.2,.1,272,79,8.3,15.3,8.4,7.9,1.79,15.7
2018,220,1,34.1,23.5,28.6,85.7,32.2,50.9,2.05,21.43,2.03,30.5,25.7,27.9,27.5,27.1,27.3,2.4,1,280,62,8.1,14.9,6,6.2,1.93,16.9
2018,221,1,34.4,22.9,28.2,81.1,30.6,53.1,1.91,20.1,0,30.4,25.6,27.7,27.2,26.9,27,.9,.1,225,77,6.2,14.7,4.9,4.7,1.97,17.2
2018,222,1,33.2,21.3,25.4,92.3,40.6,72.6,.98,18.28,3.05,29.6,25.6,27.2,27.1,26.8,26.9,2,.9,303,60,8.5,13.7,4.3,4.8,2.3,19.7
2018,223,1,35.7,21.1,27.4,95.8,25.2,63.4,1.65,25.38,19.3,30.9,25.3,27.6,26.9,26.6,26.8,1.3,.4,8,69,10,14.1,6.2,5.9,2.13,18.2
2018,224,1,35.5,22.5,28.4,86.8,24.2,50.9,2.12,27.5,0,30.9,25.3,27.7,26.9,26.6,26.7,2.2,.8,302,65,10.1,14.7,7.5,7,1.86,16.2
2018,225,1,34.9,21.9,28.9,81.2,27.2,48.6,2.25,26.72,0,30.5,25.4,27.7,26.9,26.6,26.8,2.1,1.3,300,49,9.4,14.3,7.4,6.7,1.83,16.1
2018,226,1,35.9,24,30.1,76.8,28.1,49.4,2.36,26.09,0,30.1,25.7,27.8,26.9,26.6,26.8,2.4,1.2,302,58,8.2,15.3,7.5,7.1,2.02,17.5
2018,227,1,33.7,23.3,27.3,87.1,30,58.2,1.65,17.75,.25,29.5,25.8,27.3,26.9,26.6,26.7,1.6,.7,99,60,5.8,14.8,4.3,4.8,2.04,17.7
2018,228,1,34.4,24.2,28.6,77.4,35.6,56.1,1.83,20.41,0,30.1,25.8,27.6,26.7,26.5,26.6,1.8,.6,318,67,6.9,15.2,5.5,5.5,2.14,18.5
2018,229,1,36.4,23.5,30.2,86.1,28.3,51.7,2.29,24.73,0,30.5,25.8,27.9,26.9,26.6,26.7,1.5,1,292,46,7.8,15.2,6.7,6.1,2.11,18.3
2018,230,1,37.2,24.3,31.1,77,21.9,45.3,2.66,24.56,0,30.1,26,27.9,27,26.8,26.9,2.2,1.4,285,48,8.8,15.5,7.3,6.9,1.96,17.1
2018,231,1,37.7,24.4,31.2,75.6,25.1,45.5,2.73,26.38,0,30.8,25.5,28,27,26.7,26.9,2.1,1.1,291,55,7.7,15.6,7.7,7.1,1.94,16.9
2018,232,1,38.5,25.4,31.4,77.3,23.7,42.5,2.82,24.87,0,31.4,25.8,28.3,27.1,26.8,27,2.2,.3,38,76,8.2,16,7.4,7.2,1.87,16.4
2018,233,1,33.5,25,29.3,63.4,32.3,44.7,2.32,16.34,0,29.6,25.6,27.6,27.1,26.8,27,1.1,.6,137,55,5.2,15.5,4.1,4.3,1.79,15.8
2018,234,1,35.2,21.8,27.7,82.7,30.2,59.8,1.59,20.81,9.91,30.9,25.7,27.6,27,26.7,26.9,1.2,.5,91,64,17.2,14.3,5.1,5,2.17,18.7
2018,235,1,31.9,22,26,97.5,43.8,67.9,1.15,12.31,3.81,28.5,25.8,27,27,26.8,26.9,1.6,.4,92,68,6.6,13.8,2.7,3.6,2.24,19.3
2018,236,1,34.4,19.8,26.2,98.7,29.4,66.1,1.44,21.1,18.29,30.8,25.4,27.4,26.8,26.5,26.7,1.4,.2,99,74,10.9,13.3,5.1,5,2.09,18.1
2018,237,1,34.2,20.4,26.6,95.8,30,63.5,1.48,22.38,.25,30.9,24.9,27.4,26.8,26.4,26.6,1,.5,102,56,5.4,13.5,5.2,5,2.09,18.1
2018,238,1,35.1,22.1,28.9,89.9,30.5,55.8,1.97,23.08,0,31.5,25.7,28.2,26.9,26.6,26.7,1.1,.1,327,79,6.3,14.5,5.8,5.2,2.12,18.3
2018,239,1,36.9,23.1,29.6,84,14.9,45.7,2.54,25.94,0,32,26,28.5,27.1,26.8,26.9,1.2,.2,226,73,6.5,15,6.9,6,1.74,14.8
2018,240,1,37.1,21.5,29.1,73.1,16.7,39.7,2.71,25.74,0,31.6,24.8,27.8,27.1,26.8,27,1,.3,321,67,6.9,14.3,6.8,5.6,1.49,12.7
2018,241,1,37.7,20.7,29.7,68.5,12.8,36.8,2.97,26.04,0,31.7,24.4,27.7,27.1,26.7,26.9,1.2,.4,272,68,6.9,14.2,7.1,6,1.39,11.6
2018,242,1,37,24.8,30.5,52,18.8,35.2,2.96,21.31,0,31.2,25.3,27.8,27,26.7,26.9,2,.2,343,76,8.1,15.8,6.4,6.4,1.48,12.8
2018,243,1,37.6,22.7,30.8,66.7,21.5,39.2,2.9,25.01,0,31.8,24.8,28,26.9,26.6,26.8,1.2,.1,311,77,6.4,14.9,6.9,5.9,1.65,14.5
2018,244,1,34.3,25.4,29.5,71.2,29.1,51.1,2.06,13.62,4.57,28.8,26,27.4,27,26.8,26.9,1.3,.9,98,43,10.4,15.7,3.6,4,2.09,18.2
2018,245,1,34.3,20.1,26.9,92.4,25,56.7,1.69,21.02,12.19,31.1,25.5,27.5,26.9,26.6,26.8,1.8,.9,110,55,8.4,13.4,5.6,5.3,1.93,16.8
2018,246,1,33.8,18.6,26,92,23.2,55.2,1.75,24.36,1.02,30.9,24,27,26.9,26.4,26.6,.9,.2,52,70,5.2,12.6,5.7,5,1.71,15
2018,247,1,33.7,19.9,26.5,91.3,26.4,56.7,1.66,20.88,0,29.5,24.6,27,26.7,26.4,26.5,1.1,.1,288,79,9.9,13.2,5.1,4.7,1.87,16.3
2018,248,1,35.4,19.6,27.7,87.2,19,51,2.11,24.42,0,31,24.5,27.3,26.6,26.3,26.5,1,.3,274,69,5.9,13.3,6.2,5.2,1.74,15.2
2018,249,1,36.7,20.2,28.3,75.9,19.2,43.5,2.38,24.58,0,31.2,24.6,27.3,26.6,26.3,26.5,1.7,1.1,103,48,12,13.8,6.8,6.1,1.57,13.6
2018,250,1,37.1,23.2,29.5,56.8,15.4,35.2,2.87,24.23,0,30.9,24.2,27.2,26.6,26.3,26.4,1.6,1,115,48,7.6,15.1,6.8,6.1,1.37,11.6
2018,251,1,37.7,22.4,29.9,60.1,16.9,36.2,2.96,23.4,0,30.3,24.4,27.1,26.5,26.2,26.4,1.5,.2,80,76,7.6,14.8,6.7,6,1.42,12.1
2018,252,1,37.3,22.2,30,66.9,18.1,37.2,2.88,24.44,0,30.1,24.4,27,26.5,26.2,26.3,2.2,1.3,287,52,8.9,14.7,7.5,6.8,1.5,12.8
2018,253,1,37.8,20.9,29.4,68,13.3,37.2,2.87,24.46,0,30,24.1,26.7,26.4,26,26.2,1.7,.8,301,59,8.3,14.2,7.2,6.2,1.4,11.7
2018,254,1,38.7,21,29.7,74.5,9.4,31.7,3.21,24.9,0,30.6,23.9,26.8,26.2,25.9,26.1,1.2,.4,313,67,6.9,14.4,7,5.6,1.17,9
2018,255,1,38.8,19.9,29.5,70.8,10.3,28.9,3.29,22.84,0,30.2,23.5,26.6,26.2,25.9,26,1.5,.2,297,76,8.4,13.9,6.8,5.8,1.06,7.7
2018,256,1,38.2,18.2,28.7,68.4,7.6,28.9,3.2,24.02,0,30.1,23.2,26.3,26.1,25.7,25.9,1.1,.4,316,67,6.6,13.1,6.7,5.3,.98,6.5
2018,257,1,39.9,17.9,30.2,57,9,25.6,3.66,24.38,0,30.3,23,26.3,25.9,25.6,25.8,1.3,.5,316,63,5.8,13.2,7.1,5.7,.96,6.3
2018,258,1,40.1,20.5,31.1,57.4,9.9,26.6,3.65,22.04,0,30.4,23.5,26.6,25.9,25.6,25.8,1.2,.3,180,69,5.4,14.3,6.6,5.5,1.1,8.3
2018,259,1,37.7,23.1,30.7,70.2,17.8,39.2,2.93,22.82,0,30.5,24.4,27.1,26,25.7,25.9,1.7,.8,283,57,6.2,15.1,6.7,5.9,1.62,14.1
2018,260,1,39.3,21.3,30.8,66.3,15.5,35.5,3.19,22.61,0,30.5,24.3,27.1,26.1,25.8,26,1.9,1.3,288,44,8.5,14.5,7.1,6.3,1.45,12.4
2018,261,1,36.7,23.2,30.4,63.9,21.3,37.1,2.92,22.34,0,29.6,24.4,26.9,26.1,25.9,26,2.4,1.4,290,53,8.7,15.1,7.2,6.6,1.53,13.3
2018,262,1,28.1,20.4,24.2,97.9,46.3,74.6,.88,4.07,15.24,26.5,23.9,25.3,26.1,25.7,25.9,1.5,.8,301,55,9.1,11.5,.7,1.7,2.17,18.7
2018,263,1,30.1,19.4,24.1,99.9,43,74.2,.92,21.91,0,28.2,22.9,25.2,25.7,25.2,25.4,1.6,1.3,280,34,7.8,12,5.1,4.5,2.14,18.6
2018,264,1,34,18.2,26,94.4,22.7,58.7,1.68,22.96,0,29.2,22.8,25.6,25.4,25.1,25.3,1.3,.9,290,46,6.5,12.5,5.8,4.9,1.82,16
2018,265,1,34.1,19.3,27.4,85.6,11.9,38.4,2.51,23.5,0,27.8,23.1,25,25.4,25.1,25.2,3,2.8,85,21,10.9,13,7.8,6.8,1.25,9.5
2018,266,1,35.7,18.2,27,65.7,11.4,34.5,2.59,23.05,0,28.2,21.6,24.5,25.2,24.6,24.9,1.3,.9,92,44,6.3,12.8,6.2,5.1,1.13,8.5
2018,267,1,34.5,22.7,28.8,73.5,24.4,44.4,2.33,18.05,0,28.5,23.8,25.8,25,24.7,24.8,.8,.3,239,63,6.1,14.6,4.6,4,1.69,14.7
2018,268,1,34.2,21.5,27.2,69.2,22.9,42.2,2.28,19.49,0,28.9,23.3,25.6,25.1,24.9,25,.8,.3,306,66,5.4,14,5,4.1,1.44,12.3
2018,269,1,35.2,18.7,27.3,77.3,18.1,40.3,2.44,21.82,0,29,22.6,25.5,25.1,24.9,25,1.4,.7,292,58,6.3,12.9,6,5,1.34,11.1
2018,270,1,36.9,17.7,28,68.7,13.8,34.1,2.85,22.32,0,29.2,22.2,25.4,25.1,24.8,25,1.2,.4,302,67,5.4,12.7,6.1,5,1.15,8.9
2018,271,1,36.8,18,27.7,61.8,13.8,32.9,2.8,21.55,0,29,22.1,25.2,25.1,24.7,24.9,1.1,.1,24,78,5.4,12.9,5.8,4.6,1.11,8.4
2018,272,1,36.2,17.9,27.8,64.7,16.5,34.1,2.77,22.02,0,28.9,22,25.2,25,24.6,24.8,1.2,.4,320,68,5.7,12.7,6,4.8,1.16,9.1
2018,273,1,35.2,20.1,26.2,83.2,18.8,47.8,1.99,17.83,.76,28.4,22.5,25,24.9,24.6,24.8,1.4,.1,93,78,8.3,13.6,4.7,4.5,1.53,12.9
2018,274,1,23.4,19.9,21.4,98.3,76.2,89.6,.27,4.01,7.37,24.5,23.1,23.7,24.9,24.5,24.7,1.1,.7,277,48,5.8,8.9,.3,1.1,2.28,19.6
2018,275,1,29.9,20.9,24.4,97.6,40,72.2,.94,8.78,.76,25.7,22.8,24,24.6,24.3,24.4,2,.1,14,78,7.6,12.6,1.9,3,2.15,18.6
2018,276,1,29.3,20.1,24.5,96.7,45.3,73,.93,17.98,0,27.7,23.1,24.9,24.5,24.2,24.4,1.4,.6,294,61,6.3,11.9,4,3.7,2.17,18.8
2018,277,1,31.4,17.9,24.1,96.1,18.9,59.8,1.44,21.56,0,28.1,22.2,24.6,24.6,24.3,24.4,1.2,.3,238,70,6.1,11.7,5.1,4.2,1.66,14.2
2018,278,1,28,13.3,21.2,92.3,23.2,52.9,1.37,21.83,0,26.1,21,23.1,24.5,23.7,24.1,1.5,1,287,47,6.7,7.9,5.2,4.1,1.23,9.9
2018,279,1,29.6,12.7,21.4,86.9,18.4,46.8,1.6,21.47,0,25.8,19.4,22.2,23.8,23.3,23.5,1.4,.5,204,65,7.4,8.3,5.3,4.2,1.08,7.9
2018,280,1,23.4,12,18.4,92.7,41.4,60,.89,9.14,2.29,21.6,19.1,20.6,23.4,22.9,23.2,2.3,.7,292,68,9.6,5,2.1,2.8,1.25,10.2
2018,281,1,22.1,10.4,16,94.8,29.2,60,.86,18.53,0,22.2,17.6,19.6,22.9,22.1,22.4,1.9,1,304,56,8.6,4,4,3.4,1.02,7
2018,282,1,24.2,9.1,16.1,90.2,18.6,53.6,1.03,20.17,0,22.3,16.7,19.1,22.2,21.5,21.8,1.2,.5,319,61,7.2,4.7,4.4,3.4,.88,4.9
2018,283,1,27.3,9.6,18.3,79.6,24.1,49.1,1.27,19.39,0,22.9,16.3,19.3,21.6,21,21.3,.7,.4,112,54,5.4,6.2,4.1,3.1,.96,6.3
2018,284,1,27.6,14.8,21,82.2,27.6,53,1.28,12.42,0,22.6,18,19.8,21.2,21,21.1,1,.6,136,48,6.9,8.4,2.8,2.8,1.28,10.5
2018,285,1,25,16.7,19.8,98.2,41.9,74,.67,12.11,7.87,23.6,18.9,20.5,21.3,21.1,21.2,2,1.7,101,35,9.3,8,2.6,2.9,1.66,14.4
2018,286,1,19.3,15.3,17.4,97.8,64.4,87.7,.25,5.98,22.1,21.6,18.6,19.6,21.3,21,21.2,1.4,.3,356,71,5.7,4.5,.6,1.3,1.74,15.2
2018,287,1,22.5,13.9,17.3,99.1,43.5,77.3,.53,16.61,5.33,23.8,17.3,19.6,21.1,20.6,20.8,1.1,.9,286,34,4.9,5.5,3,2.7,1.48,12.7
2018,288,1,24.3,11.1,16.7,99.6,35.1,74.8,.62,18.19,4.32,23.6,16,19,20.9,20.5,20.7,1.6,1,285,51,9.6,5.3,3.7,3.1,1.35,11.4
2018,289,1,21,11,15.5,96.9,39.9,65.5,.66,17.6,10.41,23.3,15.7,18.7,20.7,20.2,20.4,2,1.8,102,29,6.7,3.6,3.5,3.1,1.12,8.5
2018,290,1,22.5,13.6,17.6,56,33,44.2,1.16,19.79,0,21.9,14.5,17.3,20.4,19.9,20.1,4,3.8,97,18,8.4,5.3,5.4,4.9,.88,5.1
2018,291,1,26.4,11.7,18.9,83.1,29.3,50.7,1.16,19.7,0,23.6,14.6,18.1,20,19.5,19.7,1.9,1.2,111,48,6.2,6.4,4.5,3.8,1.08,8
2018,292,1,29.2,10.5,19.1,98.2,29.2,66.6,.99,19.27,0,24.5,15.1,19,19.9,19.5,19.7,.5,.1,56,72,3.5,7.4,3.8,2.9,1.37,11.6
2018,293,1,30.5,15.1,24.5,90.9,25.6,45.5,1.81,18.25,0,24.9,17.3,20.1,20.3,19.9,20,3.7,3.4,109,20,9.7,10,5.9,5.4,1.34,11.2
2018,294,1,29.6,18.6,23.1,68.4,33,47.3,1.53,13.87,.51,25,17.8,20.1,20.4,20.1,20.3,3.4,3.2,109,21,9.6,11.3,4.5,5,1.32,11
2018,295,1,30.1,14.9,22.3,85.3,35.8,60,1.2,14.95,0,25.1,17.2,20.3,20.5,20.2,20.3,1.7,.2,85,76,7.5,9.8,3.5,3.4,1.58,13.7
2018,296,1,23.6,12.5,18.2,96.1,56.2,77.5,.49,3.77,10.67,20.9,16.6,19.1,20.5,20.4,20.5,1.7,1.4,90,32,11.4,5.3,.7,1.5,1.62,14.1
2018,297,1,27.1,9.8,17.6,99,25.4,70,.82,18.34,0,23.4,14.9,18.3,20.4,19.8,20,.8,.2,32,72,4.5,6.2,3.6,2.8,1.3,10.7
2018,298,1,26.5,10.9,18.4,98.7,29.5,64.7,.97,18.22,0,22.8,15.3,18.3,20,19.7,19.9,1,.6,293,47,6.4,6.2,3.9,2.9,1.25,10.3
2018,299,1,28,10.1,18.7,97,25.7,61.3,1.1,18.15,0,23.2,15.1,18.3,19.9,19.5,19.7,.7,.4,278,52,4.8,6.7,3.8,2.7,1.2,9.6
2018,300,1,31.6,10.8,19.6,95.5,17.7,57.1,1.33,18.23,0,23.7,15,18.5,19.8,19.5,19.7,.3,0,33,76,3.1,8.4,3.7,2.4,1.15,8.9
2018,301,1,32.8,10,20,94.1,13.6,55.1,1.44,17.92,0,23.7,15,18.5,19.8,19.5,19.7,.5,.1,54,70,3.3,8.6,3.8,2.7,1.12,8.5
2018,302,1,30.9,12.1,20.1,82.9,18.9,54,1.34,15.82,0,23.6,15.6,18.8,19.8,19.5,19.7,.7,.3,76,61,4.6,8.6,3.5,2.7,1.17,9.1
2018,303,1,28.2,14.9,20.5,76.9,25.3,48.8,1.38,12.72,0,22.1,16.6,18.6,19.9,19.6,19.8,1.4,.6,206,63,7.4,8.8,3.2,3.1,1.12,8.6
2018,304,1,21.5,10.1,16.1,89.4,15.4,43,1.12,17.4,0,19.3,14.2,16.5,19.8,19.3,19.6,2.1,1.8,290,30,7.5,3.6,4.3,3.3,.74,1.7
2018,305,1,22.8,5.3,13.2,89.9,18.9,51.7,.92,15.95,0,19.4,12.4,15.2,19.3,18.6,18.8,.9,.5,283,54,5.6,3.4,3.2,2.3,.7,1.8
2018,306,1,27.3,4.9,14.3,87.7,10.8,50.7,1.08,17.47,0,20,11.8,15,18.6,18,18.3,.7,.3,283,63,4.6,5.4,3.5,2.5,.71,2
2018,307,1,27,7.2,15.2,89.3,18.6,49.7,1.09,17.2,0,19.1,12.3,15,18.2,17.7,17.9,1.3,.5,302,64,7.6,5.6,3.9,3,.78,3.3
2018,308,1,27.1,6.2,16.1,86.5,13,48.6,1.2,16.34,0,19.9,12,15.3,17.9,17.5,17.7,.7,.2,303,69,4.2,5.6,3.5,2.4,.78,3.2
2018,309,1,27.2,7.6,16.5,82,16.9,47.8,1.22,16.84,0,20.1,12.7,15.6,17.8,17.5,17.6,.8,.2,339,72,4.9,5.7,3.6,2.4,.8,3.7
2018,310,1,30.5,9.5,17.6,69.2,13.5,45.5,1.34,16.52,0,20.7,12.8,15.9,17.8,17.4,17.6,1,.4,70,60,4.8,7.8,3.6,2.8,.83,4.2
2018,311,1,27.9,8.4,16.8,78,16.4,47.5,1.26,16.56,0,23.1,12.8,16.3,18.6,17.5,17.8,.8,.2,356,71,5.4,6.2,3.6,2.5,.81,3.8
2018,312,1,26.2,8.2,16.4,73.2,16.1,42.9,1.29,16.5,0,19.7,12.2,15.7,18.1,17.7,17.9,1.5,.7,302,58,8.2,5.5,4,3,.71,2.1
2018,313,1,25,5.7,14.6,85.7,17.9,47,1.11,15.83,0,19.1,12,15.4,17.9,17.5,17.7,1,.7,290,44,6.1,4.4,3.5,2.4,.68,1.3
2018,314,1,25.4,8.6,16.9,73.6,23.2,44.1,1.21,15.98,0,19.6,12.6,15.7,17.6,17.3,17.5,1.4,.3,114,73,7.6,5.1,3.7,2.8,.8,3.8
2018,315,1,21.7,5.3,12.8,80.1,14.8,42.5,1.01,15.62,0,17.5,11.1,14.1,17.5,17.1,17.3,1.8,1,286,53,8.1,3,3.7,2.9,.56,-1.6
2018,316,1,18.1,-.7,9.6,77.7,7.7,33.2,.95,16.55,0,16,8.8,12.2,17.1,16.5,16.8,1.5,.6,55,62,11.5,1.2,3.5,2.5,.32,-9.1
2018,317,1,16,7.6,11.6,28.2,6.4,15.7,1.18,16.37,0,13.8,8.2,10.9,16.5,15.8,16.1,7,6.6,78,19,14.9,.9,6.5,5.8,.2,-14.4
2018,318,1,19.4,5.4,13.6,44.6,10.6,18.2,1.32,11.69,0,12.6,7.9,10.2,15.8,15.1,15.4,3.5,3.3,110,20,9.6,2,4.1,4.3,.28,-10.5
2018,319,1,24.4,-1.1,10,74.5,6.9,36.7,1.03,16.31,0,15.2,6.5,10.6,15.1,14.5,14.8,.6,.3,102,52,4.2,3.4,3.1,1.9,.36,-7.1
2018,320,1,26.2,.5,11.5,77.6,4.6,35.9,1.14,15.89,0,15.7,6.9,11,14.7,14.3,14.5,.9,.5,100,54,4.4,4.3,3.3,2.3,.41,-5.6
2018,321,1,23.6,1.2,11.9,76.5,10.9,38.4,1.09,15.51,0,15.8,7.7,11.5,14.5,14.2,14.4,1.1,.2,90,73,5.4,3.4,3.3,2.4,.46,-3.8
2018,322,1,22.3,4.1,11.8,66.3,9.5,38.6,1.04,15.03,0,16.1,8.6,11.8,14.5,14.2,14.4,1,.1,290,76,4.4,3.1,3.1,2.1,.47,-3.8
2018,323,1,23.5,.5,10.6,73.9,9.9,41.7,.98,14.67,0,15.4,7.6,11.3,14.5,14.1,14.3,.8,.2,293,68,4.5,3.3,2.9,2,.46,-4
2018,324,1,25.3,3.5,13.4,72.8,11.9,38.2,1.24,12.05,0,15.4,8.4,11.6,14.3,14,14.2,1.2,.4,114,65,5.5,4.4,2.8,2.5,.5,-2.9
2018,325,1,23.7,3.1,12.7,85.7,21.4,44.7,1.01,13.43,0,16.1,8.2,11.9,14.3,14,14.1,1.2,.3,311,68,5.4,3.6,2.8,2.3,.6,-.3
2018,326,1,17.6,5.5,11.1,80.8,34.1,57.3,.63,4.93,0,13.2,9.8,11.4,14.3,14.1,14.1,.7,.1,343,74,4.5,1.4,.6,1.3,.74,2.6
2018,327,1,20.3,.8,10,95.3,28.5,64.3,.6,13.32,0,15.2,7.7,11.2,14.1,13.8,13.9,1,.1,2,76,4.9,2.1,2.2,1.7,.73,2.5
2018,328,1,21.5,1.9,10.9,87.9,20.4,55.6,.76,13.44,0,15.6,7.8,11.4,13.9,13.6,13.8,1.2,.4,314,65,6.6,2.6,2.5,2,.66,1
2018,329,1,22,2,11.4,90.1,19.5,50.9,.85,13.55,0,16,8.1,11.7,13.9,13.6,13.8,1.2,.6,298,58,5.9,2.8,2.7,2.1,.61,-.2
2018,330,1,23,2.6,11.1,74,19.3,46.4,.91,12.85,0,15.9,8.2,11.6,13.9,13.6,13.7,.8,.2,309,69,5.4,3.2,2.5,1.8,.55,-1.4
2018,331,1,25.6,.5,11.7,86.7,9.9,45.5,1.04,13.77,0,15.6,7.5,11.3,13.8,13.5,13.6,.9,.1,55,77,4.9,4.1,2.8,2.1,.52,-2.3
2018,332,1,26,2.2,12.2,74.5,11.4,41.9,1.07,13.44,0,15.6,7.7,11.3,13.7,13.4,13.5,1.1,.6,79,55,5.4,4.5,2.9,2.4,.52,-2.2
2018,333,1,24.8,5.5,15.1,61.2,13.8,36.8,1.26,10.81,0,14.8,8.3,11.5,13.6,13.3,13.5,1.5,.4,117,68,6.4,4.3,2.6,2.6,.58,-.9
2018,334,1,15.7,6.9,11.8,99.2,44.3,73.8,.4,6.5,3.56,13.7,10.4,11.9,13.6,13.5,13.6,1.7,1,290,50,10.5,.7,.9,1.3,1,6.9
2018,335,1,16.5,4.7,10.7,100,39.4,77.5,.36,9.58,0,14.5,9,11.7,13.7,13.4,13.6,.7,.2,5,71,4.4,.9,1.1,1.2,.96,6.3
2018,336,1,14.4,2.9,10,94.9,42.8,65.4,.46,8.63,0,13,9.2,11.3,13.6,13.5,13.6,1.7,1.5,295,28,8.2,.3,1.4,1.4,.79,3.5
2018,337,1,16.4,-.7,7.3,99,29,68.5,.45,13.46,0,13.7,6.4,9.8,13.6,13,13.2,.9,.5,296,52,5.5,.7,2.1,1.4,.65,.8
2018,338,1,19.9,-.7,7.6,97.3,25.4,69.3,.46,11.31,0,13.2,6.2,9.4,13.1,12.6,12.9,.8,.4,281,52,5,1.9,1.7,1.5,.67,1.1
2018,339,1,22.4,3.6,12.8,93.6,19.6,53,.86,6.88,0,13.1,8,10.3,12.8,12.5,12.6,1,.2,51,70,5.8,3.1,1.3,1.7,.71,2.1
2018,340,1,20.5,8.1,13.5,95,35.6,64.9,.61,8.25,2.03,14.7,9.9,12.1,12.9,12.6,12.8,1.4,.2,272,74,8.7,2.8,1.4,1.7,.98,6.4
2018,341,1,15.3,6.7,10.8,99.4,61.5,90.9,.13,4.65,8.64,13.1,10.6,11.8,13.2,12.9,13.1,.9,.3,101,66,7.5,.6,.2,.8,1.17,9.3
2018,342,1,18.6,4.2,10.5,100,46.7,82.1,.32,13.3,0,15.3,8.4,11.4,13.2,12.9,13.1,.9,.2,312,73,5.3,1.7,2,1.4,1.01,7.1
2018,343,1,18.9,2.3,9.5,100,37,81.8,.33,13.7,0,14.5,7.6,10.9,13.1,12.8,13,.9,.6,288,49,6.1,1.7,2.1,1.4,.93,5.8
2018,344,1,22.5,1.3,11.4,100,18,60,.81,11.23,.25,13.4,6.9,10.1,13,12.6,12.8,1.5,1.4,103,21,6.3,3,2.4,2.2,.68,1.4
2018,345,1,23.5,5.5,12.2,93.2,23.2,65.6,.64,9.54,0,14.4,8.8,11.2,12.8,12.6,12.7,.7,.3,106,61,6.1,3.8,1.5,1.5,.87,4.8
2018,346,1,20,6,12,97.3,29.6,65.1,.61,12.86,0,15.2,8.9,11.6,12.9,12.7,12.8,1.6,.9,284,52,7.2,2.4,2.5,1.9,.85,4.6
2018,347,1,18.2,1.1,8.5,99,9.9,57.8,.63,13.77,0,14,7.4,10.4,12.9,12.6,12.8,.5,.1,149,75,4.6,1.4,2.2,1.3,.55,-2.2
2018,348,1,20.9,-2.8,7.6,91.9,8.6,50.6,.76,10.02,0,11.1,5.2,8.1,12.7,12.1,12.4,.9,.8,95,26,6.2,2.1,1.9,1.7,.42,-5.2
2018,349,1,18,2.4,9.2,78.6,16.9,49.4,.69,5.08,0,10.4,6.7,8.4,12.1,11.7,11.9,.6,.2,81,64,4.5,1.3,.7,1.2,.53,-2.1
2018,350,1,21.7,3.5,13.1,65.7,11,37.5,1.07,9.11,0,12.5,6.5,9.5,11.8,11.6,11.7,1,.2,96,70,5.4,2.8,1.9,1.8,.53,-2.5
2018,351,1,20.5,5.2,13.7,94.5,31,56.9,.77,12.06,0,14.9,8.9,11.7,12.1,11.7,11.9,1.4,.3,329,73,5.3,2.4,2.4,1.9,.85,4.6
2018,352,1,18.4,2.9,10.2,96.9,29.5,63.8,.56,12.91,0,14,8.1,10.9,12.3,12.1,12.2,1.6,1.1,283,42,7.9,1.5,2.5,1.8,.74,2.7
2018,353,1,20,.1,9,95.7,26.9,63.6,.58,13.19,0,13.8,6.3,9.8,12.3,11.9,12.1,.7,.2,307,67,5.1,1.9,2.1,1.4,.67,1.2
2018,354,1,24.8,.6,10.1,94.7,13.1,59.1,.8,13.36,0,14.1,6,9.7,12.1,11.7,11.9,.6,.3,276,57,3.6,3.8,2.5,1.5,.62,0
2018,355,1,20.4,2,9.5,83.3,21.2,55.4,.67,7.74,0,11.8,6.2,8.9,12,11.6,11.8,.6,.4,98,50,3.4,2.2,1.1,1.3,.61,-.1
2018,356,1,24.5,1.1,11.6,85,6.7,44.8,1.01,13.06,0,13.8,6.3,9.8,11.7,11.5,11.6,.8,.4,302,60,5.2,3.7,2.7,1.8,.5,-3
2018,357,1,25.7,1.8,11.1,83.9,12.8,45.8,.96,12.98,0,14,6.1,9.7,11.7,11.4,11.6,.6,.2,62,71,4.2,4.3,2.5,1.6,.52,-2.2
2018,358,1,24.1,1.6,10.8,82.6,13.9,51.1,.86,13.21,0,14.2,6.4,10,11.7,11.5,11.6,.5,.1,170,76,3.7,3.6,2.4,1.4,.58,-.8
2018,359,1,21.4,5.2,11.5,94.5,22.5,52.2,.78,10.85,3.56,13,7,9.8,11.7,11.5,11.6,2,1,284,57,10.4,2.8,2.4,2.5,.66,.8
2018,360,1,13,5.2,8.6,97.7,51.1,81.9,.23,6.89,1.78,11.8,9.2,10.3,11.8,11.6,11.7,1.1,.8,296,40,6.3,0,.7,1,.9,5.4
2018,361,1,14.6,1.6,7,97.1,31.1,77.3,.29,10.57,7.11,11.7,6.1,9,11.8,11.4,11.6,1.6,.6,317,64,8.4,.3,1.5,1.4,.74,2.6
2018,362,1,11.5,-1.9,4.7,98.8,24.3,70.3,.31,13.53,.25,11.7,6.4,8.8,11.5,11.3,11.4,1.3,1,303,35,7.9,0,2,1.2,.57,-1.4
2018,363,1,11.3,-4.4,2.2,96.5,29,69.4,.3,13.02,0,9.7,3.6,6.3,11.3,10.6,10.9,.8,.3,280,67,5.2,0,1.7,1.1,.46,-3.9
2018,364,1,12.8,-4.1,3.3,96.2,25.5,66.7,.35,13.42,0,10,3.3,6.2,10.6,10,10.3,.7,.3,283,62,5.9,0,1.8,1.1,.47,-3.5
2018,365,1,12.9,1.6,7.1,96.1,23.1,54.8,.51,6.5,2.03,7.8,3.8,6.1,10.1,9.7,9.9,1.7,.3,236,73,8.6,0,1.1,1.6,.53,-2.4