2021,1,2,19.9,4.4,12.6,72.7,21,40.8,.94,12.42,0,12.5,8.2,10.1,14.1,13.7,13.9,2.8,2.3,7,33,9.8,2.2,3.5,3.1,.57,-1.1
2021,2,2,21.1,1.2,9.5,80.2,19.7,55.6,.67,12.5,0,13.2,7.5,10.1,13.9,13.5,13.7,1.1,.8,42,40,4.6,2.4,2.2,1.8,.61,.1
2021,3,2,20.2,2,10.5,82.7,21.5,53.3,.74,12.24,0,13.4,8.1,10.6,13.7,13.5,13.7,1.4,1.1,44,33,4.7,2.1,2.4,2,.62,.2
2021,4,2,20.9,4.4,12.5,78.6,22,47,.88,12.35,0,13.9,8.6,11.1,13.8,13.6,13.7,1.7,1.3,49,35,5.2,2.5,2.7,2.3,.65,.7
2021,5,2,22.3,3.1,12.1,81.2,24.9,53.1,.83,12.88,0,13.9,8.8,11.3,13.9,13.7,13.8,1.7,1.4,18,34,8.4,3.1,2.9,2.4,.7,1.8
2021,6,2,22.4,5.6,12.8,70.3,15.2,41,.99,11.15,0,13.5,8.6,11,14,13.7,13.9,2.1,1.7,31,31,7.5,3.3,2.8,2.9,.57,-.9
2021,7,2,22.7,4.2,13,72.7,14.1,40.3,1.04,12.46,0,13.9,8.8,11.1,13.9,13.8,13.9,2.2,1.9,30,27,7.3,3.3,3.3,3,.55,-1.5
2021,8,2,21.6,4.6,12.1,72.5,13.3,39.6,.99,11.81,0,13.5,8.9,11.1,13.9,13.8,13.9,2.3,2,26,26,7.8,2.9,3.2,3.1,.51,-2.5
2021,9,2,21.9,2.2,11.9,68.4,13.3,36.7,1.08,13.21,0,13.3,7.9,10.5,14,13.7,13.9,2.7,2.4,358,28,11.5,2.7,3.9,3.5,.44,-4.4
2021,10,2,20.6,5.8,13.3,64.6,16.7,33,1.09,12.56,0,14,8.9,11.1,13.8,13.6,13.8,3.1,2.7,9,27,10,2.6,3.8,3.6,.49,-3
2021,11,2,20.1,4.5,13.1,62.2,16.6,31.5,1.1,13.22,0,13.8,9,11.1,13.9,13.7,13.8,3.1,2.7,13,29,9.7,2.3,4,3.6,.45,-4
2021,12,2,21.7,3.7,12.7,61.8,12.2,31.2,1.13,13.19,0,14.2,8.2,11,13.9,13.7,13.8,2,1.2,23,49,5.9,2.8,3.3,3,.42,-5
2021,13,2,23.4,2.4,13.2,73.3,8.7,32.9,1.21,13.26,0,14.6,8.5,11.4,13.9,13.7,13.8,1.8,1.3,12,40,6.9,3.4,3.4,3,.43,-4.7
2021,14,2,27,5,16.6,70.9,14.3,31.3,1.52,13.38,0,15.4,9.7,12.4,13.9,13.8,13.9,2.8,2.2,5,35,11.8,5.3,4.5,4.3,.53,-1.8
2021,15,2,26.6,11.3,19.4,43.5,12.4,21.9,1.84,13.83,0,16.2,11.5,13.5,14.2,13.9,14.1,4,3.6,8,24,11.8,6.3,5.7,5.6,.48,-3.3
2021,16,2,29.3,6.9,18.6,66.1,10,27.9,1.78,13.62,0,16.6,10.6,13.4,14.4,14.2,14.3,2.8,2.4,10,29,8.2,6.7,4.7,4.8,.54,-1.8
2021,17,2,27.2,9,18.8,63,11.6,25.6,1.74,13.84,0,17.1,12,14.3,14.7,14.3,14.5,2.8,2.5,28,27,9.6,6.1,4.8,4.5,.53,-2
2021,18,2,26.3,5.9,15.2,65,10.7,37.9,1.3,13.39,0,16.5,10.6,13.5,14.8,14.6,14.7,1.9,1.6,20,28,8.3,5.1,3.8,3.3,.58,-.6
2021,19,2,20.6,11.2,15.9,63.9,17.5,42.6,1.05,6.45,0,15.4,12.7,14.1,14.9,14.7,14.8,4.1,3.7,34,26,10.7,3.4,2.7,3.8,.77,3.2
2021,20,2,15.8,11.6,13.3,100,53.4,90.6,.15,3.73,29.21,14.3,13.3,13.8,15,14.8,14.9,4.6,4,21,29,11.2,1.2,.3,1.1,1.38,11.7
2021,21,2,21.7,10,14.9,100,52.2,82,.37,11.63,.25,17.7,12.3,14.7,14.9,14.8,14.8,1.3,.7,2,49,5.8,3.6,1.8,1.7,1.36,11.5
2021,22,2,19.1,9.1,13.8,100,67.4,91.4,.16,9.76,.51,16.6,12.7,14.5,15.2,14.9,15.1,2,1.5,150,38,7.5,2.3,1.2,1.4,1.44,12.4
2021,23,2,18.9,9.7,13.4,100,39.2,67.4,.54,11.59,.51,17,12.4,14.4,15.3,15.1,15.2,1.7,1,296,46,9,2.3,1.9,2,1.01,7.1
2021,24,2,15.7,5.7,10.8,96.2,42.4,75.2,.37,14.1,0,15.5,11.2,13.4,15.4,15.2,15.3,1.7,1.2,264,40,7.1,.7,2.3,1.7,.95,6.3
2021,25,2,13.9,4.7,9.6,94,39.4,70.7,.37,10.97,2.79,13.4,10.7,12.2,15.3,15.1,15.2,3.8,3,227,38,13,.2,2.2,1.9,.83,4.3
2021,26,2,15.6,2.1,8.1,92,23.6,63.6,.48,14.87,0,13.9,8.4,10.9,15.1,14.6,14.9,1.9,1,243,53,6.9,.6,2.5,2.1,.64,.7
2021,27,2,17.1,2.1,9.4,92,30.4,63.9,.52,14.68,0,14.5,8.1,11.1,14.7,14.3,14.5,1.9,1.4,30,36,5.5,1,2.5,2.1,.71,2.1
2021,28,2,19.6,5.3,12,92.6,26.5,61.3,.64,13.2,0,15.4,9.6,12.3,14.4,14.2,14.3,1.5,.7,78,50,5,2.1,2.5,2.1,.82,4.1
2021,29,2,18.4,6.3,12.3,96.8,32.8,69,.51,8.08,0,14.5,10.8,12.5,14.5,14.3,14.4,2.1,1.5,300,41,9.2,1.7,1.5,1.9,.95,6.3
2021,30,2,19,3.4,10.9,98.1,31.8,67.4,.54,15.13,0,16.2,9.5,12.6,14.5,14.4,14.4,1.2,.6,26,52,5.2,1.8,2.6,1.9,.83,4.3
2021,31,2,21.9,5.2,13.8,89.8,23.6,50.9,.91,13.07,0,15.6,10.1,12.8,14.6,14.4,14.5,2.6,1.7,360,44,9.6,3.1,3.4,3.2,.74,2.7
2021,32,2,22.5,9.7,16.6,70,22,40.9,1.19,7.39,0,15.7,12,13.6,14.7,14.4,14.6,2.5,1.9,3,37,8.3,4,2.5,3.3,.75,2.8
2021,33,2,28.8,12.9,20.1,79.2,21.5,44.4,1.45,12.58,0,19.6,13.5,16.1,15,14.6,14.8,1.3,.5,18,55,5.2,8.1,3.1,2.9,.99,6.9
2021,34,2,27,12.4,19.4,86.5,18.4,54.5,1.18,14.54,0,20.7,14.8,17.5,15.6,15,15.3,1.7,1.1,227,40,9.9,7,3.4,3.1,1.15,9.1
2021,35,2,23.5,9.1,17.5,68.6,13.3,28.8,1.51,16.24,0,18.6,13.9,16.2,15.9,15.5,15.8,3.5,2.9,359,32,11.2,4.3,5.5,4.7,.54,-1.7
2021,36,2,24.3,5.8,15.4,65.4,10.4,31,1.36,16.35,0,18.6,11.6,14.9,16,15.8,15.9,1.9,1.1,333,50,7,4.1,4.3,3.5,.49,-3.1
2021,37,2,25,4.3,14.4,80.3,12.8,41.7,1.22,16.51,0,17.9,11.1,14.4,15.9,15.6,15.8,2.3,1.9,8,29,9.4,4.3,4.6,3.8,.58,-.7
2021,38,2,25.9,3.8,13.8,82.7,12.8,47,1.1,16.63,0,18.9,10.6,14.5,15.7,15.5,15.6,1.1,.3,47,59,4,4.6,3.5,2.8,.65,.8
2021,39,2,25.2,5,13.9,87.3,12.7,50.6,1.03,16.55,0,18.7,11.2,14.7,15.7,15.5,15.6,1.7,.5,117,65,5.8,4.4,3.8,3.2,.71,2
2021,40,2,23.4,5.6,14.2,83.5,25.4,54.8,.88,11.61,0,17.5,11.4,14.4,15.7,15.5,15.6,1,.2,59,64,4.8,3.8,2.2,2.2,.84,4.4
2021,41,2,24.7,8.4,15.7,90.3,20.9,58.5,.92,16.33,0,20.1,13,16.1,15.7,15.5,15.6,.9,.5,195,47,5.6,4.7,3.2,2.5,.96,6.4
2021,42,2,26.4,6.1,15.3,92.6,16.6,59,.97,16.52,0,20.1,12.3,16,15.9,15.6,15.8,.9,.3,202,57,4,5.2,3.3,2.6,.92,5.7
2021,43,2,22.6,11.4,16.8,81.2,27.3,51.8,1.01,14.08,0,18.5,13.9,16.1,16,15.8,16,3,2.3,276,37,11.5,4.5,3.8,3.6,.95,6.2
2021,44,2,22.9,7.2,15.4,88.4,28.4,54.7,.92,11.72,0,17.8,13,15.4,16.1,16,16,3.3,1.9,256,50,11.2,3.7,3.3,3.5,.9,5.5
2021,45,2,20.9,8.7,15.4,60.9,10.7,31,1.28,14.89,0,17.5,13,15,16.1,15.9,16,4.4,3.8,315,30,12.8,3,5,5,.51,-2.5
2021,46,2,21.5,3.6,11.9,78.1,19,46.5,.87,12.17,0,17.1,11,13.9,16,15.7,15.9,1.4,.5,180,57,6.1,2.8,2.5,2.5,.61,-.1
2021,47,2,24.3,6.6,15.8,83.4,15.6,46.7,1.17,16.68,0,18.9,11.7,15,15.8,15.6,15.7,2.7,2.1,293,33,9,4.3,4.3,4,.74,2.7
2021,48,2,21.3,5.7,15,84.8,9.8,34.1,1.26,18.24,0,18.3,12.2,15.2,15.8,15.6,15.8,3.3,2.8,353,30,9.8,2.9,5.4,4.4,.51,-2.6
2021,49,2,20,7.8,14,31.3,10.4,19.5,1.34,18.72,0,17.7,11.3,14.2,15.8,15.6,15.7,3.8,3.5,355,21,11.8,2.5,5.7,5.1,.31,-9.2
2021,50,2,23.3,3.3,13.9,63.8,8,25.3,1.35,18.49,0,18.9,10.4,14.4,15.7,15.4,15.6,1.9,1.1,44,50,5.3,3.5,4.6,3.7,.35,-7.3
2021,51,2,26.7,5.4,15.7,62.8,8.9,31.2,1.46,18.66,0,20,11.4,15.4,15.7,15.4,15.5,2.5,1.3,347,53,11.2,5.1,5.2,4.8,.48,-3.2
2021,52,2,21.7,9,15.7,49.9,13.7,25.8,1.38,19.2,0,18.4,12.3,15.1,15.7,15.5,15.7,3.6,3.2,2,25,11.5,3.5,5.9,5,.46,-3.9
2021,53,2,24.9,5.3,16.4,52.4,11.1,23.6,1.55,19.38,0,18.9,11.1,14.7,15.7,15.5,15.6,2.3,1.7,6,38,8.8,4.4,5.5,4.4,.42,-5.1
2021,54,2,28.2,5.4,16.2,63.9,8.3,33.4,1.49,18.85,0,20.5,11.3,15.4,15.7,15.5,15.6,1.7,.6,41,59,6.6,5.9,4.9,4.1,.54,-1.8
2021,55,2,27.4,6.1,16,70.3,11.3,41.8,1.33,18.91,0,21.5,12.1,16.4,15.8,15.5,15.7,1.2,.4,179,61,4.3,5.5,4.3,3.4,.67,1.2
2021,56,2,20,5.5,14.8,63.1,7.3,19.6,1.41,19.68,0,18.4,13.1,15.5,16,15.7,15.9,5.3,4.7,2,27,14.9,2.3,7.1,5.9,.31,-9.1
2021,57,2,24,2.9,13.3,55.4,4.2,25.1,1.36,20.05,0,19.5,10.5,14.6,15.9,15.5,15.7,1.8,.7,360,60,6.8,3.7,5,4,.32,-8.6
2021,58,2,24.4,2.9,13.9,67.2,8.4,30.7,1.33,19.4,0,19.9,10.6,15,15.7,15.5,15.6,1.4,.9,29,43,8.8,3.9,4.4,3.6,.42,-5.1
2021,59,2,19.2,4.6,14.1,46.9,6.2,15.5,1.41,20.07,0,17.4,12.3,14.5,15.7,15.5,15.6,5.8,5.5,8,19,12.7,1.9,7.5,6.2,.24,-12.4
2021,60,2,23.7,1.7,13.3,55,4.9,20.7,1.39,20.26,0,18.8,9.4,13.8,15.6,15.2,15.4,2.1,1.1,33,54,6.9,3.5,5.1,4.3,.26,-11
2021,61,2,25.5,3,15.1,63.1,8.2,26.8,1.48,19.81,0,20.1,10.7,15.1,15.4,15.2,15.3,2.3,1.2,73,52,7.6,4.4,5.5,4.6,.41,-5.5
2021,62,2,23.1,4.5,13.6,68.3,21,42,1.02,16.6,0,18.8,11.4,15,15.5,15.3,15.4,2.9,.8,188,66,11.2,3.4,4.6,4.2,.64,.6
2021,63,2,22.7,6.3,15.5,85.8,28.4,52.6,.98,19.47,0,21.5,12.3,16.5,15.5,15.4,15.4,1.5,.8,264,50,5.5,3.5,3.4,3.2,.87,5
2021,64,2,28.1,5.6,18.1,85.8,13.4,40.3,1.6,20.14,0,21.8,13,17.4,16.9,15.5,16,1.6,.9,349,49,6.7,5.8,5.1,4.2,.69,1.7
2021,65,2,28.9,7.1,18.7,84.6,10.3,36.1,1.69,20.45,0,21.1,14.3,17.7,17,16.6,16.8,1.6,.8,267,52,6,6.5,5.2,4.3,.66,1.1
2021,66,2,27.8,8.3,19.2,63.9,14,36.8,1.58,17.11,0,20.5,14.3,17.5,16.8,16.6,16.7,1.5,.4,206,64,6.1,6.2,4.3,3.9,.77,3.1
2021,67,2,26.3,14.2,19.8,56.3,16.6,34.9,1.58,19.44,0,21.2,15.5,18.2,16.9,16.7,16.9,2.9,2.1,297,41,8.6,7.5,5.4,5.3,.78,3.4
2021,68,2,22.4,12.2,17.5,56.3,17,34.9,1.35,20.75,0,18.9,15.2,16.9,17.1,16.9,17,5.3,5,287,21,13.8,4.6,6.9,6.1,.68,1.4
2021,69,2,20.5,5.9,14.4,76.6,24.6,43.7,1,20.58,0,19.5,12.5,15.6,17.1,16.7,16.9,3.8,2.8,273,41,11.5,2.6,5.2,4.4,.69,1.6
2021,70,2,18.1,7.4,13.3,79.6,31.1,50.9,.8,12.35,.51,17.4,12.3,15.2,16.8,16.5,16.6,1.7,.8,226,55,5.9,1.7,2.2,2.6,.75,2.9
2021,71,2,18.2,6.8,13.4,65.6,21.3,39.6,.97,19.8,0,19.3,11.2,14.8,16.6,16.2,16.4,3.3,2.7,290,34,8.2,1.7,4.6,4.1,.59,-.5
2021,72,2,21.5,5.8,13.4,76,22,47.9,.9,18.14,0,18.8,11.8,15.2,16.4,16.2,16.3,3.1,2.4,248,38,9.4,3,4.4,4.2,.69,1.8
2021,73,2,23.2,4.6,14.4,91.2,18.8,52.3,.98,21.7,0,21.2,11.2,15.9,16.4,16.1,16.2,1.3,.9,215,41,5.8,3.6,4.6,3.5,.77,3.2
2021,74,2,23.9,9.9,15.8,68.8,28.3,43.7,1.09,19.81,0,21.5,13.8,17.1,16.5,16.2,16.4,3.9,3,274,34,15.2,4.7,5.4,5.3,.77,3.2
2021,75,2,19.6,5.5,12.9,69.4,19.6,39.4,.98,22.12,0,21,12.2,16.2,16.6,16.4,16.5,2.9,2.3,277,36,13.6,2.2,5,4.3,.55,-1.5
2021,76,2,23.9,5.5,14.9,77.7,17.4,43.4,1.16,21.93,0,22.3,12.1,16.8,16.6,16.4,16.5,1.6,.8,52,54,5.6,3.9,4.7,3.9,.65,.9
2021,77,2,27.4,7.6,17.2,74.3,11.6,40,1.44,22.38,0,23.9,13.1,18.1,16.7,16.4,16.6,1,.3,213,60,4,5.9,5,3.8,.69,1.7
2021,78,2,29.3,8.2,18.9,72.7,9.9,37.8,1.66,22.26,0,24.7,14.2,19.1,17,16.7,16.9,1.2,.4,199,60,5.4,6.8,5.3,4.3,.72,2.3
2021,79,2,28.9,16.5,22.6,62,19.9,34.2,1.9,21.85,0,24.8,17.1,20.5,17.5,17,17.3,4,3.7,290,24,10,9.9,7,6.9,.91,5.6
2021,80,2,25.2,10.9,18.8,60.1,7.8,27.6,1.7,22.93,0,24.5,15.6,19.8,17.7,17.4,17.6,3.5,3,307,31,10.4,5.6,6.6,6.1,.54,-1.7
2021,81,2,25.2,6.9,17.8,62.8,9.1,27.8,1.62,23.21,0,23.9,15,19.2,17.9,17.6,17.7,3,2.2,307,41,9.7,4.7,6.4,5.6,.51,-2.5
2021,82,2,22.2,9.1,16.4,60.1,20.8,39.2,1.2,16,0,20.6,15,17.8,17.9,17.6,17.7,4.1,3.7,297,27,12.1,3.7,4.8,5,.71,2.1
2021,83,2,24.4,10.4,17.7,52.6,9.3,26.5,1.58,23.4,0,22.7,14.7,18.2,17.7,17.4,17.5,4.1,3.3,321,35,11.7,5,7.2,6.5,.5,-2.7
2021,84,2,23.4,7.6,15.6,70.3,14.3,42.3,1.15,21.69,0,23.1,14.2,18.2,17.6,17.3,17.5,3,2,263,45,11.4,4,5.5,4.9,.71,2
2021,85,2,21.6,11.4,16.2,58.4,25.5,39.3,1.16,19.23,0,22.4,14.7,18.1,17.6,17.3,17.5,3.6,3.1,312,30,10.8,3.9,5,5,.71,2
2021,86,2,27.1,7.2,18.9,70.8,10.3,29.5,1.74,23.98,0,23.5,14.3,18.5,17.5,17.3,17.4,3,2.4,355,33,9.2,5.7,7,6,.57,-1
2021,87,2,31.7,7.5,20.8,66.5,8.1,27.5,2.17,24.26,0,25.8,14.3,19.6,17.6,17.4,17.5,1.9,1.1,35,50,7.4,7.7,6.7,5.7,.57,-1
2021,88,2,30.8,10.9,21.4,62.1,8.5,31.8,1.99,23.54,0,26.1,15.9,21.1,19.8,17.5,18.3,1.5,.8,203,50,5.2,8.3,6.1,5.1,.75,2.9
2021,89,2,30.1,8.2,20.9,65.2,4.7,22.7,2.23,24.21,0,21.8,16,18.4,19.8,18.9,19.4,3.9,3.3,7,31,12.4,7.3,8.6,7.7,.44,-4.5
2021,90,2,30.9,14.7,22.9,36.1,4.2,9.7,2.64,24.89,0,19.9,13.3,16.4,18.9,18.1,18.5,4.2,3.7,1,28,12.9,9.9,9.2,8.9,.25,-11.5
2021,91,2,34.5,14.2,25.5,42,3.9,11,3.1,22.82,0,21.6,14.4,17.6,18.1,17.8,18,3,2.2,359,41,9.7,10.7,8,7.9,.32,-8.6
2021,92,2,33,10.9,22.5,63.2,10.4,35,2.04,24.17,0,23.9,15,19.2,18.1,17.9,18,1.6,1.1,202,45,5.9,8.8,6.3,5.5,.89,5.2
2021,93,2,36.1,11.6,24.4,70,6,32.7,2.53,24.8,0,25.8,16.4,20.8,18.5,18,18.3,1.5,1.2,236,35,6.8,9.8,6.7,5.9,.82,4.1
2021,94,2,36.7,13,27.3,60.5,4.4,21.1,3.21,24.21,0,27.1,17.7,22.2,18.9,18.4,18.7,2.3,1.6,273,45,10.3,10.5,7.4,7.2,.64,.6
2021,95,2,34.6,13.5,26.3,59.8,7.8,22.1,2.93,22.12,0,26,19,22.6,19.4,18.9,19.2,3.9,3,266,40,10.5,10.3,8.3,8.6,.67,1.3
2021,96,2,34.1,16.9,26.3,44.9,6.3,20.1,2.93,24.91,0,28.3,19.2,23.4,19.7,19.3,19.5,2.7,2,296,41,9.7,11.8,7.8,7.5,.62,.3
2021,97,2,34.7,13.1,25.3,58.1,7.9,27.3,2.64,24.96,0,29.1,19.5,24.1,20,19.6,19.9,2,.7,202,62,5.2,10.1,7.2,6.4,.79,3.5
2021,98,2,34.4,16.2,26.2,55.9,11,26.6,2.79,24.56,0,28.2,20.4,24.2,20.3,20,20.2,3.6,3,274,33,10.6,11.6,8.4,8.3,.81,3.9
2021,99,2,35.6,15.7,26.3,60.9,3.7,26.7,2.84,25.94,0,29.9,20.7,24.9,20.6,20.3,20.5,2.3,1.1,320,56,11.1,11.6,7.8,7.2,.77,3.3
2021,100,2,33.8,14.1,24.6,60.9,7.7,28.6,2.52,25.09,0,29.8,20.2,24.7,20.9,20.6,20.7,2,.5,170,66,6.2,10.5,7.3,6.3,.79,3.6
2021,101,2,32.9,14.3,23.5,62.3,14.2,35.5,2.11,21.81,0,28.8,20.4,24.5,21,20.8,20.9,1.4,1,190,40,4.7,10.3,5.7,5.2,.96,6.4
2021,102,2,31.8,15.4,22.9,76.8,21.4,45.5,1.74,25.15,0,29.4,20.2,24.6,21.1,20.9,21,2.1,1.8,179,28,6.5,10.6,6.7,6,1.19,9.6
2021,103,2,30.3,13.4,22.1,80,18.8,46,1.6,22.81,0,28,20.1,24.1,21.2,21,21.1,2.6,1.8,218,44,8.8,9,6.1,5.9,1.16,9.2
2021,104,2,27.6,12.7,20.8,55.8,15.8,29.6,1.84,23.09,0,26.9,19.4,23.1,21.2,20.9,21.1,2.8,1.8,276,48,9,7.4,6.3,6.1,.69,1.6
2021,105,2,29.1,12.9,20.8,57.5,10.3,30.3,1.87,24.53,0,27.5,18.7,22.8,21.1,20.7,20.9,2.4,1.7,298,44,10.3,8.2,6.5,6.2,.68,1.5
2021,106,2,29.6,12.1,21,67.4,8.2,34.3,1.86,21.39,0,27.3,19.3,22.8,20.9,20.7,20.8,1.4,.8,210,47,5.4,8.1,5.4,4.8,.75,2.9
2021,107,2,31.5,12.1,23.3,63,8.8,24,2.4,26.49,0,26.9,18.9,22.6,20.8,20.6,20.7,3.7,3.2,8,29,12.2,9,8.9,8.1,.61,0
2021,108,2,30.8,20.2,25,19.5,6.5,13.2,2.82,27.01,0,25.8,19.3,22.3,20.7,20.4,20.6,5.9,5.6,358,19,14.4,12.6,11,10.9,.41,-5.5
2021,109,2,33.1,11.9,23.7,54,5.5,20.3,2.59,27.1,0,28.2,18.3,23,20.5,20.2,20.4,2.1,.4,168,69,8.2,9.3,7.8,6.8,.54,-1.8
2021,110,2,34.5,10.4,22.8,62.4,4.7,30.6,2.37,27.14,0,28.1,18.5,23.1,20.6,20.4,20.5,2.2,1.4,179,45,7.4,9.1,7.9,7,.71,2
2021,111,2,29.7,12.2,21,70.7,12.9,37.2,1.75,26.74,0,27.7,18.8,22.8,20.7,20.5,20.6,3,2.5,282,30,11.2,8.3,7.4,6.9,.84,4.5
2021,112,2,26.7,12.9,20,72.9,23.5,44.3,1.41,26.2,0,27,18.8,22.6,20.8,20.5,20.6,2.7,2,252,42,8.2,7,6.7,5.8,1,7
2021,113,2,29.4,12.1,20.3,75.6,21.2,47.8,1.42,26.78,0,28.2,18.8,23.3,20.8,20.5,20.6,1.7,1.5,201,28,5.7,8,6.3,5.5,1.09,8.2
2021,114,2,31.6,12.5,22.3,85.8,13.3,45.2,1.76,27,0,27.9,19.5,23.6,20.9,20.6,20.8,2.2,1.8,200,31,8,9.2,7.2,6.3,1.11,8.4
2021,115,2,31.8,11.3,22.6,80.3,6.9,33.5,2.2,27.93,0,28.7,19.3,23.8,21,20.8,20.9,2.5,1.8,284,39,10.5,8.8,7.7,7,.74,2.6
2021,116,2,20.7,14.7,17.7,83.6,32.7,47,1.09,9.98,.25,23.2,17.7,20.6,21.1,20.8,21,4.7,4.3,293,21,11.6,4.9,3.4,4.6,.95,6.2
2021,117,2,24,11.7,17.8,66.5,13,33.9,1.45,27.84,0,25.2,15.4,19.9,20.8,20.1,20.4,3.8,3.3,282,29,9.8,5.2,7.3,6.6,.64,.7
2021,118,2,31.6,11.1,22.8,80.4,11.3,32.6,2.18,27.7,0,26.6,18,22.1,20.3,20.1,20.2,3.2,2.4,342,40,10.6,8.6,8.2,7.6,.77,3.2
2021,119,2,35.7,12.1,25.7,67.8,9.3,29.8,2.68,28.06,0,29.8,19.2,24.1,20.5,20.2,20.3,1.9,.4,65,69,6,9.9,7.9,7,.87,4.9
2021,120,2,37.5,14.1,26.6,72.6,8.6,35.7,2.75,28,0,30.8,20.7,25.7,21,20.5,20.8,1.3,.9,188,41,4.7,11.2,7.5,6.4,1.07,7.9
2021,121,2,36.1,14.7,26.9,71,4.2,30.5,2.87,24.74,0,29.3,21.4,25.4,21.4,21,21.3,2.3,1.6,244,43,10.4,11.2,7.4,7.3,.92,5.7
2021,122,2,33,13.5,24.9,43.3,3.5,23.4,2.59,28.03,0,29,20.7,24.6,21.7,21.4,21.5,3.4,3,268,29,9.6,10,8.9,8.4,.71,2.2
2021,123,2,33.8,13.9,24.2,78.9,7.3,36.9,2.3,28.12,0,30,20.8,25.2,21.7,21.5,21.6,2.5,1,292,61,9.9,10.4,8,7.4,.93,5.9
2021,124,2,33.8,13.8,24.1,88.7,8,48,1.91,28.28,0,31.2,21.1,26,21.8,21.6,21.7,1.4,1.1,189,36,4.6,10.3,7,6.1,1.27,10.5
2021,125,2,35.3,14.4,25.2,85.1,12.3,43.3,2.22,28.31,0,31.6,22,26.8,22.1,21.8,22,1.4,.8,206,48,4.7,10.9,7.2,6.3,1.22,9.8
2021,126,2,34.4,17,25.2,77.5,11.6,42.5,2.12,28.16,0,31.6,22.9,27.3,22.4,22.1,22.3,1.6,1.2,181,35,7.3,12,7.5,6.5,1.25,10.3
2021,127,2,33.4,17,24.7,74.6,13,42.7,2.02,28.07,0,31.8,22.5,27.1,22.6,22.3,22.5,1.6,1.2,191,34,5.7,11.7,7.3,6.3,1.26,10.3
2021,128,2,32.8,15,24.5,73.3,15.5,42.3,1.99,28.3,0,32.2,22.5,27.4,22.8,22.5,22.7,1.1,.8,188,36,5.2,10.6,6.9,5.7,1.22,9.9
2021,129,2,33.5,16.2,24.3,80.2,16.1,43.4,2,28.15,0,31.3,22.9,27.1,22.9,22.7,22.8,2,1.6,179,33,6.7,11.4,7.7,6.8,1.21,9.8
2021,130,2,33.4,16.3,24.9,72,10.9,37.6,2.22,28.4,0,32.4,22.7,27.4,23,22.7,22.9,1.3,.9,187,37,4.5,11.4,7.1,6,1.07,8
2021,131,2,34.1,19.4,28.4,66,12,32.3,2.83,25.34,0,33.2,23.6,30.1,23.2,22.9,23,1.3,1.1,207,30,4.1,13,7,5.9,1.16,9.1
2021,132,2,35.6,14.6,25,78.6,8.4,39.9,2.3,29.19,0,33.5,23.4,28.4,23.4,23.1,23.3,1.4,.9,193,41,4.5,11.1,7.5,6.4,1.11,8.5
2021,133,2,36.1,13.6,25.6,76.7,7.8,37.1,2.53,29.25,0,33.6,23.6,28.5,23.6,23.3,23.4,1.4,.7,185,52,4.8,10.7,7.7,6.6,1.04,7.6
2021,134,2,36.7,14.8,26.4,69.6,7.7,34.5,2.7,29.16,0,34,24,28.9,23.7,23.5,23.6,1.3,.9,180,40,5.7,11.3,7.7,6.5,1.02,7.3
2021,135,2,34.2,16.2,26.1,68.2,12.7,32.5,2.53,29.07,0,32.7,23.9,28.4,23.9,23.6,23.7,3,1.7,189,51,10.6,11.6,8.6,8.1,1.01,7.2
2021,136,2,31.1,16.7,23,49.7,18.1,34.3,1.98,28.92,0,31.5,22.5,26.8,23.9,23.3,23.6,4.8,4.3,288,28,12.7,11,8.9,9.1,.92,5.8
2021,137,2,32.8,16.5,24,69.6,16.4,40.1,2.02,28.55,0,32.1,22.7,27.2,23.5,23.1,23.3,2.5,2,272,36,7.6,11.4,7.6,7.3,1.12,8.6
2021,138,2,33.5,16.1,25.1,82.6,21.7,48.4,1.84,28.31,0,32.5,23.9,28.3,25.2,23.3,24.1,1.5,1.3,200,25,5.4,11.3,7,6.2,1.48,12.8
2021,139,2,37.4,17.9,27.5,73.8,9.5,35.9,2.65,29.12,0,30.8,24.5,27.5,25.4,25.1,25.2,2.4,1.6,233,43,10.2,12.9,8.3,8,1.21,9.8
2021,140,2,35.9,17.6,26.9,60.2,5.2,22,2.89,23.19,0,28,22.4,25,25.2,24.8,25,4.1,3,266,41,11.2,12.5,8.3,9.6,.75,2.8
2021,141,2,26.6,15.1,20.9,47.1,11.4,26.7,1.9,29.89,0,26.7,20.1,23.2,24.8,24.2,24.6,4.9,4.6,287,21,10.2,8.1,9.2,8.5,.62,.3
2021,142,2,26.7,11.2,19.4,63.6,5.7,24.5,1.84,30.34,0,27.7,19.1,23.1,24.3,23.7,24,3,2.6,281,28,8.7,6.4,8.1,7.2,.5,-2.7
2021,143,2,30.1,9.5,21.9,84,11.1,37.2,1.91,29.91,0,30.1,20.1,24.8,23.8,23.5,23.6,1.3,.4,227,57,6.9,7.6,7.1,5.7,.87,4.9
2021,144,2,34.7,12,25.1,73.1,5.8,29.1,2.69,30.19,0,31,21.4,25.9,23.8,23.5,23.7,1.6,.8,340,49,7.4,9.6,8.2,6.8,.77,3.2
2021,145,2,36,12.6,25.5,71,7.3,34.6,2.55,29.31,0,31.8,22.3,26.9,23.9,23.7,23.8,1.4,.9,183,41,4.7,10.1,7.7,6.6,1,7
2021,146,2,36.3,19.6,27.2,61.2,7.7,31,2.73,24.75,0,31.9,24.3,27.7,24.2,23.8,24,.9,.5,207,45,4.5,13.4,6.4,5.6,1.04,7.6
2021,147,2,36.1,13.4,26.4,68.6,6.5,27.6,2.86,30.25,0,32.3,23.3,27.7,24.3,24.1,24.3,1.6,1,239,44,6.4,10.6,8.4,7.1,.82,4.1
2021,148,2,36.1,14,25.1,76.2,8.6,40.7,2.31,29.92,0,32.7,23.4,27.9,24.5,24.3,24.4,1.4,.9,183,43,5.3,10.8,7.7,6.7,1.15,9
2021,149,2,36.4,13.6,25.7,78.6,9.4,35.2,2.54,29.98,0,32.6,23.6,27.9,24.6,24.4,24.5,1.6,1.2,190,38,6.3,10.8,8.1,7.1,1,7
2021,150,2,35.7,14.2,25.7,77.6,14,42.3,2.29,29.54,0,33,23.9,28.3,24.7,24.5,24.6,1.3,.9,180,40,5.5,10.9,7.5,6.5,1.26,10.4
2021,151,2,35.2,15.7,26.4,81.4,13.2,39.2,2.38,29.35,0,32.9,24.4,28.5,24.8,24.6,24.7,1.7,1.2,190,37,6,11.5,7.9,6.9,1.25,10.2
2021,152,2,36.8,15.6,27,82.8,9.7,39.9,2.58,29.07,0,33,24.4,28.5,24.9,24.7,24.8,1.5,1,194,42,5.4,11.7,7.8,6.8,1.23,10
2021,153,2,37.6,17.7,27.8,71.2,11.4,36.5,2.75,27.97,0,32.8,24.8,28.6,25,24.8,24.9,1.9,1.4,186,37,6.7,12.8,8.2,7.4,1.24,10.1
2021,154,2,37.2,18.7,28.8,63.5,11.3,30.8,3.08,29.36,0,32.4,24.7,28.4,25,24.8,24.9,2.4,1.9,171,35,8.3,13.2,9.2,8.2,1.1,8.4
2021,155,2,38,17.9,28.5,69.9,8.9,32.6,2.98,29.14,0,33,24.6,28.6,25,24.8,24.9,1.7,1.3,176,35,6.4,12.9,8.4,7.3,1.16,9.1
2021,156,2,39,19,29.9,69.4,8.4,32.2,3.22,29.39,0,33.7,25.1,29.2,25.1,24.9,25,1.2,.9,175,32,5.9,13.5,8,6.8,1.23,10
2021,157,2,35.8,21.5,28.8,61.5,11.1,30.3,2.96,29.86,0,33.2,25.5,29.2,25.2,25,25.1,2.3,2,153,23,6.7,14.2,8.9,8,1.12,8.7
2021,158,2,34.8,18.7,26.7,69,13.1,40,2.36,27.68,0,32.3,25.3,28.7,25.3,25.1,25.2,2,1.6,164,33,6.7,12.8,7.7,7,1.3,10.8
2021,159,2,35.1,15.7,26.4,58.8,13.6,32.3,2.56,29.48,0,32.8,24.3,28.5,25.3,25,25.1,1.4,.8,206,52,5.5,11.5,7.6,6.7,1.07,7.9
2021,160,2,36.7,18,28.5,74.5,12.6,33.3,2.95,27.08,0,33.1,25.5,29,25.3,25,25.1,2.4,1.6,271,43,11.2,12.8,7.9,7.8,1.15,9
2021,161,2,35.3,22.8,28.7,38.7,1.8,13.4,3.54,29.99,0,32.1,25.8,28.7,25.3,25,25.2,4.2,4,308,18,11.2,14.8,10.6,10.8,.48,-3.3
2021,162,2,38.5,15,28.3,71.1,4.5,26.1,3.25,30.76,0,33.3,24.3,28.6,25.2,24.9,25,1.3,.7,228,48,5,11.7,8.4,7,.86,4.8
2021,163,2,41.7,15.2,29.9,73.7,5,29.1,3.63,30.39,0,34,24.7,29.2,25.2,25,25.1,.7,.4,191,44,4.3,12.2,8,6.3,1.03,7.4
2021,164,2,41.5,19.2,31.6,67.1,6.9,26.7,3.89,30.07,0,34.3,25.7,29.9,25.4,25.1,25.3,1.2,.5,205,52,5.8,13.8,8.6,7.2,1.1,8.4
2021,165,2,41.2,17.8,30.2,75.6,13.6,38.7,3.16,28.09,0,34,25.9,29.9,25.6,25.4,25.5,1.1,.8,199,38,5.3,13.2,7.6,6.8,1.49,12.9
2021,166,2,46.5,22.6,33.2,71.5,5.1,35.4,3.95,26.94,0,34.7,27.3,30.7,25.8,25.5,25.6,1.1,.6,215,42,5.2,15.4,7.7,7.1,1.54,13.4
2021,167,2,40.7,23.3,32.5,63.2,15.7,34.4,3.53,25.21,1.02,34.2,27.5,30.8,26,25.8,25.9,1.6,1,187,43,8.4,15.4,7.5,7.1,1.57,13.7
2021,168,2,45.3,23.3,34.7,62.8,10.9,32.7,4.31,24.87,0,35.2,27.3,31.1,26.1,25.9,26,1.3,1,209,35,5,15.5,7.5,7.1,1.61,14.1
2021,169,2,45,26,35.4,53.9,11.8,29.9,4.47,26.75,0,35.9,28.2,31.8,26.3,26.1,26.2,1.9,1.5,181,31,6.3,16.4,8.6,8.4,1.58,13.8
2021,170,2,44.5,26.4,34.6,51.3,13.7,31.2,4.09,28.53,0,36.2,28.2,32,26.5,26.3,26.4,2.1,1.7,185,30,7.2,16.5,9.1,8.9,1.65,14.5
2021,171,2,41.8,23.4,33,64.7,19.7,40.1,3.32,28.56,0,35.2,28,31.6,26.7,26.4,26.5,2.8,2.5,174,25,9.4,15.5,9.4,9.1,1.94,17
2021,172,2,42.1,23.5,32.1,76.5,13.7,44.1,3.08,28.65,0,35.8,27.8,31.6,26.7,26.4,26.5,2.4,2,188,33,8.4,15.6,8.6,8.8,1.93,16.9
2021,173,2,41.3,24.9,32.5,65.4,12.8,38.3,3.33,25.23,0,35.1,28.6,31.6,26.7,26.5,26.6,2.3,1.9,173,31,8.3,16,7.9,8.2,1.74,15.3
2021,174,2,38.8,26.2,32.4,59.2,23.9,40,3.08,25.66,0,35.3,28.6,31.7,26.8,26.6,26.7,2.7,2,167,40,9.8,16.3,8.2,8.2,1.89,16.6
2021,175,2,39.3,24.2,32.1,69.1,23.1,41.8,3.03,27.74,0,36.1,28.2,32,28.9,26.7,27.7,1.8,1.2,199,42,7.2,15.6,7.9,7.4,1.9,16.7
2021,176,2,41,21.9,32.8,64.3,6,25.8,4.08,29.5,0,34.7,28.7,31.6,29,28.5,28.8,2,1.4,234,41,5.7,14.9,9,8.3,1.11,8.5
2021,177,2,43,19.7,33.1,51,7.1,22.5,4.42,29.36,0,34.5,27.2,30.8,28.6,28.3,28.5,1.3,.7,191,51,6.4,14.1,8.6,7.5,.98,6.7
2021,178,2,44.7,22,33.5,70.1,8.6,31.6,4.17,29.01,0,34.9,27.5,31,28.4,28.1,28.3,1.6,.9,209,50,6.1,15.1,8.7,8.1,1.39,11.9
2021,179,2,42.4,24,33.9,58.7,12.7,32.1,3.92,28.31,0,34.8,28.2,31.2,28.4,28.1,28.2,2.5,1.8,153,41,8.2,15.7,9.2,9,1.58,13.8
2021,180,2,39.2,25.6,32.5,61.7,21.5,40.6,3.1,26.4,0,34.4,28.3,31.2,28.4,28.2,28.3,3.3,2.7,159,34,9.7,16.1,8.7,8.9,1.93,16.9
2021,181,2,38.6,25.8,32.3,59.4,27,43.3,2.89,27.91,0,35.9,28.4,31.8,28.4,28.2,28.3,3,2.6,166,30,8.5,16.2,8.7,8.6,2.06,18
2021,182,2,39.1,25.2,32.5,77.9,27.1,49,2.73,27.78,0,36.6,29,32.5,28.4,28.2,28.3,2.5,2.1,175,32,8.2,16,8.2,8,2.29,19.7
2021,183,2,36.2,26.1,31.4,84.2,30.5,52.2,2.31,13.76,.51,32.4,29.4,30.8,28.6,28.4,28.5,1.8,1.3,173,38,6.8,16.1,4,4.9,2.35,20
2021,184,2,40.5,26.7,33.5,68.4,26.4,43.2,3.15,20.39,0,34.7,28.5,31.1,28.4,28.1,28.2,1.6,1,199,43,6.2,16.5,5.9,6.3,2.17,18.8
2021,185,2,40.8,28.1,33.6,67.3,25.8,42.3,3.17,26.99,0,36.7,29.2,32.5,28.4,28.2,28.3,2.8,2.2,169,36,7.9,16.9,8.5,8.8,2.15,18.6
2021,186,2,43.4,26.8,34,65.7,8.1,37.8,3.78,28.36,0,36.9,29.6,32.9,28.5,28.3,28.5,1.9,1.4,215,38,8.2,16.6,8.6,8.4,1.79,15.7
2021,187,2,42.3,22.5,33.1,59.2,10.1,30.2,3.99,27.61,0,36.5,28.7,32.4,28.7,28.5,28.6,1.5,1.2,204,32,6.6,15.2,8.1,7.4,1.37,11.6
2021,188,2,42.2,25.7,34.6,58.8,13.2,31.7,4.08,28.07,0,36.5,29.3,32.6,28.7,28.5,28.6,2.4,2,180,31,7.6,16.3,9.3,8.9,1.62,14.2
2021,189,2,41.6,29.2,34.8,66.1,26.2,45,3.27,27.53,0,37.1,30,33.2,28.7,28.5,28.6,3.1,2.6,170,32,7.6,17.1,8.8,9.2,2.41,20.5
2021,190,2,42.9,28.6,35.3,68.5,19.9,42.5,3.61,26.84,0,37,30.6,33.5,28.8,28.6,28.7,2.5,2.2,189,28,7.1,17.1,8.7,8.8,2.27,19.5
2021,191,2,42.6,31.2,36.2,56.7,22.2,36.7,3.98,25.87,0,36.4,31,33.3,28.9,28.7,28.8,3.3,2.7,178,32,10.1,17.2,9.2,9.8,2.13,18.5
2021,192,2,41.3,29.9,35.4,59.6,21.9,38.3,3.72,26.41,0,36.4,30.6,33.2,28.9,28.7,28.8,3.4,2.6,171,38,14.8,17.2,9.3,9.6,2.14,18.5
2021,193,2,40.8,28.7,33.8,64.1,23,44.2,3.14,25.21,0,36.2,30.5,32.9,28.9,28.7,28.8,4.3,4,164,22,12.8,17,9,10,2.24,19.3
2021,194,2,39.9,27.6,33.6,67.8,27.9,46.2,2.98,22.65,0,35.2,29.9,32.3,28.8,28.6,28.7,2.9,2.2,157,38,9.7,16.8,7.5,7.9,2.33,19.9
2021,195,2,40.2,29.4,36.3,70.3,29,41.4,3.73,15.23,0,35.7,32.1,34.3,28.6,28.5,28.6,4.4,4.1,174,20,9.5,17.2,8.5,8.4,2.4,20.4
2021,196,2,40.2,27.5,33.3,77.6,25.6,48.9,2.88,26.34,0,35.8,30,32.6,28.7,28.5,28.6,2.7,2.3,170,29,9.6,16.7,8.5,8.3,2.38,20.3
2021,197,2,41.8,26.9,34.1,63.1,20.1,41,3.43,26.67,0,36,29.6,32.5,28.7,28.5,28.6,2.4,2,184,31,8.2,16.6,8.5,8.5,2.09,18.2
2021,198,2,39.3,28.6,33.6,55.4,29.2,42,3.11,23.2,0,34.4,30,32.3,28.7,28.5,28.6,2.8,2.4,159,30,8.6,17,7.6,8,2.16,18.7
2021,199,2,41.1,26.5,34.4,56.3,23,37.6,3.63,25.84,0,35.5,29.4,32.3,28.7,28.4,28.6,2.6,1.9,166,40,8.8,16.5,8.6,8.4,1.97,17.2
2021,200,2,42,27.3,34.9,61.6,22.1,39,3.68,25.93,0,36.2,29.9,32.8,28.7,28.5,28.6,2.3,1.7,183,41,9.4,16.7,8.3,8.3,2.07,18.1
2021,201,2,41.7,30.2,35.3,58.5,22,38,3.72,19.71,0,35.1,30.8,32.7,28.8,28.6,28.7,1.2,.9,218,38,5.7,17.2,5.8,6,2.1,18.3
2021,202,2,43.4,29.8,37,53.8,21.7,34.7,4.32,26.45,0,36.5,30.5,33.3,28.9,28.7,28.7,2.1,1.8,182,27,8.7,17.2,8.5,8.4,2.1,18.2
2021,203,2,41.4,30.2,35.3,58.7,23.6,43.7,3.37,25.53,0,34.9,30,32.3,30,28.9,29.8,3.6,3.1,164,27,10,17.2,8.9,9.4,2.44,20.7
2021,204,2,39.9,29.3,34.5,65.8,25.3,42.7,3.3,24.18,0,33.7,30.1,31.7,29.9,29.6,29.7,4,3.7,151,19,9.6,17.1,9,9.4,2.25,19.4
2021,205,2,34.9,28.1,31.8,62.9,40,50.6,2.35,11.05,0,31.1,29.5,30.3,29.6,29.3,29.5,3,2.6,87,31,7,16.8,4,5.4,2.36,20.2
2021,206,2,36,27.1,30.5,87.4,34.9,61.3,1.76,12.72,2.03,31.6,28.9,29.9,29.3,29,29.2,3.3,2.9,120,28,8.1,16.5,4.1,5.6,2.64,21.9
2021,207,2,39.2,25.6,32.2,77.3,21.9,45.4,2.88,25.98,0,33.8,28.4,30.8,29,28.8,28.9,2.3,1.1,129,57,7,16.1,7.6,7.7,2.05,17.8
2021,208,2,41.3,24.5,33.9,56.5,19.6,33.8,3.82,26.44,0,34.2,28,30.9,29,28.8,28.9,1.6,.8,189,50,6.7,15.8,7.7,7.3,1.69,14.8
2021,209,2,42,27.6,35.2,59.9,18.4,35.8,3.9,24.57,0,34.6,29.2,31.6,29.1,28.9,29,1.5,.6,192,58,5.6,16.8,7.4,7,1.92,16.9
2021,210,2,43.8,27.8,36.2,50.6,15.3,30.4,4.43,22.9,0,34.8,29.1,31.6,29.2,29,29.1,2,.5,160,65,10.8,16.9,7.7,7.8,1.73,15.2
2021,211,2,39.9,23.1,32.3,96.3,26.6,51.4,2.64,19.71,42.16,34.7,29.6,31.4,29.5,29.1,29.2,2.5,1.4,150,51,14.3,15.2,6.4,6.8,2.31,19.8
2021,212,2,38.6,25.4,31.5,93.5,26.4,62.5,2.01,26.28,0,34.2,28.4,31,29.5,29,29.3,.9,.1,250,63,3.8,16,6.3,6.1,2.74,22.6
2021,213,2,41.8,27.2,33.9,85.2,14.3,51.1,2.97,26.34,0,34.8,29.6,31.9,29.2,29.1,29.1,1,.7,217,34,4.3,16.6,7,6.6,2.48,20.9
2021,214,2,43.5,25.8,35,82.8,12.1,42.6,3.75,26.72,0,34.4,29.3,31.7,29.3,29.2,29.3,1.4,1.1,232,33,4.6,16.3,7.7,7.2,2.1,18.3
2021,215,2,45.4,26.2,36.1,58.3,9.2,28.8,4.7,26.91,0,34.3,28.8,31.4,29.4,29.2,29.3,1.5,1.2,224,31,4.6,16.5,8.3,7.6,1.55,13.5
2021,216,2,46.3,27.2,36.8,62.8,10.3,35.7,4.42,26.72,0,35,29,31.8,29.4,29.2,29.3,2.1,1.6,206,38,5.6,16.8,8.6,8.7,2.04,17.8
2021,217,2,42.6,28.7,35,81,24.5,51.9,3.02,25.84,0,35.2,30.2,32.5,29.6,29.3,29.5,3.9,3.7,167,18,11,17.1,8.8,9.5,2.77,22.8
2021,218,2,41.6,29.4,34.6,72.7,23.5,47.3,3.16,25.94,0,35.2,30.4,32.6,29.7,29.5,29.6,3.7,3.5,159,21,8.8,17.2,8.9,9.5,2.48,20.9
2021,219,2,41.2,27.1,33.9,77.9,21.1,45.1,3.21,25.84,0,35.2,30,32.4,29.8,29.6,29.7,2.4,2.1,177,25,8.7,16.7,8.3,8.1,2.23,19.2
2021,220,2,40.1,28.4,33.8,79.8,28.2,50.1,2.86,25.82,0,35.3,30.2,32.5,29.8,29.6,29.7,3.6,3.4,164,20,10.7,17,8.6,8.9,2.53,21.3
2021,221,2,39.5,29.1,33.8,79.9,28.7,51.6,2.75,25.64,0,35.2,30.6,32.6,29.8,29.6,29.7,3.9,3,161,39,9.9,17.1,8.6,8.9,2.59,21.7
2021,222,2,39.6,26.1,33.5,77.2,28.6,50.7,2.73,21.48,0,35.3,30.8,32.8,29.8,29.6,29.7,3.8,2,147,55,13,16.3,7.1,8,2.52,21.2
2021,223,2,36.4,25.1,29.9,90.7,42.8,66.4,1.54,20.16,0,34.2,30.1,32.1,29.8,29.6,29.7,2.6,1,79,62,10.6,15.8,5.2,5.9,2.75,22.7
2021,224,2,39.8,27.8,32.9,89.3,26.5,58.9,2.35,23.98,0,35.6,30.3,32.7,29.7,29.5,29.6,2.5,2,144,36,7,16.8,6.7,7.3,2.78,22.8
2021,225,2,39.3,28.2,33.9,75,29.1,49.9,2.86,25.05,0,35.7,30.8,33.1,29.8,29.6,29.7,2.4,2.1,159,29,7.6,16.9,7.6,7.5,2.53,21.3
2021,226,2,36.1,25.4,30.8,78.6,37,55.4,2.09,15.66,0,33.4,30.7,32,29.9,29.7,29.8,2.7,2,58,36,13.1,15.9,4.6,5.6,2.41,20.5
2021,227,2,38.2,28.9,32.7,75.2,32.6,52.6,2.47,18.17,0,34,30.3,31.8,29.8,29.5,29.6,1.5,.8,89,49,5.1,17,4.9,5.4,2.53,21.3
2021,228,2,40.4,28.5,34.5,71.4,26.4,44.5,3.22,23.7,0,35.2,30.2,32.5,29.6,29.5,29.6,3,2.1,161,43,8.3,17,7.8,8.2,2.34,20
2021,229,2,39.5,29.9,33.8,74.8,28.4,50.9,2.74,23.72,0,34.6,30.7,32.5,29.7,29.5,29.6,4.9,4.7,153,19,10.6,17.2,8.6,9.5,2.59,21.6
2021,230,2,38.8,28.6,32.7,72.3,22.7,45.7,2.86,23.81,0,34.3,30.3,32.1,29.7,29.5,29.6,4,3.6,156,24,10.2,17,8.5,8.9,2.17,18.8
2021,231,2,36.8,25.7,30.6,62.8,28.4,41.4,2.67,25.19,0,34.5,29,31.6,29.6,29.3,29.5,3.4,.2,165,77,7.9,16,7.9,8.3,1.79,15.8
2021,232,2,37.8,25.1,30.8,73.3,20.8,48,2.54,25.49,0,33.4,29.2,31.1,30.3,29.3,29.7,2.4,2,149,28,9,15.9,7.8,7.4,2.01,17.6
2021,233,2,37.8,24,30.3,71,18,43.6,2.68,25.63,0,31.5,28,29.7,30.4,29.6,30,3,2.5,145,32,11,15.4,8.4,8.1,1.78,15.6
2021,234,2,38.2,20.3,29.2,61.8,12.4,37.3,2.86,25.87,0,31.3,26.6,28.9,29.6,29.1,29.4,1.5,1,150,35,7.4,14,7.3,6.4,1.4,12
2021,235,2,40.7,21.4,30.3,72.2,7.1,33.6,3.37,25.79,0,30.7,26.6,28.6,29.1,28.8,29,2.4,1.4,133,48,8.7,14.6,8.5,8.1,1.23,10
2021,236,2,41.9,24.1,33.1,69.5,14.2,40,3.41,24.22,0,31.9,26.7,29.2,28.8,28.6,28.7,1.2,.5,124,48,6.1,15.7,6.8,6.2,1.86,16.3
2021,237,2,43.5,25.3,35.5,70.6,8,29.6,4.62,24.45,0,32.5,28,30.2,28.7,28.6,28.7,1.6,1.2,302,35,7.6,16.2,7.8,7.1,1.47,12.7
2021,238,2,45.4,32.3,38,34,9.8,18.5,5.64,24.72,0,33.2,28,30.4,28.8,28.7,28.8,1.8,1,299,53,6.1,17.2,8.3,7.8,1.18,9.4
2021,239,2,45.8,26.8,37.3,47.2,9.8,23.8,5.23,24.25,0,33.3,28.4,30.8,29,28.8,28.9,1.9,1.2,173,44,8.2,16.6,8.2,7.8,1.41,12
2021,240,2,41.6,27.2,33.9,71.5,23,48.4,2.94,20.09,0,32.7,29,30.8,29.1,28.9,29,3,2.5,170,30,12.4,16.7,6.6,7.6,2.48,20.9
2021,241,2,38.3,28.3,31.5,81.6,31.7,58,2.06,9.81,1.52,31.2,29.3,30.1,29.2,29,29.1,1.7,.3,24,68,7.4,16.9,3,4.1,2.61,21.8
2021,242,2,41.8,26.2,33.4,80.4,20.5,51.4,2.84,23.19,3.05,33.3,28.4,30.6,29.1,28.8,29,2.7,1.8,177,44,12,16.4,7.4,7.7,2.48,20.9
2021,243,2,35.5,26.7,30.7,81.2,39.2,61.1,1.8,16.24,0,31.1,29.1,30.1,29.1,28.9,29,3.7,2.9,150,37,11.7,16.3,5.4,6,2.66,22.1
2021,244,2,36.6,25.5,30.3,87.1,33,60.3,1.89,20.79,0,31.9,28,29.8,29.1,28.8,28.9,3,2.6,172,27,8.3,16,6.1,6.4,2.51,21.2
2021,245,2,38.4,24.7,31.1,73.2,24.1,49,2.51,23.38,0,32.7,27.9,30.1,28.9,28.7,28.8,2,1.4,165,41,7,15.8,6.8,6.6,2.13,18.5
2021,246,2,40.1,24.6,32.8,67.8,17,35,3.58,23.53,0,33.1,28,30.4,28.9,28.7,28.8,1.2,.6,250,48,5,15.8,6.7,5.8,1.57,13.7
2021,247,2,42.8,23.2,33.6,59.2,8.2,28.5,4.16,23.98,0,33,27.8,30.4,28.9,28.7,28.8,1.5,.6,167,56,5.1,15.5,7.3,6.6,1.32,11.1
2021,248,2,42.6,25.5,33.9,75.7,10.5,43.5,3.44,23.58,0,33.6,28.4,30.9,28.9,28.7,28.8,1.7,1.2,196,38,8.3,16.2,6.9,6.8,2.07,18
2021,249,2,39.3,28.5,33.1,79.3,30.6,54.2,2.48,22.9,0,33.9,29.6,31.6,29,28.8,28.9,3.4,2.8,167,34,9.8,17,7.3,7.8,2.64,22
2021,250,2,40.6,27.3,33.2,80.6,27.2,51.9,2.74,22.41,0,34,29.4,31.6,29.1,29,29,1.8,1.3,196,40,5.7,16.7,6.5,6.4,2.51,21.1
2021,251,2,40.2,27.5,33.1,72.7,25.4,47.1,2.89,21.99,0,33.8,29.7,31.6,29.2,29.1,29.1,2.9,2.2,161,37,15,16.8,7,7.6,2.28,19.6
2021,252,2,41.7,26.4,33.6,66.6,21.3,42.4,3.25,22.09,0,34,29.3,31.6,29.3,29.1,29.2,1.2,.9,179,33,6.1,16.4,6.4,5.8,2.13,18.5
2021,253,2,41.6,27.5,33.4,59.1,18.7,42.9,3.19,21.51,0,33.6,29.4,31.5,29.3,29.1,29.2,2.5,2.2,182,26,9.8,16.8,7.4,7.5,2.11,18.4
2021,254,2,41.4,26.2,33.7,74.6,22.2,47.5,3.04,22.02,0,33.9,29.3,31.6,29.3,29.1,29.2,1.3,.9,184,40,5.9,16.4,6.3,5.8,2.35,20.1
2021,255,2,43.1,26.1,34.7,63.8,12.2,36,3.97,22.25,0,34,29.4,31.7,29.3,29.1,29.2,.8,.5,230,41,5.2,16.4,6.3,5.2,1.8,15.8
2021,256,2,43.4,26,35.4,66.4,10.9,28.8,4.45,21.84,0,33.7,29.2,31.4,29.4,29.1,29.2,1.6,.6,237,59,5.5,16.4,7.1,6.5,1.51,13.1
2021,257,2,41.4,25.6,33.7,73.4,11.2,34.8,3.79,21.63,0,33.3,29,31.1,29.3,29.1,29.2,1.5,1,228,43,7,16.2,6.6,6.1,1.62,14.2
2021,258,2,40.4,22.4,32.6,43.4,9.7,21.1,4.15,22.24,0,32.5,28.1,30.4,29.3,28.9,29.1,1.6,1,205,47,6.2,15,7.2,6.2,.98,6.6
2021,259,2,40.5,24.6,33.5,46.7,3.8,17.4,4.49,22.01,0,32.2,27.7,29.9,29,28.7,28.9,1.7,.8,296,56,4.7,15.8,7.3,6.3,.84,4.5
2021,260,2,38.5,28.3,32.7,64.8,27.2,47.9,2.69,16.06,0,31.5,28.8,30.1,28.8,28.6,28.7,3,2.2,157,39,8.5,17,5.6,6.5,2.31,19.8
2021,261,2,38.2,24.5,32.3,72.4,13,33.1,3.52,18.87,0,31.8,28.4,30.1,28.7,28.5,28.6,1.9,1.4,294,37,8.9,15.6,6,5.9,1.44,12.4
2021,262,2,38.2,22.3,31.2,44.4,10.9,20.9,3.76,21.74,0,31.5,27.4,29.5,28.6,28.4,28.5,1.7,.9,250,53,7.2,14.8,6.9,6,.91,5.5
2021,263,2,38.7,20.5,29.8,71.7,15.3,40.5,2.85,21.76,0,31.3,26.8,29.1,28.5,28.1,28.3,1.4,.4,77,61,7.8,14.1,6.2,5.5,1.55,13.5
2021,264,2,40.4,20.1,30.9,72.2,8.3,29.4,3.68,21.8,0,31.1,26.6,28.9,28.3,28,28.1,1.2,.6,23,46,7.1,14.1,6.3,5.2,1.06,7.8
2021,265,2,41.3,20.5,32.2,50.6,6.4,21,4.25,21.58,0,31.1,26.6,28.9,28.1,27.8,28,1.5,.4,13,59,7.1,14.4,6.9,5.8,.85,4.7
2021,266,2,37.4,23.9,29.8,84.2,28.8,56,2.06,10.68,0,29.3,27.3,28.4,28,27.7,27.9,2.7,1.8,168,44,10.6,15.4,4,5.1,2.24,19.3
2021,267,2,31,20.6,24.6,85.6,44.3,71,.95,5.41,.25,28,26.2,27,27.8,27.4,27.6,1.8,.2,29,72,8.8,12.9,1.4,2.6,2.18,18.8
2021,268,2,33.5,17.5,25.8,93.6,30.7,59.2,1.65,19.8,0,29,24.6,26.7,27.5,27,27.2,1.2,.4,199,62,5.9,12,4.8,4.3,1.83,16.1
2021,269,2,35,23.2,28.2,82.3,25.7,53.8,1.95,18.37,0,29.7,26,27.8,27.2,27,27.1,2.1,1.3,93,46,8.8,14.9,5.1,5.2,1.96,17.1
2021,270,2,35.2,21.8,28.2,72.6,25.2,50.7,2.07,18.59,0,30.1,26.4,28.2,27.2,27.1,27.2,2.4,1,132,62,7.8,14.3,5.4,5.6,1.85,16.3
2021,271,2,34.4,22.1,27.8,76.8,27.6,56.4,1.81,18.67,0,29.2,26.3,27.7,27.3,27,27.2,3.8,3.2,179,31,10.8,14.3,6.3,6.3,2.02,17.7
2021,272,2,32.3,20.6,26.2,70.2,17.4,34.2,2.35,18.73,0,29.1,25.5,27.2,27.1,26.9,27,1.9,1.3,326,41,7.3,13.2,5.3,5.1,1.12,8.6
2021,273,2,35.2,20.5,27.6,44.2,9.9,21.2,3.07,20.41,0,28.6,25,26.7,27,26.7,26.9,3.2,2.9,15,23,11.2,13.7,7.8,7.6,.73,2.5
2021,274,2,34.9,15.8,25.9,49.2,10.2,24.1,2.79,20.58,0,28.5,23.7,26.1,26.8,26.4,26.6,1.7,.8,28,52,7.2,11.5,6.1,5.2,.75,2.8
2021,275,2,36.3,16.9,27,57.3,11.1,27.4,2.9,17.86,0,28.2,23.9,26.1,26.5,26.2,26.3,1.6,.8,26,53,6.5,12.3,5.4,5.1,.88,5.1
2021,276,2,37.6,17.2,27.4,63.9,9.7,29.7,2.92,19.04,0,28.8,24.2,26.5,26.3,26.1,26.2,1.2,.4,51,56,5,12.6,5.5,4.6,.95,6.2
2021,277,2,36.9,18.7,27.1,61.2,11.2,32.2,2.75,14.77,0,28.1,24.4,26.2,26.2,26,26.1,1.1,.1,139,66,6.1,13.1,4.2,4,1.04,7.6
2021,278,2,33.1,22.9,27.7,59.8,30.1,42.6,2.19,17.99,0,28.7,25,26.7,26.1,25.9,26,3.7,2.4,6,47,14.6,14.5,6.1,6.5,1.57,13.7
2021,279,2,33.6,19.4,26.6,81.5,25.5,50.9,1.88,17.78,0,28.9,24.9,26.9,26.1,26,26,1,.3,101,56,5.2,13,4.4,3.8,1.7,14.9
2021,280,2,31.5,20.5,26.6,80.4,34.7,55.1,1.69,13.72,0,28.3,25.4,26.9,26.2,26,26.1,1.1,.6,250,49,4,13,3.4,3.3,1.85,16.3
2021,281,2,29.1,20.7,25.4,61.4,30.9,40,1.97,9.83,0,27.2,25.4,26.3,26.2,26,26.1,3.3,2.9,297,27,10.2,12.1,4,5,1.3,10.8
2021,282,2,31.1,17.6,23.8,61.8,8.3,33.9,2.1,16.99,0,27.1,23.7,25.3,26,25.7,25.9,2.6,2.2,333,34,8,11.4,5.2,5.5,.93,5.8
2021,283,2,32,13.9,24.3,54.8,11.7,24.4,2.47,19.27,0,27,23,25,25.8,25.5,25.6,2.4,1.8,349,40,8.7,9.9,6.2,5.6,.69,1.6
2021,284,2,32,11.8,21.5,69,9,35.4,1.97,18.68,0,25.6,22.1,24,25.5,25,25.3,4.4,2.3,251,53,18,8.9,7,7.4,.79,3.6
2021,285,2,23.2,11.6,18,59.4,12.7,27.5,1.56,18.18,0,25.3,20.6,23,25.1,24.1,24.7,2.3,2,284,30,8.2,4.8,5,4.3,.53,-1.9
2021,286,2,26.9,8.3,17.8,69.6,11.7,33.9,1.58,18.44,0,21.4,17.3,19.4,24.1,23.1,23.6,1.2,.9,8,30,8.3,5.8,4.6,3.4,.6,-.2
2021,287,2,28.8,9.8,19.6,69.2,9.7,32.9,1.8,18.21,0,22.2,17,19.4,23.1,22.7,22.9,1.1,.2,9,61,4.7,7,4.5,3.4,.64,.6
2021,288,2,29.8,14.8,23.4,55.2,9.8,18.2,2.45,18.92,0,20.6,17.3,18.9,22.7,22.5,22.6,5.3,5.1,4,18,12.9,9.5,8.3,8.3,.5,-2.8
2021,289,2,33.1,15.1,24.3,56.8,7.4,18.4,2.67,18.78,0,21.1,16.3,18.5,22.5,22.1,22.3,4.3,3.9,6,22,11.7,10.8,7.9,8.1,.5,-2.6
2021,290,2,31.9,12.4,21.4,67.8,10.4,35.9,1.92,16.93,0,22,16.8,19.2,22.2,22,22.1,1.5,1,165,42,7.6,9.1,4.7,4.1,.81,3.9
2021,291,2,26.1,15.8,20.9,57.9,21,35.1,1.65,17.48,0,21.4,17.1,19.1,22.1,21.9,22,4.6,4.1,307,24,10.9,8.1,6.1,6,.87,4.9
2021,292,2,26.9,11.8,20.2,69.2,19.2,37.6,1.59,17.71,0,22.7,16.8,19.4,22,21.8,21.9,2.2,1.4,328,44,8.3,6.7,4.6,4.2,.84,4.4
2021,293,2,29.7,10.8,20.8,79.6,19.9,41.4,1.69,17.53,0,23.6,16.8,20,22,21.8,21.9,1.2,.6,295,48,5.8,7.7,4.2,3.4,.93,5.9
2021,294,2,32.4,12.1,22.1,80.5,14.8,41.7,1.87,17.53,0,24.5,17.7,20.8,22,21.8,21.9,1,.3,236,59,3.7,9.2,4.2,3.3,.98,6.6
2021,295,2,32.1,12.9,21.8,76.2,13.4,43.4,1.78,17.43,0,24.7,18.1,21.2,22.2,22,22.1,.9,.5,180,46,4.5,9.4,4.2,3.2,1.01,7.1
2021,296,2,30,12.1,21.3,84.3,15,45.2,1.67,15.53,0,23.9,18.1,20.8,22.3,22.1,22.2,1.5,.5,277,61,5.5,8.3,4,3.6,1.02,7.3
2021,297,2,30.1,13.5,22,86.6,21.6,55.1,1.37,16.63,0,25,18.6,21.6,22.3,22.1,22.2,1.2,.4,153,58,5,9,3.8,3.2,1.39,11.9
2021,298,2,30.9,15.4,22.6,96.6,31.5,62.8,1.18,15.79,0,25.2,19.8,22.3,22.4,22.2,22.3,3.5,1.9,273,53,13,10.3,4.5,4.7,1.65,14.5
2021,299,2,27.3,13.3,19.5,62.5,12.4,36.6,1.55,16.75,0,23.3,18.8,21,22.5,22.4,22.4,3.3,2.7,309,34,11.2,7.5,5.1,5.2,.78,3.3
2021,300,2,29.9,11.8,21.6,59.9,14.7,30.4,1.99,16.29,0,22.9,17.5,20.1,22.4,22.1,22.3,2.4,1.9,353,33,8.6,8.2,5.2,4.7,.73,2.4
2021,301,2,32,15.8,24.2,56,13.7,29.1,2.3,16.33,0,23.3,18.4,20.7,22.2,22,22.1,3.1,2.7,5,27,9,10.8,6,5.8,.83,4.2
2021,302,2,34,13.9,23.1,69,12.7,39.7,2.01,16.02,0,24.8,18.4,21.3,22.1,21.9,22,1.2,.8,64,42,4.2,10.4,4.1,3.6,1.01,7
2021,303,2,31.3,13.1,21.7,79.5,22.5,54.3,1.43,15.41,0,24.5,18.7,21.5,22.1,21.8,22,1.1,.4,131,55,5.1,9.3,3.6,3.1,1.32,11.1
2021,304,2,30.6,13.5,22.2,87.6,22.4,56.1,1.38,15.53,0,24,19.2,21.5,22.2,22.1,22.2,1.3,.6,174,54,6,9.2,3.6,3.1,1.41,12.1
2021,305,2,30.3,13.7,21.9,94.8,18.3,62.8,1.18,15.11,0,24.2,19.3,21.7,22.3,22.1,22.2,.9,0,157,67,4.1,9.2,3.2,2.7,1.55,13.5
2021,306,2,30.2,14.2,21.2,89.6,13.9,54.4,1.42,15.41,0,23.7,19.4,21.5,22.3,22.2,22.3,1,.2,220,63,4.4,9.4,3.4,2.8,1.22,9.9
2021,307,2,32.3,12.4,21.6,93.5,13.2,45,1.79,15.33,0,21.7,18.3,20.1,22.4,22.2,22.3,1.6,1.1,16,36,7,9.2,4.5,3.8,.99,6.9
2021,308,2,33.8,12.5,21.6,79.6,13.8,47.9,1.7,15.21,0,22.3,17.7,20,22.2,21.9,22.1,1.1,.7,56,44,4,9.7,3.7,3.2,1.09,8.2
2021,309,2,32.5,12.7,21.6,77.1,15.4,46.9,1.68,14.28,0,22.2,17.9,20.1,22,21.8,21.9,1.2,.8,40,38,5.5,9.5,3.5,3.1,1.09,8.2
2021,310,2,31.6,12.4,21,80.2,23.3,52.3,1.48,14.67,0,22.5,18,20.2,21.9,21.7,21.8,1.1,.3,24,60,3.9,9.1,3.3,2.9,1.2,9.6
2021,311,2,28.8,12.9,19.8,85.4,26.5,58.7,1.16,10.94,0,21.5,18.1,19.8,21.9,21.7,21.8,1.1,.5,78,56,4.5,8,2.5,2.5,1.27,10.4
2021,312,2,29.7,12,20.1,94.5,18.5,63,1.09,14.56,0,22.1,17.8,19.9,21.7,21.6,21.7,.8,.2,188,57,4,8.1,3,2.4,1.39,11.9
2021,313,2,29.4,14.7,21.4,99.9,13.6,59.3,1.27,14.61,0,22.7,19,20.6,21.7,21.6,21.6,1.4,.9,251,41,6,9.2,3.5,2.9,1.37,11.6
2021,314,2,30.9,13.2,22.2,82.3,17.5,45.8,1.69,14.21,0,21.7,18.4,20.1,21.7,21.6,21.7,1.9,1.1,332,51,5.7,9.2,4,3.7,1.12,8.7
2021,315,2,30.6,15.2,23.9,60.9,12.8,27.5,2.28,14.4,0,20.9,18.4,19.7,21.7,21.5,21.6,3.7,3.2,359,29,10.4,10.1,6.1,6,.77,3.1
2021,316,2,32.3,14.9,24.1,59.2,11.4,25.8,2.39,14.29,0,21.1,18.1,19.5,21.6,21.4,21.5,3.4,2.8,12,34,10.4,10.5,5.8,6,.73,2.5
2021,317,2,32.8,12.1,21.4,63.8,12,36.5,1.91,14.14,0,20.8,17.4,19.1,21.5,21.2,21.4,1.6,1.3,25,31,6.4,9.3,4.2,3.7,.85,4.6
2021,318,2,32.7,11.7,20.8,68.4,10.8,40.1,1.81,14.17,0,20.5,17.1,18.8,21.3,21.1,21.2,1.6,1.3,33,30,6.1,9.1,4,3.6,.87,5
2021,319,2,30.9,10.4,19.3,73.5,13.4,46,1.51,13.86,0,20.3,16.7,18.5,21.2,20.9,21,1.4,1.2,47,27,4.9,8.1,3.5,3.1,.93,5.9
2021,320,2,28.7,10,17.6,82.7,17.8,52.9,1.14,10.34,0,19.8,16.5,18.1,21,20.7,20.9,.9,.6,31,44,2.9,7,2.1,2.2,1,7
2021,321,2,28.3,11,17.8,81.7,18.7,53.8,1.17,12.66,0,20.4,16.6,18.2,20.8,20.6,20.7,1.2,1,53,27,4.9,7.1,2.9,2.6,1,6.9
2021,322,2,27.8,11.4,18.6,82.2,16.5,41.7,1.43,12.61,0,20,16.2,18,20.6,20.4,20.5,2.3,2,54,22,6.6,6.9,3.6,3.7,.83,4.3
2021,323,2,28.3,9.2,17.7,79.2,14.3,47.8,1.29,12.14,0,20,15.9,17.8,20.5,20.3,20.4,1.1,1,37,17,5.6,6.6,2.9,2.5,.87,5
2021,324,2,27.5,8.9,17.2,76.7,16.9,46.2,1.28,11.66,0,19.9,15.7,17.7,20.3,20.1,20.2,1.3,.9,36,43,4.1,6.2,2.7,2.6,.82,4.1
2021,325,2,26.8,14.7,21.1,66.2,14.7,24.7,1.95,11.3,0,19,16.9,17.9,20.2,20,20.1,5.3,5,4,21,13.2,7.9,5.9,6.7,.59,-.4
2021,326,2,26,16.4,20.7,46.1,12.2,19,2.01,10.17,0,18.9,16.4,17.6,20.1,19.9,20,4.7,4.3,2,23,11.5,8.4,5.4,6.5,.46,-3.9
2021,327,2,25,13.4,18.9,70.4,16.5,39.6,1.38,5.18,0,19.2,17.1,18,19.9,19.8,19.9,1,.2,179,60,4.9,6.4,1.5,2.1,.84,4.5
2021,328,2,24.6,9.1,16.7,76.1,11.4,38,1.36,12.3,0,18.4,15.7,17.1,19.9,19.7,19.8,3.4,2.9,3,28,11.8,4.8,4.5,4.4,.62,.2
2021,329,2,22.7,14.3,18,20.6,10,15,1.78,12.8,0,17.2,15,16,19.7,19.4,19.6,7.6,7.2,5,18,17.1,5.7,7.5,7.9,.31,-9.1
2021,330,2,24.9,9.6,17.6,51.6,10.4,20.1,1.68,12.82,0,17.7,14.8,16.1,19.4,19.1,19.2,5,4.4,2,25,11.8,5.1,6,6.1,.39,-6
2021,331,2,28.1,6.7,15.6,65.9,5.5,35.2,1.42,12.75,0,18,13.8,15.8,19.1,18.9,19,.7,.5,16,34,5.8,6,2.9,1.9,.53,-1.9
2021,332,2,27.4,6.3,15.7,63.5,8.3,35.1,1.4,12.84,0,17.7,13.6,15.6,19,18.7,18.9,1.6,1.3,27,28,6.3,5.6,3.5,3,.55,-1.5
2021,333,2,28.6,6.8,17,67.8,11.5,36,1.52,12.75,0,17.8,13.7,15.7,18.8,18.6,18.7,1.6,1.2,15,33,7.2,6.3,3.7,3.1,.62,.1
2021,334,2,28.3,8.6,17.2,66.1,13.3,36.4,1.45,13.1,0,18.2,14.1,16,18.7,18.5,18.6,2.1,1.7,30,33,6.6,6.5,3.8,3.7,.66,1
2021,335,2,28.9,9,18.2,69.2,12.8,36.3,1.55,12.73,0,18.4,14.4,16.3,18.6,18.5,18.5,2.3,1.9,29,34,7.2,6.9,3.9,3.9,.69,1.7
2021,336,2,28.4,10.8,17.9,73.6,14.5,43.5,1.36,12.22,0,18.9,15,16.7,18.6,18.5,18.6,.7,.3,125,48,3.5,7.1,2.7,1.9,.82,4.1
2021,337,2,26.5,7.8,15.9,79.5,24.1,56.7,.95,12.02,0,18.7,14.6,16.5,18.7,18.5,18.6,1,.2,98,63,3.2,5.5,2.4,2,.99,6.8
2021,338,2,27.5,7.6,15.9,86,16.4,52.1,1.1,12.12,0,18.4,14.5,16.3,18.7,18.5,18.6,.8,.1,243,61,2.8,5.9,2.4,1.9,.86,4.7
2021,339,2,29,7,15.7,78.1,10.9,47.9,1.19,12.33,0,18.2,14,16,18.6,18.4,18.5,.9,.2,221,60,3.1,6.6,2.6,2.1,.76,3.1
2021,340,2,27.6,5.7,14.9,76,15.7,51,1.05,12.45,0,18,13.7,15.8,18.5,18.3,18.4,1.2,.8,44,38,4.6,5.7,2.7,2.3,.79,3.7
2021,341,2,24.4,8.9,15.9,73.7,27.8,49.6,1,9.06,0,18.2,14.4,16.2,18.4,18.2,18.3,1.8,1.4,11,36,8.4,4.7,2.3,2.5,.87,5
2021,342,2,23.6,11.3,16.4,80.8,31.2,58.6,.87,10.4,0,19,15.6,17.1,18.4,18.3,18.3,.7,.5,182,39,3.4,4.9,2,1.6,1.05,7.6
2021,343,2,22.8,10,16.1,99.9,44.6,71.6,.58,8.39,0,19.1,15.5,17.1,18.5,18.4,18.4,2.1,1.6,281,35,9.1,4.2,1.8,2,1.29,10.8
2021,344,2,19.5,8.9,14.1,77.5,25.4,47.1,.89,10.85,0,17.5,15,16.4,18.6,18.4,18.5,3,2.5,339,34,10.3,2.4,2.9,2.9,.74,2.7
2021,345,2,19.4,8.4,13.1,37.8,17.9,25.2,1.15,12.59,0,16.4,13.4,14.8,18.5,18.1,18.3,3.9,3.7,9,17,11.4,2.3,4.2,4.2,.38,-6.2
2021,346,2,20.6,3.3,11.1,72.1,15.1,36.7,.95,12.66,0,16.2,12.1,14,18.2,17.8,18,1.2,.7,28,43,4.4,2.3,2.7,1.9,.46,-3.8
2021,347,2,20.1,2.5,11.6,80.5,32.4,56.4,.7,8.66,0,15.8,11.7,13.8,17.8,17.5,17.7,1.1,.9,360,36,5.3,2.1,1,1.6,.77,3.1
2021,348,2,21.8,9.5,15.9,80,34.3,52.4,.92,11.78,.76,17.4,14.1,15.6,17.6,17.5,17.5,3.8,.9,219,67,12.1,3.6,3.3,3.3,.93,5.9
2021,349,2,17,3.2,10.4,85.1,19.9,49.3,.71,12,0,15.8,12.7,14.3,17.7,17.5,17.6,2,1.3,339,43,10.2,1,2.5,2.1,.59,-.4
2021,350,2,19,1.1,9.1,84.1,16,48.1,.74,12.13,0,15,10.9,12.9,17.6,17.1,17.4,1,.3,43,55,4,1.6,2.2,1.6,.5,-2.7
2021,351,2,18.8,4.2,11.4,76.8,19.5,42.2,.85,12.2,0,14.8,11.5,12.9,17.2,16.8,17,3,2.8,8,19,9.7,1.7,3.3,3,.54,-1.6
2021,352,2,18.1,4.3,12.3,58.2,18.1,30.1,1.04,12.35,0,14.5,11.4,12.7,16.9,16.6,16.8,3.1,2.7,356,27,13.1,1.5,3.7,3.3,.42,-5
2021,353,2,21.4,3.7,11.8,59.7,14.7,33.6,1.03,12.15,0,14.6,10.4,12.3,16.7,16.4,16.5,2.2,1.7,17,34,7.9,2.7,3.2,2.9,.45,-4.3
2021,354,2,22.4,2.2,11.8,74.3,17.5,41.6,.95,12.01,0,15,10.5,12.6,16.4,16.2,16.3,1.7,1.3,25,33,5.8,3,2.9,2.5,.54,-1.7
2021,355,2,19.4,7.8,14.4,65.6,23.6,36,1.1,5.82,0,14.9,12.4,13.6,16.3,16.2,16.3,2.4,2,14,31,7.3,2.3,2.2,2.8,.57,-.9
2021,356,2,22.7,10,16,55,17.3,34,1.27,10.56,0,16.5,12.9,14.6,16.4,16.3,16.3,1.7,1.4,26,30,6,4.1,2.8,2.6,.6,-.2
2021,357,2,24.1,10.2,17.1,75.6,19.2,45.9,1.15,9.73,0,17.6,14.3,15.8,16.7,16.4,16.6,1.2,.6,185,48,5.8,4.8,2.3,2,.86,4.8
2021,358,2,20.7,10.3,15.9,96.3,41.7,71.4,.54,9.93,3.56,17.6,15.1,16.3,17.1,16.7,16.9,3.8,2.1,281,53,12.3,3.3,2.4,2.3,1.28,10.6
2021,359,2,18.7,5.3,11.3,97.4,43.1,75.6,.4,9.31,0,16.1,12.9,14.4,17.1,16.9,17,.8,.2,59,60,3.4,1.7,1.2,1.2,.99,6.8
2021,360,2,20.5,6.3,13.4,95.1,33.8,61.2,.68,11.57,0,16.5,12.9,14.5,17,16.8,16.9,1.6,1,298,47,5.5,2.6,2.2,1.9,.9,5.5
2021,361,2,14.8,5.6,10.5,86.6,37.9,58.1,.57,5.81,0,14.4,12.6,13.4,16.9,16.7,16.9,2.3,1.7,293,38,8.6,.4,1.3,1.8,.72,2.2
2021,362,2,18.9,3.8,11.2,87,34.9,60.3,.61,11.19,0,15.1,11.1,13,16.8,16.4,16.6,2.3,1.4,281,47,9.5,1.7,2.2,2.2,.77,3.3
2021,363,2,17.5,3.8,10.8,87.4,35.7,62.5,.56,12.27,0,15.7,11.7,13.6,16.5,16.4,16.4,1.5,0,55,71,8.2,1.2,2.2,1.7,.78,3.4
2021,364,2,17.9,5.7,11.8,95,55.6,80,.31,7.05,0,15.2,12.3,13.7,16.5,16.3,16.4,2.3,1.9,53,33,6.2,1.5,1,1.4,1.12,8.6
2021,365,2,19.3,9.7,13.5,100,59.5,91.4,.15,7.34,2.54,16.7,14.4,15.2,16.6,16.3,16.4,1.9,.6,23,65,5.7,2.5,.7,1.3,1.41,12
