2021,1,20,17.2,1.9,11,76.2,23.3,42.2,.82,11.82,0,14.2,8.8,10.8,12.4,12.1,12.2,6,5.5,3,24,15.8,1.1,4.5,3.8,.53,-2
2021,2,20,17.2,-1,6.3,86.3,25.4,57.5,.52,11.14,0,14.2,6.2,9.7,12.4,12,12.3,.9,.1,216,69,2.7,.9,1.6,1.3,.52,-2.3
2021,3,20,19.1,-1.4,6,88.5,23.2,59.8,.5,10.62,0,14,6.1,9.4,12.3,11.9,12.1,1.1,.1,234,70,4,1.6,1.6,1.6,.52,-2.1
2021,4,20,19.5,-.1,7.4,87.5,23.5,59.1,.55,11.72,0,14.9,6.3,10.1,12.2,11.8,12,.9,.2,159,60,3.1,1.7,1.8,1.4,.57,-.9
2021,5,20,21.7,-1.9,9.3,90.5,15.6,52.1,.8,12.15,0,14.5,6.1,10.1,12.2,11.8,12,2.8,2,353,41,11.7,2.5,3.3,3.1,.53,-2.1
2021,6,20,19.4,2.6,11.3,75.5,18.4,40.3,.9,10.52,0,14.2,8,10.8,12.3,12,12.1,3.3,2.4,355,41,11,1.8,3.3,3.2,.5,-2.7
2021,7,20,20.2,-1.5,8.9,82.5,17.2,45.5,.8,10.72,0,13.8,6.2,10,12.3,11.9,12.1,2.6,1.7,9,45,11.1,1.9,2.9,3,.46,-4
2021,8,20,19.5,-.3,8.3,77.1,14.8,45.1,.77,10.14,0,13.5,6.6,9.8,12.2,11.9,12.1,2.4,1.4,3,50,9.7,1.7,2.8,2.8,.44,-4.5
2021,9,20,18.5,-2.8,9.2,83.4,19.7,43.3,.84,12.54,0,13.6,5.5,9.4,12.1,11.6,11.9,4.6,3.7,353,33,15.8,1.3,4.5,3.6,.44,-4.3
2021,10,20,17,1.3,10.6,72.9,20.4,37.9,.86,12.29,0,13.9,7.5,10.3,12,11.7,11.9,4.5,4.1,5,24,11.5,1,4.1,3.5,.46,-3.9
2021,11,20,18,-1.4,9.1,76.1,16.4,39.7,.82,12.78,0,13.7,6.3,9.7,12.1,11.7,11.9,4.3,3.6,0,33,12.3,1.2,4.3,3.6,.41,-5.3
2021,12,20,18.5,3,12.1,58.5,13.2,27.2,1.12,11.24,0,13.3,5.2,10.6,11.8,11.4,11.5,3.1,2.4,349,40,8.1,1.5,2.9,3.4,.35,-7.3
2021,13,20,21,-1.7,8.4,75.7,10.6,39.5,.85,11.41,0,13.8,5.3,9.3,11.7,11.3,11.5,2.3,1.3,344,48,11.1,2.2,3,3,.38,-6.3
2021,14,20,23.9,1.5,14.7,67.9,16.6,31,1.35,12.38,0,15.8,7.2,11.2,11.8,11.4,11.6,4.9,3.9,356,36,14.5,3.6,5.4,5.2,.48,-3.4
2021,15,20,24.9,9.5,17.7,45.5,12.1,20.8,1.67,13,0,17.6,11,13.8,12.6,11.8,12.1,5.4,5,7,23,13.9,5,6.3,6.2,.4,-5.6
2021,16,20,25.3,1.8,15.1,73.4,14.3,34.1,1.4,12.69,0,17.4,8.8,13.1,12.8,12.5,12.6,5.1,4,357,36,15.4,4.1,5.9,5.6,.51,-2.5
2021,17,20,23.9,5.5,16,57,10.6,26.8,1.45,13.45,0,17.9,11.1,14.1,13.3,12.8,13,4.6,4,358,28,12.1,3.9,5.6,5.2,.45,-4.2
2021,18,20,23.3,.2,12.4,81.1,13.8,36.4,1.18,12.37,0,16.5,8.4,12.4,13.4,12.9,13.2,4.6,3.6,352,35,14.9,3.2,5.1,5,.44,-4.4
2021,19,20,17.3,11.4,13.9,56.1,21.6,33.6,1.06,5.01,0,14.1,11.4,12.8,13.2,13.1,13.2,8,7.4,4,22,15.4,1.8,4.2,5.4,.54,-1.7
2021,20,20,19.7,8.7,15,71.3,31,42.9,1,6.28,0,16.1,12.6,13.8,13.5,13.2,13.3,5.1,4.5,7,27,11.3,2.5,3.1,3.9,.72,2.3
2021,21,20,23.3,7.4,14,84.7,26.7,57.3,.78,12.84,0,19.4,11.3,14.5,13.7,13.4,13.5,1.4,.2,113,70,5.6,3.9,2.5,2.2,.88,5.1
2021,22,20,18.7,4,11.9,92.9,48.1,73.6,.43,5.99,0,15.1,10.4,12.9,13.9,13.6,13.7,2.9,2.5,168,26,9.8,1.7,1.1,1.7,1.02,7.3
2021,23,20,17,4.2,10.2,89.7,35.9,63.4,.51,10.69,0,16.5,9.6,12.6,13.7,13.4,13.6,1.2,.5,180,54,4.9,1.1,1.7,1.5,.77,3.2
2021,24,20,14.6,3.8,9.4,90.2,49.1,72.1,.36,10.89,0,16.3,9.9,12.4,13.6,13.3,13.5,2.4,2.1,151,28,7.9,.3,1.8,1.6,.84,4.5
2021,25,20,10.4,3.4,7.7,91.5,41.2,72.8,.29,3.83,2.79,11.8,8.2,10.4,13.5,13.2,13.4,3.9,3.5,161,27,10.3,0,.6,1.3,.77,3.2
2021,26,20,10.8,2.4,6.2,94.1,48.2,76.3,.25,8.09,1.78,12.6,7.5,9.3,13.2,12.5,12.7,2,1.6,157,33,6.4,0,.8,1.2,.71,2.1
2021,27,20,13.2,-.7,5.3,98.2,41.4,78.5,.25,8.41,0,11.7,5.2,8.2,12.6,11.9,12.2,.8,.3,353,48,3.2,0,.8,1.1,.68,1.4
2021,28,20,18.3,-1,6.8,100,26.8,73.9,.38,12.98,0,14,5,9,12,11.5,11.8,1,.1,62,69,3.3,1.3,1.8,1.6,.69,1.7
2021,29,20,16.4,3.7,9.9,91.8,38.2,70.4,.39,6.47,2.79,12.9,8.5,10.1,11.9,11.7,11.8,1.9,.5,195,66,10.7,.8,1,1.6,.86,4.7
2021,30,20,17.6,-.6,7.7,99.2,32.6,73.7,.39,14.7,0,14.8,5.3,9.7,12,11.5,11.7,1.1,.6,326,47,4,1.1,2.1,1.6,.74,2.7
2021,31,20,18.7,-.4,10.5,94.9,27.7,57.3,.7,13.1,0,13.8,5.9,9.9,11.9,11.5,11.7,4.1,3.3,5,37,12.1,1.4,3.6,3.1,.66,1.1
2021,32,20,17.9,7.8,12.9,80.1,32.6,55.9,.7,5.91,0,13.9,9.6,11.6,12.1,11.7,11.9,1.8,1.5,338,34,5.5,1.7,1.3,2,.82,4.1
2021,33,20,23.7,7.8,14.3,88.7,26.4,60.7,.77,11.51,0,18.6,10.3,13.7,12.6,12.1,12.2,.9,.7,322,36,5,4.2,2,2,.94,6
2021,34,20,24.4,4.7,14.2,97.8,15.4,59.2,.88,12.63,0,18.4,9.7,13.9,13,12.6,12.8,1.7,.6,228,60,9.1,4.1,2.8,2.7,.86,4.7
2021,35,20,18.3,6.1,12.7,65.9,19.5,36.4,.99,15.72,0,17,9.6,13,13.2,12.9,13.1,4.5,4,344,27,14.1,1.7,5,4.1,.51,-2.5
2021,36,20,22.6,4.7,12.5,74.2,13.4,39,1,15.89,0,18.5,8.4,12.8,13.2,12.7,13,2.3,1.7,344,41,8.8,3.3,3.8,3.4,.53,-2
2021,37,20,22.9,2.8,12.2,77.8,11.9,42.2,1.01,16.11,0,18.5,8.3,12.9,13.2,12.8,13,2.6,1.6,352,49,9.2,3.2,4.2,3.6,.54,-1.8
2021,38,20,23.5,-1,9.8,90.4,10.9,51.4,.84,16.2,0,19,7.4,12.7,13.2,12.7,13,.8,.1,150,62,3.1,3.2,2.8,2.1,.53,-1.8
2021,39,20,23.2,0,10.7,88.7,17.5,51.6,.82,15.73,0,19,7.6,12.9,13.2,12.7,13,1.2,.8,156,38,6,3.1,3.1,2.4,.61,0
2021,40,20,19.6,2,10.9,90.4,24.6,58.6,.64,8.25,0,15.2,8.9,12.3,13.2,12.9,13.1,.7,.2,346,58,2.8,1.9,1.1,1.5,.74,2.6
2021,41,20,25.7,5.1,13.9,87.3,15,51.8,.96,16.07,0,20.8,10.1,14.7,13.4,12.9,13.1,1.1,.5,335,53,4.2,4.7,3.2,2.6,.75,2.8
2021,42,20,26.7,2.1,13.2,90,18.3,54.3,.9,15.78,0,20.7,9.6,14.9,13.7,13.3,13.5,1.1,.4,155,54,4.5,4.8,3,2.6,.77,3.3
2021,43,20,21.1,6.3,13.7,93.2,27.7,62.4,.64,10.97,1.27,18.1,11.9,14.7,14,13.7,13.9,1.9,.6,215,66,6.9,2.8,2.1,2.3,.97,6.6
2021,44,20,23.2,4.8,13.1,96.6,21.7,59.3,.81,15.89,0,19.1,10.5,14.2,14.1,13.7,13.9,3.8,1.5,292,61,14.1,3.6,4.4,4.1,.81,3.8
2021,45,20,17.9,3.5,12.5,65.1,16,31.2,1.06,16.15,0,17.7,10.8,13.9,14.1,13.8,14,4.7,4.1,355,29,11.8,1.4,5.3,4.4,.43,-4.8
2021,46,20,19.5,-.5,9.2,86.7,20.3,51.5,.7,13.57,0,17.7,8.2,12.5,14.1,13.4,13.7,1.8,1.3,156,41,7.4,1.8,2.7,2.6,.56,-1.2
2021,47,20,21.4,1.7,11.2,86.9,12.4,47.6,.89,17.53,0,19.1,9.1,13.6,13.7,13.4,13.6,2.4,1.5,7,47,9.1,2.6,4.3,3.4,.56,-1.3
2021,48,20,17.9,1.1,9.8,78.6,13.4,38.8,.86,17.63,0,16.9,8.3,12.4,13.8,13.3,13.6,3.9,3.3,355,32,13.9,1.3,5.1,4,.42,-4.9
2021,49,20,17.4,.9,9.6,77.1,12.5,35.4,.86,18.26,0,17,7.8,11.9,13.6,13,13.3,3.9,3.4,350,30,12.4,1.1,4.9,4,.39,-5.9
2021,50,20,21.6,-2.2,8.3,85.3,7.6,44.9,.82,18.19,0,19.1,6.7,12.3,13.3,12.7,13.1,.8,.1,303,65,3.2,2.4,3.2,2.3,.42,-5
2021,51,20,22,-2.9,9.6,86.2,7,43.5,.93,18.46,0,18.3,7.1,12.5,13.3,12.8,13.1,3.1,2.3,309,37,14.9,2.5,5.1,4.2,.44,-4.5
2021,52,20,19.2,1.6,11.1,80.7,16.6,41.7,.88,18.42,0,17.8,8.6,12.8,13.3,12.9,13.1,3.8,3.2,341,30,11.1,1.8,5,4,.51,-2.6
2021,53,20,22.6,2.2,12.6,70,14.4,35.6,1.11,18.68,0,18.8,8.2,13.1,13.3,12.9,13.1,3.9,3.3,358,30,13,3,5.7,4.9,.47,-3.7
2021,54,20,25.9,-.8,12.1,86.4,13.5,44.7,1.06,18.06,0,20.9,8.3,14,13.4,13,13.2,.9,.2,351,64,3,4.1,3.6,2.8,.56,-1.2
2021,55,20,26.1,.9,13.7,87.5,9.4,42.9,1.15,19,0,22,9.8,15.4,13.9,13.4,13.6,2.3,.9,332,53,17.7,4.4,4.4,4.2,.59,-.6
2021,56,20,16.5,4.5,11.4,71,14.9,28.3,1,19.57,0,17.8,11.8,14.6,14.2,13.9,14.1,6.8,6,352,28,16.6,.9,6.7,5.3,.37,-6.8
2021,57,20,21.9,-2.9,8.9,85.8,7.3,39.2,.88,19.83,0,20.2,7.3,13.2,14.2,13.4,13.8,1.3,.6,176,52,4.1,2.5,3.9,3.1,.4,-5.6
2021,58,20,18.9,-1.4,10.2,82.7,12.6,36.5,.96,19.24,0,17.9,8.2,12.8,13.9,13.4,13.7,4,3.2,354,35,12.3,1.5,5.5,4.3,.4,-5.7
2021,59,20,16,1.9,9.6,66.1,13.3,30,.89,19.92,0,16.9,9.3,12.6,13.7,13.4,13.6,4.9,4.3,344,29,14.4,.7,5.7,4.5,.34,-7.8
2021,60,20,21.5,-2.7,9.5,64.4,6.4,29.4,1.03,20.17,0,19.5,6.9,12.7,13.6,13,13.3,1,.2,230,63,3.5,2.3,3.9,2.8,.29,-9.6
2021,61,20,25.6,-2.9,10.7,79.3,7.5,36.7,1.14,20.12,0,20.1,7.6,13.4,13.6,13.1,13.4,.9,.6,355,36,6.3,3.8,4.2,3.1,.39,-6.1
2021,62,20,25.2,-1.6,11.6,78.8,8.5,40.3,1.05,14.82,0,18.6,8.6,13.5,13.7,13.3,13.5,2.8,2.3,202,29,16.8,3.7,4.1,4.6,.49,-3.1
2021,63,20,23,2.8,12.9,91.7,22.4,54.8,.83,19.88,0,21.9,10.2,15.6,14.1,13.5,13.7,.8,.1,224,56,4.7,3.3,3,2.7,.76,3.1
2021,64,20,27.9,1.7,13.9,84,11.8,48.5,1.16,20.59,0,22.4,10.2,16,14.4,13.9,14.2,1.3,1,2,32,8.9,5.3,4.7,3.7,.68,1.5
2021,65,20,28.8,1.4,15,82.7,10.9,41,1.35,19.92,0,23.3,11.3,16.9,14.9,14.3,14.5,1.1,.8,159,31,6.9,5.7,4.6,3.6,.59,-.5
2021,66,20,27.6,2.3,14.8,81.5,13.7,41.3,1.25,14.29,0,20.7,11.5,16.1,15.1,14.7,14.9,.5,.3,181,36,4,5.2,2.7,2.4,.62,.2
2021,67,20,27.4,7.4,18.2,63.4,11.1,32.9,1.6,20.9,0,23.7,12.7,17.9,15.4,14.9,15.1,2.7,2.3,185,31,8.6,5.8,6.1,5.2,.63,.4
2021,68,20,21.8,8.2,15.7,60.9,12.3,29.4,1.33,18.69,0,21.7,13.5,17.5,15.8,15.4,15.6,2.8,2,248,41,10.2,3.4,5.2,4.5,.5,-2.8
2021,69,20,19,2.4,11.6,75.1,20,43.9,.86,16,0,19.4,11.6,15.5,15.9,15.3,15.6,2.7,1.9,199,43,11.2,1.7,3.8,3.5,.57,-1
2021,70,20,17.4,.5,9.1,86.4,29.8,61.1,.51,14.27,0,19,10.3,14.1,15.6,15,15.3,2.5,.6,117,61,10.3,1,2.8,2.7,.69,1.6
2021,71,20,17.2,2.1,9.2,97.8,23.5,69.2,.43,18.17,0,20.7,10.7,15.1,15.2,14.8,15,1.7,.8,350,52,9.7,1,3,2.6,.78,3.3
2021,72,20,19.3,2.4,9.5,94.5,24.8,61.3,.58,17.73,0,20.6,10.7,14.9,15.2,14.7,15,1.6,.3,105,62,10.2,1.8,3.3,2.9,.68,1.5
2021,73,20,22.2,-.5,11.3,88.6,17.7,52.7,.83,21.18,0,22.4,9.4,15.5,15.2,14.6,14.9,.9,.5,163,40,4.6,2.8,3.9,2.9,.65,.9
2021,74,20,22.2,8.2,14.9,74.7,27,45,1,18.92,0,21.6,13.9,17.4,15.6,15,15.3,4.6,3.5,190,39,16.6,3.5,5.5,5.1,.75,2.9
2021,75,20,18.6,4.2,11,78,25.1,49.9,.72,21.51,0,23,11.9,16.9,15.7,15.3,15.5,.9,.6,228,37,5.8,1.7,3.7,2.9,.63,.4
2021,76,20,23.2,.6,12,91.2,18.9,52.3,.89,20.89,0,23.7,11.1,17.1,15.9,15.4,15.7,.3,.1,4,39,2.9,3.2,3.6,2.6,.66,1.1
2021,77,20,27.6,4.7,14.7,89.9,12.2,49.1,1.15,21.01,0,25.1,12.6,18.3,16.2,15.7,15.9,.3,.1,340,35,3.7,5.5,4,2.8,.72,2.2
2021,78,20,28.1,3.2,15.5,88.3,10.7,47,1.21,22.1,0,25.8,12.8,18.9,16.6,16.1,16.3,1,.8,160,23,5.8,5.4,4.8,3.7,.75,2.9
2021,79,20,27.3,8.6,17.9,77.8,6.6,38.4,1.38,18.09,0,24.9,15.2,19.7,17.1,16.6,16.8,2.4,1.3,260,52,9.4,6.1,4.9,4.8,.77,3.3
2021,80,20,23.5,2.3,14.1,81.3,11.8,35.8,1.27,22.61,0,22.4,12.9,17.6,17.3,16.7,17,4.5,4,354,25,12.1,3.4,7.1,5.9,.49,-3
2021,81,20,23.5,8.4,16.2,56.5,9.8,25.6,1.44,22.78,0,24.5,13.4,18.5,17,16.6,16.8,2.9,2.2,351,36,11,4.2,6.1,5.3,.45,-4
2021,82,20,22.9,7.7,15.5,71.1,15.9,38.4,1.17,17.65,0,21.7,14.6,17.8,17.2,16.8,17,4.6,3.6,350,37,13,3.9,5.6,5.5,.65,.8
2021,83,20,23.3,5.9,16.1,72.8,10.8,27.2,1.44,23.32,0,23.3,14.3,18.3,17.1,16.7,16.9,4.6,4.1,2,25,13.3,3.7,7.4,6.3,.46,-3.9
2021,84,20,20.4,2.5,12.8,89,16.8,46.2,.92,14.53,0,20.3,12.9,16.3,17.2,16.6,16.9,2.9,2.7,166,20,11.4,2.2,3.9,3.7,.64,.7
2021,85,20,22.6,6,14.1,87.9,14.2,48.2,.97,20.17,0,23,13.6,17.5,16.8,16.4,16.6,2.2,1.4,357,38,9.2,3.4,4.8,4.1,.71,2.1
2021,86,20,25.6,3.8,15.8,74.6,12.7,36.7,1.35,23.84,0,23.4,12.7,17.7,16.9,16.4,16.7,3.7,3.2,345,28,11.7,4.5,7.1,6,.59,-.5
2021,87,20,31,3.1,16.9,77,8.7,39.5,1.56,24.2,0,27.1,12.9,19.5,17.2,16.5,16.8,.4,.1,319,36,4.1,6.7,5.1,3.4,.66,1
2021,88,20,30.6,3.3,17.6,81.2,8,38.8,1.53,24.41,0,27.4,14.1,20.4,17.7,17.1,17.4,1.3,.8,192,34,6.9,6.6,5.7,4.7,.72,2.3
2021,89,20,23.2,11,18.2,53.1,7.2,17,1.79,24.58,0,23.6,17,19.8,18,17.7,17.9,6.8,5.3,344,37,15.5,4.6,9.8,8.3,.34,-7.8
2021,90,20,27.4,6.7,18.1,59,6.8,19.1,1.82,24.95,0,24.9,15.1,19.4,18,17.6,17.8,5.4,4.8,358,26,12.4,5.7,8.9,8.3,.37,-6.8
2021,91,20,29.2,2.5,18.8,82.9,6.6,26.7,1.96,19.87,0,24.2,13.8,18.9,18.1,17.5,17.8,3.3,2.7,4,32,11.5,6,6.7,6.6,.46,-3.9
2021,92,20,35.2,8.1,22.8,74.6,6.7,32.2,2.34,24.14,0,29.7,16.4,22.6,18.6,17.8,18,.4,.1,297,37,4.4,8.8,5.6,3.9,.76,3.1
2021,93,20,36.7,7.5,22.4,85.1,5,33.7,2.38,24.74,0,30.5,17.3,23.5,19.4,18.6,18.9,.7,.4,172,27,4.6,8.9,6,4.4,.71,2
2021,94,20,37.4,8.2,22.9,76.3,2.9,28.2,2.58,24.48,0,30.5,17.7,23.8,19.9,19.3,19.5,1,.4,216,41,8.2,9.2,6.4,5.1,.61,-.1
2021,95,20,35.6,11.2,25.8,51,3.9,18.3,3.11,24.47,0,29.3,19.1,24.2,20.3,19.8,20,4.3,3.2,243,38,13,9.7,9.7,9.6,.49,-2.9
2021,96,20,28.3,10.5,20.2,69,7.1,32.7,1.81,25.56,0,28.4,19.3,23.7,20.6,20.2,20.4,2.6,2.1,349,29,10.1,6.9,7.4,6.1,.7,1.8
2021,97,20,33.7,4.1,20.2,79.8,4.9,32.4,2.12,25.23,0,29.7,16.5,22.9,20.7,20,20.4,.9,.7,177,22,6.8,7.7,6,4.7,.6,-.3
2021,98,20,35.2,16.5,25.8,47.9,7.9,23.8,2.7,23.9,0,31.7,20.5,25.5,21.2,20.4,20.7,1.5,.7,284,44,8.6,11.8,6.4,5.8,.75,2.9
2021,99,20,30.8,7.8,21.2,64,7.2,27.9,2.04,25.66,0,29.4,19,24.1,21.4,21,21.2,2.3,1.9,357,24,10.3,7.4,7.5,6.2,.67,1.2
2021,100,20,34.3,6.3,20.7,78.6,5.3,32.7,2.15,26.21,0,30.9,17.7,24,21.5,20.8,21.2,.2,.1,342,22,4,8.2,5.9,3.8,.65,.7
2021,101,20,33.5,6.4,20.6,80.8,3.8,36.5,1.96,22.96,0,29.7,18.4,24,21.6,21,21.3,.4,.4,166,16,3.7,7.9,5,3.8,.76,3
2021,102,20,39.7,19.7,26.4,51.5,10.2,31.9,2.54,10.48,2.29,31.7,25.1,29.2,21.9,21.3,21.5,2.3,2.1,160,23,6,13.9,3,6.2,1.04,7.5
2021,103,20,29.4,15,23.1,74.1,16.2,36.8,1.91,25.85,0,29.9,21,25.3,22.2,21.8,22,4.1,3.8,170,22,10.7,9.4,8.3,7.3,.99,6.9
2021,104,20,27.9,11.4,20.5,72.3,12.2,36.4,1.67,26.1,0,28.8,19.8,24.2,22.3,21.8,22.1,4.3,3.7,174,29,10.6,7,7.9,7.1,.83,4.2
2021,105,20,27.5,7.3,18.7,80.1,9.3,36.1,1.6,27.06,0,30.8,18.6,24.4,22.2,21.7,22,1.2,.4,297,58,7.8,5.9,6.2,4.8,.7,1.8
2021,106,20,30,5.7,18.4,85.2,6.8,40.9,1.59,27.18,0,30.8,18.2,24.2,22.3,21.7,22,1.6,1.1,345,41,7.2,6.8,6.4,5.5,.75,2.8
2021,107,20,24.7,11.9,18.8,62.9,16.5,35.8,1.48,27.17,0,27.6,20.4,23.6,22.3,21.9,22.1,5.5,4.9,353,28,12.6,5.6,8.6,7.3,.74,2.7
2021,108,20,26.6,10,19.4,67.9,9.9,28.3,1.75,27.74,0,27.6,18.7,22.8,22.2,21.6,21.9,4.7,4,345,31,11.4,6,8.9,7.6,.6,-.2
2021,109,20,31.5,4,19,83.8,6.6,35.3,1.79,27.98,0,30.5,16.9,23.3,22,21.3,21.7,1.5,.8,186,48,7.8,7,6.8,5.7,.68,1.5
2021,110,20,32.3,7.7,20.3,74.6,7.3,36.2,1.83,27.54,0,31.2,18.5,24.5,22.2,21.6,21.9,2,1.2,178,48,9.5,7.9,7.1,6.4,.79,3.6
2021,111,20,27.7,11,21,62.3,9.5,31.8,1.82,26.32,0,29.4,19.7,24.3,22.4,22,22.2,3.3,2.3,206,44,9.6,6.9,7.7,6.7,.76,3
2021,112,20,28.1,9.5,18.8,85,18.5,49.8,1.24,25.44,0,30.4,19.3,24.5,22.5,22,22.3,2.1,1.6,168,37,6,6.6,5.9,5.3,1.05,7.6
2021,113,20,29.2,10.1,20.6,77,16,44.3,1.53,27.47,0,30.9,19.4,24.9,22.6,22.1,22.4,2.4,2,163,32,8.5,7.3,6.9,6,1.03,7.4
2021,114,20,29.9,12.7,21.9,75.1,17.6,42.2,1.72,27.79,0,30.3,20.3,25.2,22.8,22.4,22.6,3.7,3.4,176,24,11.4,8.6,8.1,7.2,1.03,7.4
2021,115,20,29.4,13.1,22.1,68.7,16.1,38.3,1.8,26.03,0,30.9,20.5,25.4,23,22.5,22.8,3.4,3.1,191,24,9.4,8.5,7.6,6.9,.97,6.5
2021,116,20,20.4,14.1,17,76.8,26.9,52.7,.92,9.62,0,25.1,20.8,22.6,23.1,22.6,22.9,3.2,1.9,175,52,8.6,4.5,2.4,3.6,1.01,7.1
2021,117,20,23.9,9.8,16.3,93.7,23.1,60.7,.84,24.35,.51,30,18.3,23,22.6,22,22.3,1.3,.4,241,61,11,4.7,4.7,4.2,1.07,7.9
2021,118,20,30.2,7.8,19.8,92.6,13.2,45,1.72,28.39,0,28.4,17.5,22.8,22.5,21.8,22.1,3.7,3.1,351,31,11.8,7.3,8.7,7.4,.84,4.5
2021,119,20,36,12.2,25.6,70.4,7.1,25.2,2.79,28.85,0,32.4,20,25.6,22.6,21.9,22.2,3.5,3.1,358,28,9.9,9.9,9.5,9.1,.73,2.4
2021,120,20,38.3,9.9,24.3,80.6,7.9,41.7,2.13,28.52,0,34.4,20.7,27.2,23.3,22.6,22.8,.7,.5,186,37,3.4,9.8,6.8,5.6,1.25,10.3
2021,121,20,30.9,13.4,23.1,75,10.2,42.1,1.79,20.74,0,30.9,22.4,26.6,23.8,23.3,23.5,1.6,1.4,158,22,8,9.3,5.3,5,1.18,9.4
2021,122,20,35.3,13.2,25,68.8,7.7,33.6,2.36,27.63,0,34,21.2,27.2,23.9,23.4,23.6,2.4,1,290,58,11.3,10.3,7.5,7.4,1,6.9
2021,123,20,30.2,15.4,23.2,64.6,12.5,33.6,2.06,28.93,0,31.9,23,27.3,24.3,23.9,24.1,3.9,3.4,355,28,13,10,9.1,8.1,.89,5.2
2021,124,20,35.9,9.1,22.6,88.1,6.5,43.9,1.96,28.98,0,34.4,20.9,27.3,24.5,23.8,24.2,1,.3,153,59,3.7,9,6.9,5.9,1.09,8.2
2021,125,20,38.1,9.7,24.1,81.4,7,42.1,2.19,29.2,0,35.6,22,28.5,24.9,24.2,24.5,.9,.6,159,40,4.1,9.6,7,6,1.16,9.1
2021,126,20,35.8,12.3,24.8,76.5,10,40.9,2.16,28.92,0,35.7,23.2,29.2,25.3,24.7,25,1.4,1,169,35,7.6,10,7.3,6.4,1.22,9.9
2021,127,20,32.4,13.9,24,74.4,16.2,42.3,1.91,28.63,0,34.2,23.8,29,25.6,25.1,25.4,2.5,2.1,164,32,8.2,10,7.7,6.9,1.22,9.9
2021,128,20,36,13.1,25.2,67.1,8.8,36.2,2.4,28.79,0,35.6,23.3,29.2,25.8,25.2,25.5,1.3,.3,329,63,4.8,10.4,7.2,6.3,1.06,7.9
2021,129,20,34.8,10.6,23.3,76.9,5.4,37.7,2.16,29.34,0,35.2,23.2,29,26.1,25.4,25.8,1.9,.1,167,76,8.1,9.3,7.7,6.9,.95,6.2
2021,130,20,36.3,13.1,25.7,72.1,5,30.3,2.66,29.04,0,35.6,23.8,29.5,26.2,25.6,25.9,1.3,.7,172,52,4.3,10.5,7.5,6.4,.86,4.7
2021,131,20,36.7,13.2,25.1,65.6,5.6,30.1,2.58,29.6,0,34.6,23.8,29,26.4,25.8,26.1,2.5,2.1,1,30,10,10.6,8.6,8.2,.86,4.8
2021,132,20,38.5,11.7,26.2,76.4,4.4,26.6,3.09,29.82,0,35.8,23.3,29.4,26.4,25.8,26.1,1.3,.5,171,60,4.3,10.3,8,6.8,.72,2.2
2021,133,20,38.9,14.5,28,70.2,4.9,22.6,3.36,29.61,0,36.1,24.6,30.2,26.7,26.1,26.4,2,1.6,169,32,8,11.6,8.9,7.9,.73,2.5
2021,134,20,38.5,13.7,26.7,77.5,6.5,27.8,3.05,29.3,0,35.7,24.4,29.9,26.9,26.3,26.6,2.1,1.6,173,37,9.1,11.2,8.8,8,.81,3.9
2021,135,20,35.6,14.7,26.9,72.1,9,21.8,3.1,29.37,0,33.9,24.3,29.1,27,26.4,26.7,4.3,3.8,176,26,11.7,11.1,10.9,10.2,.68,1.5
2021,136,20,31.5,14.8,24,65.7,12.9,31.3,2.21,27.63,0,33.4,24.2,28.7,26.9,26.3,26.6,3.4,2.3,176,45,11.1,10.2,8.6,7.9,.88,5.2
2021,137,20,33.1,12.2,23.7,82.7,9.2,39.3,2.11,29.26,0,35.3,23.5,29.1,26.8,26.2,26.5,1.6,1.1,164,40,4.9,9.3,7.3,6.4,1.02,7.2
2021,138,20,38.6,15.1,27.3,74.4,10.1,36.5,2.73,29.11,0,37.1,24.9,30.8,27.1,26.5,26.7,1.3,.7,183,53,4.8,11.7,7.4,6.8,1.19,9.5
2021,139,20,36.1,15.7,28.1,75.1,6.5,28.2,3.01,29.37,0,35.7,25.9,30.7,27.4,27,27.2,3.6,2.7,197,40,12.9,11.6,9.6,9.2,.96,6.4
2021,140,20,33.8,17.1,27.2,57.1,6.1,23.7,2.88,29.83,0,34.8,25.9,30.4,27.6,27.2,27.4,4.5,3.5,208,39,14.6,11.9,10.4,9.8,.84,4.4
2021,141,20,24.6,11.9,18.8,69.5,9.4,26.4,1.65,29.28,0,31.5,24.4,28.1,27.7,27,27.3,3.7,3,248,34,12.8,5.6,8.2,7.1,.55,-1.4
2021,142,20,26.7,8.7,18.4,80.5,9,34.1,1.57,30.78,0,33,21.7,27.1,27.2,26.3,26.7,1.4,.6,182,55,8.8,5.7,7,5.6,.65,.9
2021,143,20,30.8,9.2,19.9,71.4,6.7,36.5,1.7,30.33,0,33.3,21.7,27.5,26.8,26.1,26.4,1.4,.8,162,46,7.2,7.7,7.1,6,.79,3.5
2021,144,20,34.2,8.6,22.8,81.6,7.3,34.2,2.37,30.4,0,32.5,22.2,27.4,26.6,26,26.3,3.1,2.5,354,32,10.4,8.6,9.5,8.5,.75,2.8
2021,145,20,35.7,11.5,23.3,76.1,8.8,41,1.99,29.96,0,34.8,22.7,28.6,26.5,25.9,26.3,1.6,1.3,172,31,6.8,9.8,7.6,6.8,1.11,8.5
2021,146,20,33.4,17.9,25.2,68.7,10.3,39.1,2.09,26.51,0,34.5,25.5,29.7,26.9,26.4,26.6,2.3,1.9,157,32,7.1,12.2,7.3,7,1.22,9.9
2021,147,20,37.5,12.7,25,72.4,6,39.5,2.25,30.36,0,36.6,23.9,30,27.2,26.5,26.9,1.2,.8,163,41,4.3,10.6,7.6,6.7,1.19,9.6
2021,148,20,35.6,13.7,25.3,76.8,7.1,38.9,2.22,30.62,0,36.6,24.8,30.5,27.5,26.9,27.2,1.5,1.2,156,33,6.1,10.6,7.8,6.8,1.21,9.8
2021,149,20,36.5,13.5,25.2,75.2,10.6,40.8,2.17,25.64,0,35.9,25.1,30.1,27.8,27.2,27.5,1.1,.7,161,40,5.7,10.7,6.3,5.8,1.26,10.3
2021,150,20,39.5,14,26.5,80.9,7.1,40.7,2.43,30.08,0,37.5,25,31,27.9,27.3,27.6,.9,.6,176,40,4.8,11.4,7.4,6.4,1.34,11.3
2021,151,20,40.3,15,28.6,78.2,7.3,38.5,2.8,29.51,0,38.4,26.1,32,28.3,27.7,28,1,.5,172,49,3.9,11.9,7.5,6.6,1.44,12.4
2021,152,20,40.4,18.8,29.6,70.8,9,39.4,2.73,29.72,0,39,27.4,33,28.9,28.2,28.5,1.2,1,169,30,4.3,13.6,7.7,7,1.63,14.2
2021,153,20,36.7,17,28.4,73,17.7,43.4,2.36,27.9,0,38.1,28,32.9,29.2,28.7,28.9,1.9,1.6,167,31,6.4,12.3,7.5,7,1.68,14.8
2021,154,20,37,19.6,28.5,65.9,13.1,43,2.39,29.49,0,38.3,28,33,29.4,28.9,29.2,2.3,2,166,30,6.9,13.5,8.2,7.7,1.67,14.6
2021,155,20,39,18.5,28.4,72,11.8,43.5,2.4,27.56,0,38.5,28,33,29.6,29.1,29.4,1.7,1.5,171,26,5.6,13.3,7.4,7.2,1.66,14.6
2021,156,20,36.9,19.3,28.4,71.8,15.6,45,2.28,29.62,0,38.9,28.3,33.4,29.9,29.3,29.6,2.1,1.8,169,30,6,13.4,8,7.5,1.76,15.5
2021,157,20,33.6,19.7,26.7,64.2,17.3,41.8,2.14,30.16,0,37.6,28.3,32.8,30,29.5,29.8,2.6,2.4,163,22,7.3,13,8.3,7.6,1.46,12.6
2021,158,20,32.5,19.4,25.9,68.9,15.7,41.8,2.08,22.43,0,34.7,27.9,31.1,30,29.4,29.7,2.8,2.6,176,24,7.7,12.7,6.4,6.8,1.35,11.4
2021,159,20,31.5,13.4,24.4,72.7,14.7,41.1,1.94,30.99,0,36.1,26,31,29.7,29,29.3,2.6,2.2,163,29,8.9,9.5,8.3,7.1,1.23,10
2021,160,20,33.9,16.3,26.2,79.3,16.5,40.1,2.25,24.44,0,35.4,26.5,30.8,29.5,28.9,29.2,2,1.7,170,29,8.8,11.5,6.8,6.4,1.31,10.9
2021,161,20,37,14,26,67.5,2.5,30.5,2.62,31.83,0,37.2,26.1,31.5,29.3,28.8,29.1,1.4,.8,175,49,5.4,11.1,8.1,7.2,.93,5.9
2021,162,20,38.4,9.8,25.5,85.2,2.9,38,2.63,31.38,0,37.7,25.3,31.4,29.5,28.8,29.1,.7,.1,216,57,4.7,9.9,7.6,6.1,1.07,8
2021,163,20,43.3,13.1,27.5,79.7,3.7,37.8,3.05,31.55,0,38.8,26.1,32.3,29.6,28.9,29.3,.6,.4,169,32,3.2,11.5,7.7,6.4,1.17,9.2
2021,164,20,41.2,14.5,28.7,74.4,7,32.9,3.09,31.35,0,38.5,27,32.8,29.8,29.3,29.6,1.5,1.3,159,26,7.6,11.8,8.7,7.8,1.21,9.7
2021,165,20,46.3,15.7,31.4,73.1,4.4,32.1,3.84,30.2,0,39.9,27.7,33.6,30.2,29.5,29.8,1,.3,155,59,3.4,12.9,8.1,7.3,1.3,10.8
2021,166,20,49.9,17.9,33.3,80.3,4,34.4,4.52,26.95,0,40,29.4,34.5,30.6,30,30.3,1,.6,336,47,3.3,13.9,7.3,7.3,1.36,11.6
2021,167,20,47.1,20.5,35.3,68.3,7.1,24.2,5.16,28.22,0,39.9,30.2,35.1,31,30.5,30.7,2.6,2,162,36,7.9,14.7,10,10.2,1.14,8.8
2021,168,20,49.6,26.1,37.3,59.5,5.9,25.7,5.4,22.68,0,40.1,31.8,35.8,31.5,30.9,31.1,1.7,.3,198,70,7,16.6,7.5,8.2,1.45,12.4
2021,169,20,49,23.5,36.3,68.9,6.3,29.9,5.04,25.75,0,41.4,31.6,36.1,31.8,31.2,31.5,1.2,.1,194,68,5.5,15.9,7.7,7.5,1.54,13.4
2021,170,20,48.6,25.7,37.6,66.6,6.6,24.6,5.49,26.64,0,42,32.2,36.9,32.2,31.7,31.9,1.3,.7,173,51,4.4,16.5,8.3,7.8,1.41,12
2021,171,20,45.9,24.9,38.2,48.3,5.9,17.1,5.96,29.87,0,41.4,32.7,37.1,32.6,32.1,32.3,3.2,2,208,49,12.2,16.1,11.3,11.2,1.03,7.3
2021,172,20,44.9,22.2,35.5,57.4,5,20.5,5.02,30.27,0,41.3,31.9,36.5,32.8,32.3,32.6,2.9,1.6,215,54,11.1,15.1,10.4,10.6,1.06,7.8
2021,173,20,41,23.6,33.4,50.8,8.2,24.7,4,14.57,0,36.9,32.3,35,32.9,32.5,32.7,1.9,1,195,54,7.8,15.5,4.9,6.4,1.25,10.2
2021,174,20,34.8,23.5,29.5,68.9,20.1,39.8,2.58,10.13,0,33.7,30.8,32.4,32.6,31.9,32.2,2,.5,140,68,6.7,15,3.3,4.8,1.62,14.2
2021,175,20,38.3,21,28.9,76.7,23.1,50.1,2.24,24.37,1.52,38.5,28.7,32.8,31.9,31.2,31.5,1.8,.4,94,64,14.8,14.3,6.5,6.7,1.91,16.7
2021,176,20,42.2,18.7,30.6,91.5,9.2,44.2,3.08,29.74,0,39.9,28.6,34,31.6,31,31.3,1.1,.6,189,50,4.3,13.7,7.7,7.1,1.64,14.4
2021,177,20,45.5,18.7,32.2,68.9,5.5,28.3,4.22,29.99,0,40.1,29.4,34.8,31.9,31.3,31.6,1.7,1.3,355,39,8.9,14,9.2,8.6,1.12,8.6
2021,178,20,45.9,21.4,34.2,70.5,6.2,29.6,4.6,29.06,0,40.3,30.8,35.4,32.2,31.7,31.9,2.6,1.7,344,47,7.5,15,10,10.1,1.31,11
2021,179,20,44.9,21.2,33.9,70.6,8.3,30.1,4.21,25.04,0,40.1,31.2,35.5,32.4,31.9,32.2,2.1,1.4,342,44,8.4,14.9,8.2,8.5,1.43,12.3
2021,180,20,38.2,22.1,31.2,74.4,19.6,43.6,2.73,23.96,7.11,38.7,31.1,34.7,32.6,32,32.3,3,1.1,166,59,15.6,14.7,7.6,7.8,1.94,17
2021,181,20,39.5,23.6,31.5,77.1,20.3,47.1,2.67,24.37,2.03,37.7,29.6,33.2,32.5,31.7,32.1,2.8,2.5,360,22,11.8,15.4,7.2,7.9,2.07,18
2021,182,20,40.6,23.1,31.8,88.1,18.6,51.5,2.55,28.72,0,40.8,30.3,35.2,32.1,31.5,31.8,1.5,1.2,161,34,5.4,15.3,7.6,7.3,2.32,19.9
2021,183,20,41.2,23.4,32.5,71.1,14.2,44.7,2.9,27.94,0,41,31,35.8,32.4,31.9,32.2,1.8,1.5,167,32,6.2,15.5,7.8,7.7,2.17,18.8
2021,184,20,42.3,25.6,33.1,68.5,14.7,46.3,2.93,26.06,0,41.5,32.4,36.6,32.8,32.3,32.5,1.6,1.2,196,41,7,16.2,7.3,7.4,2.28,19.5
2021,185,20,41.8,25.5,31.8,75.6,13.8,53.3,2.36,22.01,0,40.3,32.8,36.1,33,32.6,32.8,1.9,1.7,158,23,4.3,16.1,5.9,6.9,2.46,20.8
2021,186,20,40.2,21.9,31.6,79.8,17.3,49.4,2.53,24.23,0,40,31.5,35.6,33.1,32.5,32.8,1.5,1.2,167,34,4.1,14.8,6.4,6.5,2.29,19.6
2021,187,20,46.8,21.3,33.9,72.7,8,37.1,3.69,29.77,0,42.2,31.5,36.6,33.2,32.6,32.9,1.4,1.1,163,37,4.6,15,8.2,8.1,1.92,16.8
2021,188,20,40.4,21.9,32.5,72.2,16.1,43.2,2.96,28.58,0,41.4,32.5,36.8,33.5,33,33.2,1.9,1.7,168,29,6.5,14.9,8.1,7.7,2.1,18.3
2021,189,20,40,25,33.4,67,25.5,47.3,2.87,28.41,0,41.7,32.7,37.1,33.7,33.2,33.4,2.2,2,167,26,6.2,15.9,8.2,7.9,2.41,20.5
2021,190,20,44.7,26.4,36.4,74.1,15.6,42.6,3.75,28.15,0,43,33.8,38.2,34.1,33.5,33.7,1.8,1.5,167,32,7.4,16.5,8.3,8.2,2.52,21.2
2021,191,20,48.6,30.2,37.4,60.4,10.2,37.7,4.4,27.46,0,44,35.1,39.1,34.6,34,34.2,1.9,1.6,166,29,7.4,17.2,8.3,8.9,2.3,19.7
2021,192,20,45.6,29,37.8,70.2,16.6,33.4,4.75,25.85,0,42.7,35.7,39,34.9,34.5,34.7,3.2,2.9,159,25,10.6,17.1,9.5,10.3,2.01,17.6
2021,193,20,43.1,27.3,36.7,59.1,21.2,32.8,4.36,25.16,0,41.7,35,38.2,35.1,34.6,34.9,4,3,160,39,11.8,16.7,9.9,10.5,1.95,17.1
2021,194,20,42.2,25.6,34.1,90,18.2,46.7,3.24,24.97,8.13,39.7,33.1,36.4,35.1,34.4,34.7,3.2,1.9,167,51,10,16.2,8.2,8.9,2.28,19.6
2021,195,20,43,28.2,36.2,75.9,19.8,37.2,4.05,25.63,0,41.2,33,36.9,34.6,34,34.3,3.7,3.2,159,29,10.6,16.9,9.5,10.1,2.09,18.2
2021,196,20,42.7,32.7,38.5,43.4,20.1,27.6,5.03,23.99,0,42.4,34.1,39.5,34.5,34,34.1,3,2.5,157,31,7.5,17.2,9,9.4,1.85,16.2
2021,197,20,43.4,27.4,35.8,60.4,14,34,4.18,27.37,0,42,34,37.9,34.6,34.2,34.4,3,2.8,161,21,11,16.7,9.4,9.8,1.87,16.5
2021,198,20,42.7,27.2,35,64,18.6,37.1,3.78,27.32,0,42.2,33.9,37.8,34.7,34.3,34.5,3.3,2.9,155,28,13.9,16.7,9.4,9.8,1.98,17.3
2021,199,20,41.7,27.2,35.1,72.8,18.9,41.4,3.58,25.26,0,41.4,34.3,37.8,34.9,34.4,34.6,2.5,1.7,160,41,8.3,16.7,8.2,8.2,2.2,19
2021,200,20,42.9,28.6,34.1,76,19.3,47.2,3.1,24.84,0,43,34.5,38,35,34.5,34.7,1.9,.4,190,68,9.6,17,7.3,7.6,2.39,20.3
2021,201,20,44.1,27.9,34.3,85.7,16.9,50.8,3.1,25.49,0,43.5,34.5,38.2,35.1,34.6,34.9,1.8,.8,173,53,10.3,16.9,7.5,7.7,2.51,21.1
2021,202,20,43,26,32.2,86.2,21.5,60.5,2.18,21.52,.51,42.5,34.4,37.5,35.3,34.8,35,1.6,.6,225,56,13,16.4,6,6.5,2.78,22.8
2021,203,20,40.7,27.5,33.5,91.7,25.3,58.5,2.45,25.77,0,41.7,33.5,37.2,35.2,34.6,34.9,2,1.7,176,26,9.1,16.7,7.4,7.3,2.88,23.4
2021,204,20,37.6,27.6,33.5,73.7,33.7,49.2,2.71,27.52,0,41.1,34.3,37.6,35.1,34.7,34.9,3.9,3.6,163,22,9.8,16.7,9,8.7,2.51,21.2
2021,205,20,34.8,26.8,31.1,79.8,41.2,56.8,2,19.89,0,39.2,34.2,36.4,35.1,34.6,34.9,3.2,3,159,22,8.2,16.3,5.9,6.4,2.54,21.3
2021,206,20,38.9,25.2,29.9,96.2,28.4,65.6,1.64,21.92,1.52,40.6,33.1,36.1,34.8,34.3,34.6,2.2,1.7,159,39,13.8,15.9,5.7,6.5,2.66,22.1
2021,207,20,37.3,24.5,30,96.2,32.9,66.9,1.57,23.26,.25,39.7,31.9,35.3,34.7,34,34.3,1.1,.7,183,44,6.9,15.6,5.5,5.6,2.75,22.6
2021,208,20,41.6,24.8,33,88.4,13.2,49.2,2.95,27.6,0,42.2,32.4,37,34.5,33.9,34.2,.8,.3,173,52,2.9,15.9,7,6.4,2.28,19.5
2021,209,20,43.2,26,32.8,75.5,15.1,47.3,2.87,25.17,0,42.3,33.8,37.6,34.8,34.3,34.6,1.8,1.2,220,44,10.6,16.3,7.1,7.5,2.25,19.4
2021,210,20,44.4,22.5,33.4,85,14.1,45.5,3.22,26.83,0,42.9,33.1,37.6,35,34.4,34.8,1.8,.9,149,51,10.8,15.3,7.8,7.9,2.19,18.9
2021,211,20,39.4,26.5,32.9,81.4,22.5,48.3,2.71,17.52,0,40.3,34.4,37,35.2,34.8,35,2.1,.9,339,59,9,16.4,5.3,6.1,2.35,20.1
2021,212,20,38.2,23.5,30.5,94.6,30.5,59.9,1.9,22.21,.51,40.2,32.9,36.2,35.1,34.5,34.8,2,1.5,195,39,12.8,15.2,5.8,6.2,2.55,21.4
2021,213,20,42.8,23.9,33.5,85.9,18.6,48.3,3.08,26.73,0,42.3,32.8,37.4,34.9,34.3,34.6,.9,.2,311,57,6.7,15.7,7,6.5,2.33,19.9
2021,214,20,45.5,25,34.7,80.2,11.4,46.2,3.44,27.58,0,43.3,33.9,38.4,35.3,34.7,35,.9,.4,188,52,3.3,16.1,7.4,6.8,2.38,20.2
2021,215,20,46,22.7,34.5,85.3,10.1,43.2,3.69,27.62,0,43.3,33.7,38.4,35.6,35,35.3,1,.3,301,61,4.6,15.4,7.6,7,2.17,18.8
2021,216,20,47.8,22.5,35.5,79.1,7.1,37.4,4.4,27.42,0,42.9,33.8,38.3,35.8,35.2,35.5,1.5,1.1,351,38,5.8,15.5,8.3,7.9,1.89,16.6
2021,217,20,40.4,21.4,32.5,81.7,17.9,44.3,2.89,27,0,41.7,33.5,37.6,35.9,35.3,35.5,2.4,1.8,159,39,8.2,14.6,8,7.8,2.14,18.6
2021,218,20,40.1,26.3,33,74.9,17.5,47.4,2.75,27.43,0,41.5,34,37.6,35.7,35.2,35.5,2.5,2.1,164,29,8.8,16.3,8,8,2.33,20
2021,219,20,40.6,23.3,32.7,81,9.4,44.7,2.96,27.56,0,42.1,33.3,37.5,35.7,35.1,35.4,1.5,1.2,168,37,6.1,15.4,7.6,7.1,2.14,18.6
2021,220,20,42.4,21.1,30.8,76.5,11.6,48.8,2.49,27.25,0,41.5,32.6,36.9,35.7,35,35.3,1.9,1.6,160,32,5.9,14.7,7.5,7.7,2.14,18.6
2021,221,20,38.3,24.6,31.3,79.6,26.6,54.9,2.16,26.19,0,41.3,33.3,37,35.5,35,35.2,2.4,2.2,162,23,6.9,15.7,7.3,7.2,2.48,21
2021,222,20,38,25.1,31,83.4,30.7,57.3,2.03,23.92,0,41.5,33.7,37.1,35.4,34.9,35.2,3,2.7,160,27,14.5,15.9,7.1,7.3,2.54,21.3
2021,223,20,35.5,23.2,28.8,90.7,34.3,64.4,1.55,20.36,0,39.4,32.8,35.8,35.4,34.8,35.1,1.9,1.7,175,26,6.2,14.9,5.1,5.4,2.48,21
2021,224,20,37.2,24,30.5,83.8,36.4,60.3,1.86,23.61,0,40.6,32.5,36.2,35,34.5,34.8,2.3,2,167,28,5.8,15.4,6.4,6.4,2.6,21.7
2021,225,20,38.6,25.3,31.5,77.6,30.9,57.5,2.08,22.42,0,40.8,33.1,36.6,35,34.5,34.8,1.5,1,158,40,6.1,16,6,5.9,2.63,21.9
2021,226,20,38.7,26.2,31.3,79.3,28.1,52.8,2.28,18.57,0,39.7,33.7,36.2,35,34.6,34.8,2.2,1.8,162,34,9.5,16.3,5.3,6.1,2.37,20.2
2021,227,20,42.2,25.3,33.9,78.4,22.6,45.5,3.25,26.14,0,41.5,33,37,35,34.5,34.7,2.2,2,162,22,6.5,16.2,8,7.8,2.25,19.3
2021,228,20,42.6,29.6,35.7,60.1,21.4,39.1,3.76,24.23,0,41.3,34.4,37.6,35.2,34.8,35,3.4,3.2,163,21,8.3,17.2,8.7,9.3,2.2,19
2021,229,20,40.6,28.7,34.9,57.1,26.9,39.6,3.51,23.57,0,40.2,34.3,37.1,35.3,34.9,35.1,5.2,5,165,16,11.6,17,9.5,10.5,2.18,18.8
2021,230,20,39.7,26.8,33.6,62,17.5,38.6,3.35,21.88,0,38.7,33.8,36.3,35.3,34.8,35.1,5.6,5.1,182,24,12.7,16.5,9.5,10.5,1.93,16.9
2021,231,20,36.6,23.9,30.7,58.8,16.4,36.2,2.94,25.57,0,38.9,32.2,35.5,35,34.5,34.7,3.2,2.8,175,25,8.8,15.3,8.4,8.1,1.56,13.6
2021,232,20,37.7,19.4,29.2,76.1,15.5,38.3,2.81,25.96,0,39,30.7,34.7,34.8,34,34.4,1.6,1.4,177,25,7.2,13.5,7.5,6.5,1.44,12.4
2021,233,20,37.9,23.2,30.7,72,14.8,37.9,3,26.28,0,38.4,31.4,34.8,34.4,33.9,34.1,2.8,2.5,174,20,12.6,15.1,8.7,8,1.56,13.6
2021,234,20,38.5,21,29.9,70.1,7.4,30.6,3.22,27.02,0,38.3,30.5,34.2,34.3,33.6,33.9,2,1.8,180,26,7.9,14.3,8.3,7.3,1.17,9.2
2021,235,20,38.9,15.6,28.3,75.2,9.9,33.8,2.97,25.58,0,38,29.2,33.5,34,33.2,33.6,1.7,1.4,163,26,8,12,7.5,6.6,1.17,9.2
2021,236,20,39.8,18.2,29.7,68.7,10.4,34.3,3.11,25.29,0,38,29.4,33.5,33.7,33,33.3,1.9,1.6,164,28,7.2,13.3,7.7,7,1.33,11.2
2021,237,20,43.2,19.8,31.5,78.3,11.2,39.7,3.23,24.84,0,39.5,30,34.5,33.5,32.9,33.2,.8,.6,171,30,4.9,14.2,6.6,5.6,1.71,15
2021,238,20,44.2,23.2,32.8,83,10.8,39.9,3.41,23.87,0,40.1,31.4,35.4,33.7,33.2,33.4,.7,.4,160,37,3.8,15.5,6.3,5.4,1.87,16.5
2021,239,20,44.6,20.4,32.1,85.7,7.3,38.8,3.44,25.09,0,40.3,31.1,35.5,33.9,33.4,33.7,.8,.4,195,40,6.1,14.6,6.7,5.7,1.68,14.7
2021,240,20,39.3,21,31.4,84.7,15.8,46.5,2.73,23.97,0,39.6,31.4,35.5,34.1,33.6,33.8,1.7,1.3,169,36,7.5,14.4,6.8,6.3,2.09,18.2
2021,241,20,45.4,25.2,33.6,74.1,13,42.1,3.3,20.58,0,40.6,32.4,35.9,34.1,33.6,33.9,1.3,.6,148,49,12.7,16.2,6,6.2,2.11,18.3
2021,242,20,41.1,24.8,32.3,82.4,19.5,48.6,2.68,21.33,0,40.7,32.9,36.3,34.3,33.9,34.1,2,1.2,214,45,10.4,15.9,6.4,6.5,2.29,19.7
2021,243,20,35.1,24.2,29.2,85.5,38.2,61.5,1.65,17.13,1.27,38.2,32.8,35.1,34.5,34.1,34.2,2.6,1.9,185,39,9.1,15.3,4.9,5.3,2.46,20.8
2021,244,20,33.8,23.1,27.3,97.5,41.9,73.7,1.07,15.51,.51,35.8,30.6,32.8,34.3,33.4,33.8,.8,.5,156,39,4.3,14.6,3.3,3.6,2.6,21.7
2021,245,20,35.8,22.7,28.5,92.9,25.3,65.3,1.52,23.05,0,38.5,30.1,33.9,33.5,33,33.3,1.3,1.1,165,26,6.2,14.8,5.6,5.3,2.46,20.8
2021,246,20,38.7,18.4,29.3,90.1,9.9,47.2,2.56,24.41,0,39,30.1,34.3,33.5,33,33.3,.9,.4,176,47,5,13.2,6.2,5.2,1.75,15.4
2021,247,20,42.1,15.5,28.3,79.8,6.1,41.1,2.88,24.88,0,38.6,28.8,33.5,33.6,32.8,33.2,.7,.1,173,58,4.6,12.4,6.2,5.1,1.4,12
2021,248,20,44.1,17.1,30.1,89.5,8.2,44.3,2.95,23.68,0,39,29.2,33.9,33.4,32.7,33.1,.6,.1,214,50,3.4,13.2,5.9,5,1.77,15.6
2021,249,20,41.3,19.7,30.7,84.6,16,51.2,2.42,23.4,0,39.5,30.4,34.8,33.4,32.9,33.2,1.2,.8,169,39,4,14,6.1,5.7,2.25,19.3
2021,250,20,43.1,24.4,32.6,80.6,18,52.2,2.59,22.84,0,40.2,31.7,35.7,33.7,33.2,33.4,1.1,.9,176,29,3.9,15.9,6,5.8,2.53,21.3
2021,251,20,39.6,21.5,31,81.4,31.3,55,2.18,22.25,0,39.7,31.5,35.5,33.9,33.4,33.7,1.1,.8,156,32,4.6,14.6,5.8,5.3,2.48,20.9
2021,252,20,42.7,23.9,32.3,83.2,18.4,50.4,2.72,21.92,0,40.4,32.2,35.9,34,33.6,33.8,1,.7,169,36,4.7,15.6,5.9,5.5,2.33,19.9
2021,253,20,39.7,23.2,30.9,83.1,24.4,50.4,2.4,18.29,0,38.2,31.9,35.1,34.2,33.7,33.9,1.4,.9,200,39,6.3,15.2,5,5.1,2.22,19.1
2021,254,20,39.1,23.3,31.3,83.2,23,51.7,2.39,21.59,0,39.4,31.5,35.2,34.1,33.5,33.8,1.1,.9,161,27,5.1,15.2,5.7,5.2,2.32,19.8
2021,255,20,41.3,22.2,31.2,85.3,15.7,50,2.6,22.7,0,39.7,31.5,35.3,34,33.5,33.8,.8,.5,175,40,5.5,15,5.9,5.2,2.15,18.7
2021,256,20,42.2,20.4,30.9,83.8,12.4,44.2,2.85,22.5,0,39.3,31,35,34.1,33.5,33.8,1.1,.7,184,36,8.1,14.4,6,5.5,1.86,16.3
2021,257,20,40.6,19.3,29.5,73.6,10.3,37.4,2.83,22.2,0,38.4,30.4,34.2,34,33.4,33.7,1.3,.8,191,42,8.6,13.8,6.2,5.6,1.5,13
2021,258,20,40.2,16.9,27.4,84.4,12,41.6,2.49,22.4,0,37.7,29.1,33.1,33.8,33,33.4,.9,.6,180,33,7.7,12.7,5.8,5,1.44,12.4
2021,259,20,36.1,15.1,26.3,83.8,9.7,40.5,2.36,23.11,0,36.6,28.2,32.2,33.4,32.6,33,1.1,.9,184,29,7.9,11.4,6.2,4.9,1.29,10.7
2021,260,20,37,15.9,25.6,79.5,12.2,51.9,1.79,10.63,0,32.7,27.9,30.5,33,32.2,32.5,.8,.1,298,57,7.7,11.9,2.5,3.2,1.67,14.7
2021,261,20,36.4,21.5,27.6,85.8,20.2,54,1.89,19.52,0,36.4,28.8,32,32.2,31.7,32,1.5,1,179,38,7.4,14.3,5.2,4.9,1.92,16.9
2021,262,20,35.7,14.7,26,73.7,14.8,37.9,2.36,22.42,0,35.1,27.3,31.2,32.2,31.6,31.9,2.1,1.7,195,34,9.4,11.1,6.7,6,1.21,9.7
2021,263,20,34.5,13.9,24.9,80.1,13.5,36.9,2.38,22.13,0,33.3,26.3,29.8,32,31.2,31.5,3.5,3,1,27,11.8,10.5,7.9,7.3,1,7
2021,264,20,36.4,18.7,28,58.7,9.8,21.5,3.11,22.07,0,34,27.1,30,31.4,30.7,31,4.2,3.9,6,23,11.9,13,8.8,9,.79,3.5
2021,265,20,39.6,14,26.4,78.7,7.1,35.5,2.87,22.09,0,34.8,25.6,30,31.1,30.4,30.8,1.1,.3,187,55,6.1,11.4,6,4.9,.98,6.6
2021,266,20,39.3,16.8,27.2,70.3,13.7,36.9,2.63,16.85,0,34.3,26.6,30.2,30.9,30.4,30.6,1.6,1,169,44,9,12.6,5,5.2,1.23,10
2021,267,20,37.1,19.3,28.6,80.2,20.8,44.4,2.49,19.14,0,35.3,27.5,31.1,30.8,30.4,30.6,1.6,.9,192,48,6.2,13.4,5.3,5.1,1.61,14.1
2021,268,20,33.8,21,27.1,81.3,25.2,52.7,1.86,13.4,0,33.2,28.3,30.5,30.9,30.6,30.7,1.7,1.3,168,35,6.7,13.7,3.8,4.1,1.8,15.9
2021,269,20,35,17.7,26.2,85.6,27.4,51.3,1.89,15.93,0,32.7,26.9,29.8,30.8,30.3,30.5,2.8,2.4,156,27,12.3,12.4,5.2,5.5,1.66,14.5
2021,270,20,33.2,18.7,26,84.5,31.6,54.5,1.72,18.98,0,33.6,26.8,30,30.5,30.1,30.3,2.4,2.2,160,23,8,12.6,5.4,5.1,1.75,15.4
2021,271,20,33.4,19.8,26.3,75.2,28.6,49.2,1.9,18.17,0,33,27,29.7,30.4,30,30.2,3.5,3.2,167,23,10.2,13.1,6.1,6.1,1.63,14.3
2021,272,20,31.5,15.2,23.4,69.7,11.4,34.6,2.1,16.4,0,30.8,25.5,28,30.3,29.7,29.9,3,2,2,43,9.6,10.4,5.8,5.9,.91,5.6
2021,273,20,32.6,13.1,23.7,61.5,10.2,22.3,2.48,20.94,0,30.4,24.4,27,29.8,29,29.3,5.1,4.7,0,21,13.3,9.7,8.9,8.8,.59,-.4
2021,274,20,33.9,12.5,22.8,61.2,7,28.2,2.33,20.69,0,31,22.7,26.5,29.2,28.4,28.8,2.1,.7,341,59,10,9.6,6.2,5.6,.68,1.4
2021,275,20,36,9.5,22.2,75.9,8.9,37.4,2.09,19.99,0,31.5,22.4,26.7,28.7,28,28.4,.8,.1,134,62,4,9.3,4.8,3.8,.88,5.1
2021,276,20,36.7,12,23.8,83.7,9.8,41.3,2.17,19.57,0,32.2,23.3,27.5,28.5,28,28.3,.4,.1,184,43,3.4,10.1,4.4,3.1,1.09,8.2
2021,277,20,36.3,13.5,24.4,88.6,13.3,44.2,2.04,15.49,0,31.3,24.2,27.5,28.5,28.1,28.3,.8,.2,294,53,3.7,10.6,3.7,3.4,1.24,10.1
2021,278,20,29.4,16.7,22.1,89.1,30.9,59.9,1.13,10.7,2.54,28.1,24.9,26.3,28.4,28,28.2,1.8,.5,208,59,9.6,10.3,2.7,3.3,1.57,13.7
2021,279,20,31.5,12.9,21.9,98.3,31.4,65.4,1.16,18.06,0,30.6,22.2,26.1,28.1,27.3,27.7,.6,.4,184,34,4,9.2,3.8,3.1,1.62,14.2
2021,280,20,31.1,15,23,91.9,35.4,60.9,1.28,13.16,0,29.1,23.4,26.3,27.7,27.3,27.5,1.7,1.4,165,27,7,10.1,3.2,3.4,1.64,14.4
2021,281,20,28,18.2,22.6,91.8,26.9,59.8,1.14,10.14,1.52,27.7,24.5,25.8,27.5,27.2,27.4,1.5,.1,281,71,5.6,10.3,2.3,2.8,1.63,14.3
2021,282,20,28.3,9.7,19.9,86.6,17.7,42.5,1.49,14.66,0,28.3,20.9,24.5,27.3,26.6,26.9,2.4,1.4,350,50,7.9,6.8,4.2,4.3,.92,5.8
2021,283,20,28.5,11.9,20.1,76.3,16.8,40.7,1.57,14.76,0,27.7,20.9,24,26.8,26.2,26.5,3,2.5,351,32,10.7,7.5,4.8,5,.89,5.3
2021,284,20,28.5,8.3,18,88.6,9.9,44.5,1.43,15.57,0,26.8,19.6,23.1,26.4,25.7,26,4,1.9,233,53,14.5,6.6,5.6,5.7,.8,3.8
2021,285,20,22.9,7.8,15.7,79.6,16.4,39.9,1.15,15.79,0,26.8,19.9,23,25.9,25.4,25.6,1.6,.5,310,63,7.8,3.8,3.6,3.2,.68,1.4
2021,286,20,25.6,4.1,14.4,92.7,16.6,52,1.02,16.39,0,26.4,17.9,21.9,25.6,24.8,25.2,1.1,.5,341,52,4.3,4.4,3.2,2.8,.76,3.1
2021,287,20,26.8,5.3,16.1,79.5,13.8,44.2,1.27,16.34,0,25.6,17.9,21.7,25.1,24.5,24.8,2.1,1.6,352,35,9.4,5.2,4.3,4,.72,2.3
2021,288,20,25.5,9.7,19.5,72.9,14.4,30.6,1.71,16.48,0,24.7,19,21.6,24.7,24.2,24.4,5.7,5.3,359,21,13.8,5.5,6.9,6.6,.63,.4
2021,289,20,28.9,11.4,20.4,62.9,11.8,28.4,1.88,16.34,0,26.1,19.4,22.4,24.4,24,24.2,3.6,3.2,6,25,10,7.5,5.9,5.9,.63,.3
2021,290,20,29.1,6.1,16.6,88.4,15.9,49.2,1.21,14.59,0,26.2,18,21.8,24.4,23.8,24.1,1.2,.8,175,40,8,6.4,3.2,3.1,.85,4.7
2021,291,20,25,8.5,18.2,72.8,18.7,38.8,1.37,15.2,0,25.4,18.8,21.8,24.1,23.7,23.9,3.4,2,210,51,9.6,4.9,4.7,4.5,.79,3.5
2021,292,20,26.7,4.5,14.7,83.8,13.2,47.3,1.13,15.62,0,25.3,17.1,21,24,23.3,23.7,.8,.3,348,48,4.9,5.1,3.1,2.5,.7,1.9
2021,293,20,29.1,5.4,15.9,81.4,17.6,51.1,1.14,15.02,0,25.4,16.9,20.9,23.7,23,23.4,.6,.3,328,44,3.8,6.3,2.9,2.4,.85,4.7
2021,294,20,32.4,6.2,17.8,89.6,13.2,51.9,1.36,15.1,0,26,17.5,21.5,23.4,22.9,23.2,.7,.3,348,43,5.4,7.7,3.1,2.6,.94,6
2021,295,20,30.2,5.9,17,89.7,19.3,52.2,1.14,14.82,0,26,17.8,21.6,23.4,23,23.2,.8,.5,166,37,4.3,6.8,3.1,2.7,.96,6.4
2021,296,20,26.5,10.1,18.2,81.1,22,50.8,1.16,12.99,0,25,18.7,21.6,23.4,23,23.2,1.9,1.4,153,35,7.3,6,3.3,3.2,1.03,7.4
2021,297,20,26.7,11,18.8,82.8,28.2,54.5,1.11,11.84,0,25,19.1,21.7,23.3,23,23.1,1.7,1.5,159,27,6.5,6.4,2.8,2.9,1.14,8.9
2021,298,20,27.9,11.4,20.2,77.4,30.5,50.3,1.34,13.94,0,24.8,18.8,21.8,23.3,22.9,23.1,4.5,3.3,182,39,13,7,5.1,5,1.15,9
2021,299,20,24.2,6.6,15.2,86.5,18.5,52.5,.98,16.65,0,24.6,17.6,21,23.2,22.8,23,1.8,.9,354,52,6.4,4.2,3.7,3.1,.84,4.4
2021,300,20,26.9,5,15.7,85.3,19,51.2,1.13,16.2,0,23.9,16.4,20,23,22.3,22.6,2.2,1.8,352,30,9.5,5.2,4.3,3.7,.83,4.3
2021,301,20,29.2,10,21.6,82.1,20.3,38.5,1.77,16.2,0,24.7,18,21.1,22.6,22.2,22.4,4.8,4.4,357,24,11.7,7.3,6.4,6,.93,5.9
2021,302,20,31.6,10,20.9,80.3,15.5,46,1.57,15.98,0,26.3,18.7,22.2,22.7,22.3,22.5,1.8,1.1,334,47,6.1,8.3,4.2,3.8,1.07,7.9
2021,303,20,32,8.2,18.9,84.2,16,49.2,1.44,15.63,0,26.1,17.9,21.8,22.9,22.4,22.6,.7,.3,189,45,3.1,8,3.3,2.4,.96,6.3
2021,304,20,30.6,9.7,19.8,82.8,16.7,47.3,1.5,15.32,0,26.1,18.6,22.1,22.9,22.5,22.7,1.4,1,162,36,7.3,7.8,4,3.2,.98,6.7
2021,305,20,29.6,9.2,18.9,88.1,19.6,47.4,1.38,13.03,0,25.1,18.3,21.5,22.9,22.5,22.7,1.3,.9,159,40,4.9,7.4,3.2,2.9,.95,6.2
2021,306,20,30.3,8.4,18.1,81.8,17.1,49.5,1.32,14.56,0,25.5,18,21.5,22.8,22.4,22.6,.7,.1,226,59,3.1,7.4,3,2.3,.94,6.1
2021,307,20,30.2,7.3,18.3,84,19.9,48.5,1.41,15.17,0,24.6,17.4,20.9,22.7,22.2,22.5,2.4,2,1,28,9.4,7.1,4.6,4.1,.92,5.7
2021,308,20,32.9,7.8,18,80.6,15.5,49.7,1.35,15.12,0,25.3,17.2,21,22.5,22,22.3,.7,.1,343,57,2.8,8.1,3.2,2.4,.93,5.8
2021,309,20,32.3,7,17.6,85.9,14.1,51.3,1.32,14.9,0,24.9,17,20.7,22.4,21.9,22.2,.5,.2,335,46,2.7,7.8,3,2.1,.92,5.8
2021,310,20,30.9,6.1,17.3,88.8,15.8,51.1,1.32,14.76,0,24.6,16.8,20.4,22.3,21.8,22,1.2,.7,164,42,7.3,7.1,3.5,2.9,.88,5.2
2021,311,20,29.9,7,17.2,87.6,17.3,49.9,1.26,13.6,0,24.2,16.7,20.2,22.1,21.6,21.9,1.1,.8,160,31,6.3,7,3.2,2.7,.89,5.3
2021,312,20,28.6,6.6,16.8,85.6,19.6,49.3,1.24,14.43,0,24,16.4,19.9,21.9,21.4,21.7,1.3,.8,158,45,5.5,6.3,3.3,2.8,.85,4.7
2021,313,20,28,8.1,17.2,78.2,23.6,50.2,1.17,11.44,0,23,17,19.7,21.8,21.3,21.5,1.7,1.1,162,43,6.5,6.3,3,3,.94,6.1
2021,314,20,29.7,7.2,17.7,89.3,15.3,49.1,1.35,14.18,0,23.1,16.3,19.6,21.6,21.1,21.4,2.2,1.7,351,32,12.1,6.9,4.2,3.8,.87,5
2021,315,20,29.1,9.9,20.7,68.4,13.6,32.9,1.84,14.31,0,23.1,17,19.8,21.4,21,21.2,4.7,4.3,355,24,11.3,7.2,6.2,6.2,.73,2.5
2021,316,20,30.1,12.9,22.6,57.1,15.3,28.4,2.09,14.21,0,24.1,19.1,21.1,21.5,21.2,21.3,5.8,5.4,3,20,13.5,8.7,7.2,7.3,.74,2.6
2021,317,20,30.3,8.2,18.4,84.1,15.1,44.4,1.5,14.13,0,23.4,16.7,19.9,21.6,21.1,21.4,2.6,1.2,15,57,10.6,7.3,4.6,4.4,.83,4.2
2021,318,20,31.3,6,17.7,83.8,12.6,45.9,1.48,14.04,0,23.2,16,19.5,21.4,20.9,21.2,1.7,1,5,44,9.5,7.2,4,3.4,.79,3.5
2021,319,20,29.1,5.5,15.4,87.2,18,53.9,1.07,13.95,0,22.9,15.4,18.9,21.2,20.7,21,.5,.1,156,52,2.3,6.3,2.6,1.7,.87,4.9
2021,320,20,26.4,7.2,14.3,91.1,17.5,56.9,.89,9.88,0,21.3,15.7,18.1,21,20.5,20.7,.7,.1,306,58,2.7,5.3,1.7,1.7,.86,4.8
2021,321,20,26.9,3.8,15.3,89.9,15.5,45.6,1.3,12.61,0,20.4,14,17.2,20.6,20,20.3,3.4,2.9,3,26,12,5,4.6,4.5,.65,.7
2021,322,20,25.1,7.4,15.3,75.6,11.9,33.2,1.31,12.96,0,20.7,14.6,17.4,20.1,19.7,20,2.2,1.9,344,25,7,4.8,3.8,3.4,.53,-2
2021,323,20,24.4,3.8,12.9,89.4,16.4,51.4,.91,11.47,0,20.4,13.7,16.7,20,19.4,19.7,.5,.1,288,52,2.2,4,2,1.4,.7,1.9
2021,324,20,26.7,3.6,15,90.4,13.1,44.8,1.26,12.74,0,20.3,13.3,16.7,19.6,19.1,19.4,2.1,1.8,359,24,7.9,4.9,3.4,3.4,.63,.4
2021,325,20,24.4,16.2,19.7,30.6,12.3,20,1.87,13.34,0,20.6,16.7,18.4,19.5,19.3,19.4,8.6,7.9,359,23,15.4,7.5,8.3,8.5,.45,-4.2
2021,326,20,24.4,11.9,18.5,53.6,11.1,21.6,1.73,12.3,0,20.6,16.1,18.2,19.6,19.4,19.5,5.4,5.1,7,19,11.8,5.5,6.1,6.3,.44,-4.5
2021,327,20,23.6,5.5,13.5,84.9,17.5,49.7,.88,8.29,0,19.6,15.6,17.3,19.6,19.3,19.5,.7,.1,267,60,3.2,3.8,1.4,1.5,.74,2.6
2021,328,20,19.4,1.9,12.7,85.6,15.3,40.3,1.06,12.96,0,17.7,12.5,15.2,19.4,18.8,19.1,6.7,5.7,355,30,16.8,1.8,5.9,4.7,.51,-2.6
2021,329,20,19.7,8.8,14.7,43.1,14,23.9,1.3,13.17,0,17.9,14.1,15.8,18.8,18.5,18.6,8.8,8.1,358,23,16.6,2.6,7.2,6.5,.39,-6
2021,330,20,22.8,-.1,11.9,73.9,9.3,34.4,1.13,12.94,0,18,11.5,14.7,18.6,18,18.3,2.9,1.9,357,45,9,3,4.1,3.7,.41,-5.4
2021,331,20,24.8,.3,10.8,77.5,8.8,40.8,1.01,12.61,0,18.1,10.7,14.2,18.2,17.5,17.8,1,.4,6,46,7,3.8,2.7,2,.45,-4.1
2021,332,20,26.5,1.7,12.5,79,12.1,42.9,1.11,12.37,0,18.6,11.1,14.6,17.8,17.3,17.5,1.2,.7,11,38,7.6,4.6,2.9,2.4,.54,-1.8
2021,333,20,26.8,2,13,81.7,14.4,46,1.09,12.44,0,18.7,11.5,14.9,17.6,17.2,17.4,1.3,.9,358,32,7.6,4.8,3.1,2.4,.6,-.2
2021,334,20,27.3,1.5,15.1,86.7,13.4,41.8,1.35,12.43,0,18.6,11.5,15,17.5,17.1,17.3,3.1,2.4,357,34,13,4.9,4.4,4.3,.6,-.3
2021,335,20,26.2,6.8,18,63.2,11.1,27.5,1.64,12.56,0,19.5,14.2,16.4,17.6,17.3,17.4,3.8,3.3,5,27,12.1,5.2,5.3,4.9,.52,-2.1
2021,336,20,26.5,4.6,13,83.6,17.1,49.6,.96,11.96,0,19.1,12.4,15.4,17.7,17.2,17.5,1,.6,333,41,5,5,2.5,1.9,.69,1.6
2021,337,20,24.2,1.3,11.6,91.4,18.4,54.8,.83,12.12,0,18.5,11.5,14.8,17.5,17.1,17.3,.7,.3,312,48,3.7,3.6,2.2,1.5,.69,1.6
2021,338,20,24.5,.9,11.3,89,17.5,54.2,.8,12.12,0,18,10.9,14.2,17.3,16.8,17.1,1,.5,329,48,4.6,3.8,2.3,1.8,.68,1.4
2021,339,20,25.7,1.1,12,84.8,13.1,49.1,.96,12.17,0,17.7,10.7,14,17,16.5,16.8,1.7,1.1,352,41,7.3,4.3,3,2.7,.61,.1
2021,340,20,23.3,2.2,11.8,79,18.2,49.7,.83,10.54,0,17.6,11,14.1,16.8,16.4,16.6,.9,.3,147,53,3.7,3.4,1.9,1.6,.66,1.1
2021,341,20,19.9,8,14.4,82.9,41,61.6,.69,4.22,0,16.2,13.3,14.6,16.6,16.5,16.6,2.2,1.8,358,31,6.7,2.5,1.1,1.9,1,6.9
2021,342,20,22.6,8.7,14.9,88.1,35.9,61.8,.71,10.9,0,19.6,13.9,16.1,16.9,16.6,16.7,1.3,.2,256,67,4.7,3.9,2.1,1.7,1.04,7.5
2021,343,20,17.2,3.8,11.4,93,51,75.6,.36,3.29,0,15.1,12,13.9,17,16.6,16.8,1.4,.9,188,40,6.4,1.1,.3,1,1.03,7.4
2021,344,20,15.7,2.3,8.7,98.4,21.5,57.6,.56,9.4,0,14.4,10.3,12.3,16.6,16.1,16.3,3.2,2.7,351,30,12.2,.6,2.4,2.3,.61,-.1
2021,345,20,14.6,.7,7.2,68.4,17.5,41,.67,12.06,0,14,8.2,10.8,16.1,15.3,15.7,3.6,3.2,4,26,9.6,.3,3.3,2.8,.39,-6.2
2021,346,20,17.5,-4.8,4.8,88.6,18.5,52,.55,12,0,14,6.5,9.9,15.4,14.6,15,.8,.1,344,60,3.9,.9,1.8,1.2,.41,-5.5
2021,347,20,15.7,-3.7,5.9,91.9,28.3,62.6,.45,8.51,0,13,6.8,9.8,14.8,14.1,14.4,.7,.2,23,55,2.4,.5,.8,1,.56,-1.1
2021,348,20,20.2,6.5,12.9,90.9,41.7,61.2,.64,7.2,3.05,14.9,10.3,12.3,14.4,14.2,14.3,4.8,4.2,185,28,18.1,2.5,2.3,3.1,.9,5.4
2021,349,20,14.7,-.3,7.2,95.1,26.9,63.5,.44,11.49,0,13.8,8.1,10.8,14.6,14.2,14.4,1.4,.6,254,56,10.9,.3,1.7,1.3,.62,.1
2021,350,20,13.5,-4.6,5.2,100.1,40,74.5,.31,10.32,0,12.1,5.8,9.1,14.3,13.6,13.9,1.2,.8,355,36,6.9,.1,1.2,1,.64,.6
2021,351,20,15.5,3.7,10,72.3,23.4,45.4,.71,12.09,0,13.3,8.1,10.5,13.6,13.4,13.5,4.6,4.3,359,21,11.8,.6,3.5,3,.54,-1.7
2021,352,20,15.7,2.7,10.7,61.4,21.4,35.9,.86,12.11,0,13.4,8.6,10.6,13.6,13.3,13.4,6.4,6.2,8,17,13,.6,4.7,3.9,.45,-4.3
2021,353,20,17.2,-3.4,5.8,88.3,21.9,56.9,.51,11.9,0,13.5,6.1,9.6,13.5,13,13.3,1.1,.6,339,43,4.6,.9,2,1.4,.49,-2.9
2021,354,20,17.6,-4.5,6.5,92.6,23.7,59.7,.52,11.33,0,12.9,5.6,9.2,13.2,12.7,12.9,1.6,1.1,331,42,5.8,1,2,1.7,.54,-1.6
2021,355,20,14.9,1.4,8.5,85.3,34.4,59.9,.49,3.8,0,11.5,8.8,9.9,12.9,12.8,12.8,1.7,1,333,48,5.9,.4,.7,1.4,.65,.8
2021,356,20,18.1,-2.4,7.5,92.9,26.6,65.3,.47,10.85,0,13.4,6.1,9.6,12.9,12.4,12.6,.7,.1,176,58,2.2,1.2,1.5,1.1,.65,.7
2021,357,20,19.5,6.9,13.3,90.7,29.3,63.9,.63,6.33,.25,14.8,10.3,12.4,13.1,12.6,12.8,1.3,.9,181,40,7.2,2.2,1.1,1.4,.95,6.3
2021,358,20,20.6,7.5,14.9,98.9,45.2,80.4,.37,8.53,3.81,16.3,12.7,14.1,13.9,13.1,13.5,2.9,2.5,179,29,7.6,2.8,1.5,1.5,1.34,11.3
2021,359,20,16.2,2.8,10.6,100,50.3,75.7,.37,10.41,0,14.3,9.1,11.8,14,13.7,13.8,2.6,2.3,174,28,8.8,.7,1.8,1.4,.95,6.1
2021,360,20,17.8,3.5,11.4,85.7,24.8,60.2,.6,11.45,0,15.7,10.6,12.4,13.8,13.6,13.7,2.5,2,187,34,9.7,1.3,2.4,2,.79,3.5
2021,361,20,14,-.1,6.7,96.1,36.3,71.5,.35,8.22,0,12.1,7.2,9.6,13.9,13.2,13.6,2.4,2.2,162,25,8.2,.2,1.3,1.5,.68,1.4
2021,362,20,12.9,5.6,9.3,91.7,50.8,70.8,.36,4.67,0,12,9.1,10.4,13.2,13,13.1,2,1.1,158,51,7.8,0,.7,1.2,.82,4.1
2021,363,20,14.5,-.6,7.4,99.9,39.7,71.1,.36,11.13,0,13,6.6,10,13.1,12.6,12.9,1.6,1.2,168,40,7.1,.3,1.6,1.3,.71,2.1
2021,364,20,16,7.6,11.2,84.3,50.4,69.8,.42,6.23,0,13.6,9.8,11.4,12.9,12.7,12.8,1.6,1.2,188,40,5.3,.9,.8,1.4,.92,5.8
2021,365,20,16.4,6.1,10.9,99.8,55.5,85.3,.22,5.64,.25,13.8,10,11.7,13.1,12.9,13,1.7,.6,176,60,7.5,.9,.4,1,1.11,8.5
