2022,1,32,4.9,-6,.7,96,27.5,66.5,.22,11.84,6.1,6.3,3,5,6.9,6.7,6.8,2.8,2,290,41,11.8,0,1.5,1,.44,-4.5
2022,2,32,9.6,-8.6,-1.4,88,15.9,59.9,.31,12.34,0,4,2.1,2.8,6.7,5.8,6.2,.7,.4,157,39,3.8,0,1.6,1,.29,-9.6
2022,3,32,12.2,-6.8,.7,90.4,21.7,63.7,.35,12.56,0,4.9,1.9,2.9,5.8,5.4,5.6,.6,.4,167,26,3.6,0,1.9,1,.37,-6.9
2022,4,32,12.9,-5.4,2.1,90.8,22.4,64.7,.37,12.24,0,5.9,2.1,3.4,5.5,5.3,5.4,.5,.2,257,37,3.7,0,1.9,1,.41,-5.3
2022,5,32,14.7,-4.3,4,88.7,24.1,62.1,.44,12.22,0,6,2.3,3.9,5.6,5.3,5.4,1.1,.8,276,27,6.8,.3,2.2,1.4,.46,-3.8
2022,6,32,17.2,-2.9,5,93.3,26.7,69.6,.42,12.11,0,7.4,2.6,4.6,5.8,5.5,5.6,.5,.3,231,27,4.3,.9,2.1,1.1,.56,-1.2
2022,7,32,15.1,-2.3,5.2,93.4,31.6,69.1,.4,12.09,0,7.5,3.1,5,6,5.7,5.8,.7,.5,197,26,5.1,.3,2.1,1.2,.57,-1
2022,8,32,14.5,-1.3,4.9,93.2,31.2,69.2,.35,11.09,0,7.8,3.8,5.4,6.3,6,6.1,1,.7,190,30,5.8,.2,2,1.3,.56,-1.1
2022,9,32,14.9,-2.8,5.4,93.2,13.9,52,.58,12.54,0,7.1,3.2,4.8,6.3,6,6.2,1.2,1,79,26,6.8,.3,2.4,1.6,.39,-6
2022,10,32,15,-2.4,7,79.6,11.6,36.3,.73,12.53,0,7.3,3.1,4.9,6.2,6,6.1,1.5,1,93,44,5.3,.3,2.5,1.8,.33,-8.2
2022,11,32,16.4,-3.3,4.2,79.6,15.9,51.8,.54,12.51,0,8,3,4.9,6.3,6,6.2,.7,.2,231,48,4.4,.7,2.3,1.3,.38,-6.3
2022,12,32,17.2,-5.9,4.4,78.2,10.6,46.9,.62,12.87,0,7.5,2.3,4.4,6.3,5.8,6.1,.6,.2,214,45,3.9,.8,2.3,1.3,.34,-7.8
2022,13,32,17.5,-2.8,6,78.6,18.5,51.8,.59,11.34,0,8.1,2.8,5.2,6.2,5.9,6,.5,.3,228,28,4.3,1,2,1.2,.45,-4.2
2022,14,32,17.6,.1,8.5,85.3,14.2,44.6,.74,11.8,0,9,4.5,6.3,6.7,6.2,6.4,1.3,.5,20,49,6.7,1.1,2.5,1.9,.43,-4.6
2022,15,32,14.3,-2.5,6.1,76.3,14.7,40.7,.62,10.58,0,8,3.8,5.7,6.8,6.5,6.7,1.4,.8,86,45,5.2,.2,1.9,1.7,.36,-7
2022,16,32,16.8,-3.6,4.4,73.6,12.4,45.6,.59,13.09,0,8.2,2.8,5.1,6.8,6.3,6.5,.6,.2,183,48,4,.8,2.3,1.3,.34,-7.9
2022,17,32,14.3,-1.7,4.2,78.3,18,54.5,.49,9.95,0,7.9,3.5,5.3,6.6,6.3,6.4,.6,.4,187,27,4.7,.2,1.6,1.2,.41,-5.5
2022,18,32,10.7,-1.1,5,91.3,38.9,69.7,.29,6.32,0,7.7,4.4,5.8,6.6,6.4,6.5,.6,.4,230,28,3.9,0,.7,.9,.6,-.3
2022,19,32,12,-.6,5.1,96.7,39,75.9,.27,10.01,0,8.3,4.5,6.2,6.8,6.5,6.6,.8,.6,259,26,6.1,0,1.5,1.1,.64,.7
2022,20,32,13.8,-3,4.7,94.3,16.8,51.7,.53,13.46,0,8.7,3.5,5.6,6.8,6.5,6.7,1.1,.8,55,36,7,.1,2.5,1.6,.39,-6.2
2022,21,32,12.4,-6.1,3.1,76.4,28.1,49.6,.46,13.55,0,8,2.5,5,6.7,6.2,6.5,1.1,.3,129,55,5.7,0,2.2,1.5,.36,-6.9
2022,22,32,11.1,3,5.7,95.6,36.6,60.7,.38,8.87,5.33,8.1,4.6,6.1,6.7,6.5,6.5,2,1.4,88,44,7.8,0,1.5,1.7,.54,-1.6
2022,23,32,13.8,-.9,5.8,97.5,27.8,65.6,.39,13.36,1.27,9.1,4.2,6.3,6.8,6.6,6.7,1,.2,326,56,5.5,.1,2.2,1.5,.57,-.9
2022,24,32,13.8,-4,3.9,89.9,20.7,62.6,.44,13.97,0,8.1,3.1,5.2,6.9,6.4,6.6,.9,.7,271,21,6.6,.1,2.5,1.5,.45,-4.1
2022,25,32,11.5,-3.9,3.6,92.5,32.8,63.9,.37,13.96,0,8,3,5.1,6.6,6.2,6.4,1.1,.4,192,49,5.6,0,2.3,1.4,.47,-3.5
2022,26,32,12.6,-2.8,4.1,76.1,13.5,41.8,.54,14.42,0,8.1,3,5.1,6.5,6.2,6.3,1.1,.3,83,55,5.7,0,2.4,1.6,.31,-8.9
2022,27,32,13.2,-6.3,3.9,85.1,12.5,41.6,.61,14.41,0,7.8,2.4,4.7,6.4,6,6.2,1.6,.4,29,54,11.8,0,2.9,2,.27,-10.5
2022,28,32,14.1,-3.3,4.7,64.2,9.3,27.3,.71,14.76,0,7.3,2.5,4.5,6.2,5.9,6.1,1.9,1.7,80,25,9,.2,3.2,2.4,.2,-14.2
2022,29,32,13.7,-6,4,78.2,13.5,44.6,.56,14.02,0,7.6,2.2,4.7,6.1,5.7,5.9,1,.6,143,35,7.5,.1,2.6,1.6,.32,-8.6
2022,30,32,14.3,-1.2,7.2,81.6,24.6,49.4,.58,11.93,0,9.6,5,6.7,6.6,6,6.2,1,.5,285,42,7.6,.2,2.1,1.6,.47,-3.5
2022,31,32,14.4,-4,4.9,88.8,19.4,57.9,.5,13.83,0,8.9,3.3,6,6.7,6.3,6.5,.9,.7,263,20,7.3,.2,2.6,1.6,.45,-4.1
2022,32,32,11.1,-1.8,4.4,82.7,18.6,53.7,.45,8.47,0,8.1,4.4,6.1,6.7,6.5,6.6,.7,.4,183,38,5.8,0,1.3,1.2,.42,-5.1
2022,33,32,8.5,-2.3,1.8,73.8,17.3,39.9,.43,10.52,0,7.3,3.7,5.6,6.8,6.6,6.7,1.8,.9,31,50,9,0,1.7,1.8,.28,-10.4
2022,34,32,5.5,-6.3,-.6,43.2,7.3,20.2,.49,15.53,0,6.7,1.9,3.7,6.6,5.9,6.2,1.6,1.2,54,40,6.4,0,2.5,1.8,.11,-21.3
2022,35,32,11.4,-8.5,.3,60.1,9.5,31.3,.52,15.89,0,6.6,1.5,3.4,5.9,5.3,5.6,.9,.5,123,45,5.2,0,2.6,1.7,.17,-16.2
2022,36,32,12.1,-8.5,.8,66.8,11.8,38.1,.51,16.24,0,6.8,1.4,3.5,5.5,5.1,5.3,.9,.5,185,42,6.3,0,2.7,1.7,.22,-13.4
2022,37,32,13,-6.9,4.2,71.7,10.9,29.7,.72,16.41,0,7.5,1.6,4,5.4,5,5.2,1.7,1.3,47,35,8.2,0,3.4,2.3,.2,-14.7
2022,38,32,15.3,-5.5,4.7,65.4,10.1,31.5,.72,16.48,0,8.5,2.1,4.9,5.7,5.3,5.4,1.1,.8,77,33,7.3,.4,3.1,2,.23,-12.9
2022,39,32,19.1,-5.7,6.5,73.1,7.1,32.7,.88,16.75,0,9.2,2.2,5.4,5.9,5.5,5.7,1,.4,34,47,6.3,1.4,3.5,2.3,.25,-11.9
2022,40,32,18.4,-2.1,9.8,54.7,7.1,21.3,1.09,16.94,0,10.1,3.2,6.4,6.4,5.9,6,1.3,.1,187,71,6.2,1.3,3.7,2.6,.22,-13.1
2022,41,32,19.6,2.3,11.3,55.4,12.5,26.9,1.06,17.12,0,11.5,5.5,8,7.1,6.4,6.6,1.7,.3,61,68,6,1.9,3.9,2.9,.34,-7.8
2022,42,32,19.8,-.6,11,69.3,8.6,30.1,1.12,17.43,0,11.8,5.2,8.3,7.5,7.1,7.2,1.5,.3,291,61,8.1,1.8,4,2.8,.32,-8.4
2022,43,32,20,0,11,55.1,4.9,18,1.18,17.92,0,12.6,6.7,9.1,8.1,7.5,7.7,1.7,1,78,45,9.4,1.9,4.1,3.1,.21,-14
2022,44,32,18.3,-4.8,5.9,58.4,9.3,34.5,.81,18.28,0,11.8,4.8,8,8.2,7.7,7.9,.7,.6,190,20,4.5,1.2,3.6,2,.27,-10.9
2022,45,32,18.1,-4.3,5.9,64.9,10.9,39.1,.77,18.25,0,11.6,4.6,7.8,8.1,7.6,7.9,.8,.7,200,21,4.9,1.1,3.6,2.1,.31,-9.2
2022,46,32,15.9,-4.2,7.1,69.9,10.4,32.8,.85,18.12,0,11.2,4.6,7.8,8,7.6,7.8,2.3,1.9,186,29,10.3,.6,4.3,3,.27,-10.9
2022,47,32,8.5,1.2,3.6,95.8,33.6,77.6,.2,4.83,6.1,8.3,6,7.1,8.1,7.8,7.9,1.5,.9,187,46,5.6,0,.4,1.1,.6,-.2
2022,48,32,10.5,-2.7,3,96.5,13.2,54.7,.42,18.92,0,9,3.8,6.1,7.8,7.1,7.4,1.2,.8,42,37,6.2,0,3.1,2,.37,-6.7
2022,49,32,15.6,-6.9,4.3,83.5,12.7,43.3,.64,18.77,0,9.3,2.7,5.7,7.3,6.7,7,.8,.4,222,41,4.8,.5,3.4,2.1,.3,-9.4
2022,50,32,16.9,-3.5,5.8,80.4,15.5,48.2,.67,19.07,0,10.3,3.3,6.6,7.2,6.7,6.9,.9,.6,163,34,6.1,.8,3.7,2.3,.38,-6.5
2022,51,32,16.9,-3.4,5.9,80.5,9,46,.69,18.74,0,10.6,3.8,7,7.4,6.9,7.1,1,.8,204,23,7.7,.8,3.8,2.3,.35,-7.3
2022,52,32,11.1,-1.4,5.7,71.9,27.5,49.5,.51,14.71,0,9.3,4.8,7.1,7.5,7.2,7.4,2.8,2.5,211,22,10.9,0,3,2.4,.44,-4.4
2022,53,32,7,3.5,4.9,92.1,54.5,71.1,.25,4.25,1.27,7.6,6.1,6.7,7.5,7.4,7.5,2.8,2.5,178,27,7.7,0,.5,1.3,.61,0
2022,54,32,4.1,-6.5,-.1,99.2,79.7,93.9,.04,3.85,4.06,6.1,3.2,4.4,7.4,6.5,7.1,2.4,1.6,217,45,10,0,.1,.4,.57,-.9
2022,55,32,5,-13,-2.9,96,49.6,83,.11,17.04,10.41,3.2,2.4,2.8,6.5,5.6,6,.4,.2,222,35,3.7,0,2,1.2,.42,-5
2022,56,32,11.7,-7,1.4,93.8,26.6,67.5,.32,19.33,0,5.6,2.1,3.1,5.6,5,5.2,.6,.3,173,36,5.2,0,3,1.8,.42,-5
2022,57,32,12,-3.7,4,92.5,18.9,47.2,.52,20.35,0,8.2,2.1,4.5,5.5,5,5.2,1.1,.8,40,36,5.5,0,3.5,2.3,.34,-7.8
2022,58,32,17.5,-6.1,4.9,81.5,11.4,46.7,.62,18.15,0,8.6,2.4,5.1,5.7,5.3,5.5,.8,.2,208,52,4.9,.9,3.3,2.3,.36,-7.2
2022,59,32,20.4,.7,9.8,73.1,8.2,31.4,1.01,19.17,0,10.4,3.7,6.7,6.4,5.7,5.9,1.1,.8,72,35,5.2,2.1,4.1,2.9,.31,-9
2022,60,32,21.7,.5,10.9,67.1,8.6,30.1,1.13,20.73,0,11.8,4.1,7.7,7.1,6.4,6.6,1,.7,76,36,5.2,2.6,4.5,3,.32,-8.5
2022,61,32,23.1,-1.2,10.3,78.9,11.2,44.1,1,20.92,0,12.9,4.7,8.7,7.7,7.1,7.3,.7,.6,234,21,5.4,2.9,4.5,2.8,.45,-4.2
2022,62,32,20.9,1.6,11.3,76.5,13,41.7,1.01,20,0,13.2,6.3,9.6,8.4,7.7,8,1.2,.9,188,27,7.8,2.3,4.5,3.1,.47,-3.7
2022,63,32,13.3,2.1,8,95.1,20.9,50.7,.59,14.22,5.08,11.3,7.7,9.4,8.7,8.4,8.6,2.6,1.9,197,38,10.9,.1,3.1,2.7,.5,-2.7
2022,64,32,9.9,3.1,5.6,95.8,27.3,71.5,.28,10.28,2.79,9.2,6.1,7.8,8.7,8.3,8.5,3,2.5,214,33,10.4,0,1.7,1.9,.64,.6
2022,65,32,8.3,-2.9,2.3,87.8,32.7,58.6,.33,19.77,0,9.8,4.1,6.7,8.3,7.5,7.8,1.7,1.5,258,27,8.2,0,3,2.2,.4,-5.6
2022,66,32,9.5,-4.6,1.9,90.7,22.5,61.8,.33,16.73,0,9.1,3.7,6.2,7.7,7.1,7.4,1.4,.5,299,50,7.4,0,2.7,2,.41,-5.5
2022,67,32,11,-3.4,3.5,69.4,13.4,35.7,.56,22.13,0,10,3.3,6.4,7.4,6.8,7.1,1.2,.1,162,70,6.1,0,3.7,2.6,.26,-11.2
2022,68,32,12.4,-4.9,3.7,80.6,19.8,47.9,.52,21.95,0,10.4,3.6,6.9,7.3,6.9,7.1,1.3,1,246,29,7.3,0,4,2.6,.34,-7.9
2022,69,32,11,-2.9,4.1,76.8,24,51.4,.46,14.9,0,9.1,4.2,6.8,7.4,7.1,7.3,2.1,.9,252,54,9.2,0,2.6,2.3,.4,-5.8
2022,70,32,11.7,-1.6,4.5,58.2,9.9,27.3,.66,22.85,0,10.7,3.9,7.2,7.4,7,7.2,2.3,1.7,42,40,10.6,0,4.2,3.3,.21,-13.8
2022,71,32,17.1,-5.4,5.8,73.4,11.7,38.3,.75,22.92,0,12.1,3.9,7.9,7.7,7.1,7.4,1,.6,184,36,6.1,.8,4.5,2.9,.29,-9.6
2022,72,32,16,-3.2,6.4,74.4,13,40.5,.73,20.96,0,12,4.9,8.5,8,7.5,7.7,1.6,1.2,221,28,8.3,.6,4.3,3.1,.33,-8.2
2022,73,32,18.6,-2.4,8.1,69.5,14.6,39.6,.83,22.63,0,13.7,5.4,9.3,8.4,7.8,8,1.1,.1,44,58,5.8,1.4,4.6,3.1,.37,-6.6
2022,74,32,21.5,-1.1,10,74.7,11.6,39.2,.99,23.12,0,15,6.5,10.6,9,8.4,8.6,.9,.6,196,32,6,2.4,4.9,3.2,.4,-5.8
2022,75,32,18.5,1.8,10.1,82.2,12.8,46.8,.8,21.04,.25,14.6,8.1,11.2,9.6,9,9.2,1.8,.8,228,50,9.1,1.5,4.7,3.5,.51,-2.4
2022,76,32,17.9,1.4,10,83.2,5.5,30.4,.97,23.87,0,14.8,7.5,11,9.8,9.3,9.6,1.8,1.4,30,34,8.6,1.3,5.1,3.8,.32,-8.7
2022,77,32,18.5,-1.9,8.6,64.6,9.4,34.1,.92,23.74,0,15.4,7.4,11.4,10,9.5,9.8,1.2,1,262,28,8.4,1.3,5.1,3.4,.32,-8.6
2022,78,32,18.7,-1.6,9.1,65.4,10,34,.96,19.83,0,14.8,7.6,11.2,10.2,9.7,10,1.2,.9,172,31,7.4,1.4,4.3,3.2,.32,-8.4
2022,79,32,13.8,2.6,7,96,19.1,55,.52,14.12,.51,13.4,8.7,10.6,10.3,10,10.1,1.8,1.1,209,39,9.9,.1,2.7,2.6,.52,-2.2
2022,80,32,16.5,.9,8.2,94.5,13.4,45.5,.7,22.37,0,14.2,7.5,10.6,10.1,9.6,9.9,2,1,308,52,9.3,.8,4.5,3.5,.44,-4.5
2022,81,32,17.9,.3,11,62.7,10.3,20.9,1.1,24.35,0,15.8,8.1,11.6,10.3,9.7,10,2.5,2,32,35,8.2,1.2,5.6,4.3,.26,-11.4
2022,82,32,19.5,1.9,10.4,47.7,4.9,19,1.12,25.05,0,16.8,8.5,12.3,10.7,10.1,10.3,1.8,.9,35,50,8.1,1.8,5.5,4.3,.21,-13.7
2022,83,32,22.9,-1.4,10.9,55.9,8.5,29,1.19,25.05,0,17.9,8.3,12.9,11,10.4,10.7,1.1,.8,259,31,6.9,2.8,5.6,3.9,.31,-8.9
2022,84,32,26.8,1.4,14.3,63.1,7.7,31.9,1.48,24.7,0,19.6,9.7,14.4,11.7,11,11.2,.9,.4,238,44,8.4,4.7,5.7,4,.41,-5.4
2022,85,32,25.4,4,14.6,61.5,7.4,33.2,1.4,20.36,0,19.1,11.1,14.9,12.3,11.7,11.9,.9,.7,198,24,6.4,4.4,4.8,3.6,.45,-4.1
2022,86,32,23.7,2,13.1,64.6,7.1,32.1,1.31,24.09,0,19.6,11,15,12.7,12.2,12.4,1.2,.9,200,30,7.9,3.4,5.7,4.1,.38,-6.4
2022,87,32,19.1,4.3,11.1,94.4,11.7,43.6,.87,11.32,2.54,15.8,11.8,13.6,12.8,12.4,12.6,2.1,1.5,200,33,11.8,1.9,2.7,3.2,.52,-2.2
2022,88,32,8.8,3.5,6.3,95.4,53.3,83.9,.16,11.07,13.21,12.6,9.8,11.1,12.6,11.7,12.1,2,1.3,238,45,10.5,0,1.4,1.5,.8,3.7
2022,89,32,15.6,4.7,9.5,94.5,40.2,68.4,.43,22.07,0,15,8.5,11.4,11.7,11,11.3,2.5,2.2,277,23,9,.6,4.2,3.3,.78,3.5
2022,90,32,17.6,3.7,10.3,93,25,61,.61,19.23,0,15.5,8.8,11.9,11.5,11,11.2,.9,.6,212,33,7.2,1.3,3.6,2.9,.7,1.9
2022,91,32,22.4,1.5,12.1,90.7,18.7,52.4,.91,25.7,0,18.6,8.4,13.3,11.9,11.1,11.4,1,.6,229,34,6.3,2.9,5.4,3.8,.64,.6
2022,92,32,21.4,3,12.7,87.7,19.9,50.1,.95,25.82,0,20.2,10,14.8,12.7,11.9,12.1,1.1,.8,199,28,6.4,2.7,5.6,3.9,.64,.6
2022,93,32,20.1,3.7,11.8,81.3,19.1,49.7,.86,22.66,0,19.4,10.9,14.8,13,12.4,12.7,1.1,.8,204,31,8,2.2,4.7,3.6,.62,.2
2022,94,32,21.9,4.2,13.4,79.7,19,46.5,1.01,25.86,0,20.7,11.2,15.7,13.4,12.7,13,1.6,1.3,265,28,8.4,3,5.9,4.3,.64,.6
2022,95,32,23.7,4.6,14.5,81.4,16.6,45.9,1.13,24.97,0,21.1,12,16.2,13.8,13.2,13.4,1.9,1.5,266,30,9.4,3.7,6.1,4.6,.66,1.1
2022,96,32,23.4,4.2,14.8,79.1,6.5,29.3,1.42,26.85,0,21.8,12.3,16.8,14.3,13.6,13.9,1.8,1.4,46,33,7.3,3.5,6.5,4.9,.38,-6.5
2022,97,32,24.3,4.1,16.4,36.9,4.7,9.2,1.8,27.37,0,22.3,12.6,17.1,14.6,14,14.2,1.9,1.5,72,34,6.9,4,7,5.3,.16,-17
2022,98,32,26.9,2.4,16,52,5.1,19.2,1.7,27.42,0,23.2,12.8,17.8,15,14.3,14.6,1.2,.7,148,43,7,4.9,6.6,4.8,.29,-9.9
2022,99,32,24.1,2.7,15.8,55,6.6,23.6,1.62,24.33,0,22.2,13,17.5,15.2,14.7,15,2.4,2,221,27,10,3.7,6.4,5.4,.34,-7.9
2022,100,32,20.8,5.3,15.4,51.6,12.6,26.2,1.36,25.64,0,22.4,14,18,15.5,15,15.2,2.6,2,224,35,10.3,2.6,5.7,5.1,.45,-4.2
2022,101,32,18.8,8,14.1,60.6,22.3,40.1,1.01,26.73,0,21.8,14.1,17.6,15.6,15.1,15.4,3.7,3.3,210,25,11.5,2.1,6.5,5.2,.63,.4
2022,102,32,13.4,1.9,10,66.2,7.3,36,.79,22.27,0,19.2,13,16.5,15.6,15.2,15.4,4.1,3.5,233,30,12.2,.1,5.1,4,.45,-4.1
2022,103,32,15,-5.4,6,73.2,6,23.8,.83,28.08,0,17.2,8.4,12.8,15.3,13.9,14.5,1.5,1,265,41,8.2,.3,5.5,3.9,.19,-15.4
2022,104,32,19.7,-2.3,9.2,82.3,6.9,30.7,1.01,27.87,0,18.1,8.2,13,14.1,13.2,13.6,1.3,.8,223,40,7.4,1.7,5.9,4.2,.29,-9.8
2022,105,32,21.9,-.2,11.6,71.2,7.6,30.8,1.17,27.23,0,18.5,8.9,13.6,13.8,13.1,13.5,1.6,1.1,222,37,8.2,2.6,6.2,4.6,.34,-7.7
2022,106,32,21.9,1.7,12.9,59.7,9.6,27.2,1.29,28.07,0,20.1,9.6,14.7,13.9,13.2,13.6,2.1,1.5,226,38,9.4,2.7,6.8,5.1,.34,-7.7
2022,107,32,26.2,1.5,14.5,57.4,4.6,27.5,1.5,28.38,0,22.1,10.7,16.2,14.5,13.6,13.9,1.1,.7,263,37,6.1,4.4,6.5,4.7,.37,-6.9
2022,108,32,26.9,3.2,15.9,53.9,3.1,24.3,1.69,27.18,0,22.9,12.2,17.3,15.1,14.3,14.6,1.4,.9,227,35,8.5,4.9,6.8,5.1,.34,-7.7
2022,109,32,25.4,6.5,17.8,50.1,5.2,18.7,1.86,22.3,0,21.8,13.8,17.8,15.5,15,15.2,2.7,2.3,229,28,11.5,4.8,6.4,5.9,.32,-8.7
2022,110,32,22.8,5.4,16.1,69.8,8.8,22.3,1.53,28.2,0,23.4,14.4,18.7,16,15.4,15.6,2.3,1.7,213,36,8.3,3.4,7.1,5.6,.38,-6.5
2022,111,32,24.2,3.9,14.8,76.3,12.7,35.2,1.33,28.19,0,22,12.9,17.4,16.2,15.5,15.8,1.7,1.2,184,35,9,3.9,6.7,5.2,.5,-2.7
2022,112,32,15.5,4,11.7,76.7,19.5,37.1,.9,21.65,0,18.2,12.7,15,16.1,15.3,15.7,3.5,2.9,225,30,12.1,.6,5.3,4.2,.5,-2.9
2022,113,32,19.4,.6,10.8,80.2,7.5,34.5,1.02,28.73,0,19.3,9.9,14.5,15.4,14.4,14.8,1.6,.9,271,43,10.1,1.7,6.1,4.5,.37,-6.8
2022,114,32,20.5,7.7,13.9,44.2,6,14.7,1.42,28.85,0,19.4,9.9,14.4,14.9,14.2,14.5,2,.8,15,61,6.7,2.7,6.6,5.4,.22,-13.1
2022,115,32,24.8,3.6,15,51.4,4.6,18.4,1.56,29.14,0,20.3,10.1,15,14.8,14.1,14.5,1.3,.6,120,53,8.3,4.1,6.8,5,.27,-10.6
2022,116,32,25.2,4.4,15.4,50.2,11.6,27.9,1.45,22.84,0,20.5,11.3,15.8,15.1,14.5,14.8,1.3,.9,180,34,7.6,4.4,5.4,4.5,.47,-3.7
2022,117,32,23.4,5.5,15.6,56.4,8.2,24.8,1.51,29.24,0,22.6,12.7,17.4,15.7,15,15.2,2,1.5,212,32,9.7,3.7,7.3,5.6,.38,-6.5
2022,118,32,22.1,3,14.8,51.9,7.5,25.4,1.43,29.38,0,23,12.9,17.8,16,15.4,15.7,2.1,1.5,222,37,8.8,2.9,7.1,5.4,.38,-6.4
2022,119,32,24.7,3,15.1,65.4,5.1,28.5,1.42,29.54,0,21.7,12.8,17.1,16.2,15.6,15.9,1.9,1.5,275,30,9,4,7.1,5.5,.42,-5
2022,120,32,25.9,3.3,15.4,83.7,6.3,30.5,1.55,29.55,0,21.9,12.1,16.9,16.2,15.6,15.9,1.2,.7,227,43,7.4,4.5,7,5.2,.41,-5.4
2022,121,32,23.8,4,16.2,62.7,8.4,24.4,1.61,29.58,0,20.7,12.1,16.4,16.3,15.6,16,2.8,2.3,226,32,12.7,3.8,7.9,6.2,.38,-6.4
2022,122,32,23.2,5.3,15.8,61.2,15.7,30.8,1.38,29.12,0,22.3,12.8,17.3,16.3,15.7,16,1.5,1.1,241,36,9.5,3.6,6.7,5.1,.52,-2.2
2022,123,32,22.5,7.1,15.6,65.2,15.2,34.3,1.3,29.38,0,22.6,13.6,17.9,16.6,16,16.3,2.4,2,225,29,11.2,3.5,7.3,5.7,.56,-1.3
2022,124,32,23.2,4.9,15.6,64.8,8.1,26.4,1.47,30.24,0,21.5,12.9,17.1,16.7,16.1,16.4,1.7,1.1,270,42,10.1,3.6,7.1,5.4,.41,-5.4
2022,125,32,26.6,4.5,16.5,79.4,8.4,29.8,1.59,29.88,0,22.3,12.6,17.2,16.6,16,16.3,1.2,.7,264,40,6.7,5.1,7,5.3,.46,-3.8
2022,126,32,27.2,6.2,17.5,76.3,9.4,30.6,1.69,29.65,0,22.5,13.3,17.7,16.8,16.2,16.5,1.2,.8,249,34,7.1,5.6,7.1,5.4,.51,-2.5
2022,127,32,26,6.8,19,76.4,9,28,1.85,29.66,0,21.5,13.8,17.7,17,16.5,16.8,2.7,2.4,221,23,11.2,5.1,8.1,6.5,.51,-2.4
2022,128,32,22.8,15.9,19.4,35.8,9.6,21.8,1.78,30.21,0,23,14.7,18.5,17.3,16.8,17,4.9,4.5,216,21,12.5,6.6,9,8,.48,-3.2
2022,129,32,21.2,12.3,16.7,42.5,10.7,24.2,1.48,30.15,0,23.6,14.7,18.7,17.5,17,17.2,3.4,2.9,208,32,10,4.1,7.8,6.6,.45,-4.2
2022,130,32,23.1,4.6,15.5,77.3,11.7,27.5,1.42,30.14,0,24.5,14.6,19.1,17.7,17.1,17.4,1.9,1.5,206,29,9.9,3.5,7.2,5.5,.44,-4.4
2022,131,32,22,4.4,14.6,73.3,8.2,29.5,1.33,28.19,0,21.9,14,17.7,17.8,17.1,17.4,2.5,1.8,210,37,10.5,3.1,7.1,5.6,.43,-4.8
2022,132,32,23.9,0,13.6,65,3,21.5,1.45,31.18,0,22,11.8,16.6,17.5,16.6,17,1.2,.6,262,44,6,3.5,6.9,5.1,.27,-10.8
2022,133,32,28.5,2.3,17,69.4,4.3,23.7,1.86,31.17,0,22.5,12.2,17,17.2,16.4,16.8,1.1,.7,262,40,6.4,5.6,7.5,5.6,.35,-7.4
2022,134,32,31.8,5.4,20,46.6,3.3,19.9,2.3,31.38,0,25.3,13.2,18.6,17.5,16.7,17,1,.5,259,39,6.1,7.3,7.8,5.8,.36,-7
2022,135,32,32,8.1,21.1,50.8,2.5,18.5,2.46,31.5,0,27.4,15.1,20.7,18.4,17.4,17.7,1.2,.8,214,32,7.7,7.9,8.3,6.2,.36,-7
2022,136,32,28.5,7.5,19.5,65,6.5,23.6,2.05,31.05,0,25.8,15.6,20.4,18.7,18.1,18.4,1.4,.9,237,34,8.4,6.4,7.9,6,.44,-4.3
2022,137,32,27.9,7.3,18.8,76,9.6,27.1,1.85,30.89,0,27.4,15.7,21,19.1,18.3,18.6,1.3,.9,228,35,7.7,6,7.6,5.8,.52,-2.2
2022,138,32,29.3,8.5,19.6,63.9,8.6,27.5,1.94,30.88,0,26.5,15.9,20.7,19.3,18.6,19,1.3,.8,222,37,7.8,6.9,7.6,5.9,.53,-1.9
2022,139,32,27.3,7.9,19.6,72.1,12.1,27.5,1.89,30.06,0,25.7,15.8,20.3,19.4,18.7,19.1,1.9,1.6,253,26,8.5,5.9,7.7,6.2,.55,-1.4
2022,140,32,24.5,12.3,19.6,45.6,15.1,23.1,1.8,30.68,0,24.4,15.7,19.6,19.3,18.7,19,3.3,2.6,212,37,10.7,5.7,8.4,7.1,.52,-2.1
2022,141,32,24.6,11.1,18.4,50.1,14.1,32.4,1.5,30.74,0,26.4,16.4,20.8,19.3,18.7,18.9,2.2,1.7,202,38,9.1,5.3,7.5,6.2,.66,1
2022,142,32,26,7.4,18.1,66.7,9.1,31,1.64,31.04,0,27.4,16.6,21.4,19.7,19,19.3,1.7,1.2,201,34,8.5,5.2,7.7,6,.56,-1.1
2022,143,32,25.5,7.6,17.9,80.3,8.7,30.6,1.65,31,0,26.3,16.5,20.9,19.8,19.2,19.5,1.6,1.1,233,33,8.4,5,7.6,5.8,.54,-1.8
2022,144,32,27.6,7.1,18.3,73.2,4.7,22.9,1.89,31.64,0,27.1,16.3,21.3,19.9,19.2,19.6,1.6,.9,312,44,10,5.8,8,6.2,.38,-6.5
2022,145,32,30.7,7.7,20.7,55.9,7.2,22.1,2.23,31.23,0,26.8,15.9,20.9,20,19.3,19.7,1.4,.9,260,40,7.6,7.4,8,6.3,.45,-4
2022,146,32,31.2,9.7,21.7,76.9,7.9,27.5,2.26,31.17,0,26.4,16.7,21.3,20.2,19.6,19.9,1.2,.9,213,32,8.8,8.1,8,6.2,.59,-.5
2022,147,32,30.3,9.7,21.4,84.8,9.9,28.7,2.14,30.95,0,25.2,16.8,20.8,20.3,19.7,20,1.4,1,230,34,7.3,7.7,8,6.3,.62,.3
2022,148,32,27.6,11.1,20.5,71.4,8.8,24.8,2,29.45,0,23.4,16.9,19.9,20.3,19.7,20,2.9,2.4,224,28,10.7,6.8,8.2,7.1,.52,-2.2
2022,149,32,23.5,15.3,19.7,49.8,16.6,29.8,1.64,30.55,0,25.6,16.6,20.6,20.1,19.5,19.8,3.3,2.9,225,31,10.7,6.6,8.1,7,.68,1.5
2022,150,32,23.4,10.1,18.1,59.7,10.2,29.8,1.54,30.93,0,25,16.5,20.3,20.2,19.5,19.9,2.4,1.9,224,32,10.3,4.5,7.7,6.2,.59,-.5
2022,151,32,25.7,6.4,17.5,76.7,10.7,28.2,1.65,31.53,0,27.1,15.8,21,20.1,19.4,19.7,1.4,1,225,34,7.9,4.9,7.5,5.7,.5,-2.8
2022,152,32,28.6,7.6,19,67.8,8.9,27.2,1.9,31.74,0,26,16.2,20.7,20.3,19.6,19.9,1.2,.8,227,37,7.3,6.4,7.7,5.9,.51,-2.4
2022,153,32,29.7,7.4,19.8,82,6.2,26.6,2.06,31.95,0,24.7,16,20.2,20.3,19.6,20,1.2,.9,249,31,7.3,6.9,8,6.1,.49,-3
2022,154,32,29,7.2,19.8,75.6,7.5,26.7,1.97,29.82,0,24.1,15.8,19.6,20.2,19.5,19.9,1.5,1.1,225,33,8,6.5,7.6,6.1,.53,-2.1
2022,155,32,26.6,8.7,19.4,75.8,12.1,29.2,1.81,26.77,0,22.4,15.7,19.1,20.1,19.4,19.7,1.5,1.1,231,31,8,5.7,6.6,5.5,.59,-.5
2022,156,32,28.5,10,20.7,72.7,16.6,34.1,1.84,30.66,0,24.1,15.9,19.8,19.8,19.2,19.5,1.4,1.1,248,29,8.3,6.9,7.6,6,.77,3.1
2022,157,32,30.5,11.2,22.1,81.6,17.4,37.5,1.95,31.08,0,25.2,16.8,20.8,20.2,19.5,19.8,1.3,.8,240,36,7.6,8.3,7.7,6.2,.89,5.3
2022,158,32,32.3,12.4,23.3,74.5,14.4,33.8,2.19,31.24,0,27.4,17.6,22.1,20.9,20,20.3,1.2,.8,250,35,7.9,9.2,7.9,6.4,.87,5
2022,159,32,33.9,13.5,24.7,68.2,11.1,31.5,2.5,31.35,0,27.4,18.8,22.9,21.4,20.8,21,1.2,.8,266,30,8.4,10.2,8.1,6.5,.85,4.7
2022,160,32,33.6,13.8,25.3,66.2,14.1,30.7,2.54,30.8,0,27.2,18.9,23,21.7,21.1,21.4,1.2,.7,270,38,7.3,10.2,8,6.5,.91,5.5
2022,161,32,35,15.9,25.7,87.2,13.2,35.9,2.42,24.32,.25,27.6,20.7,23.5,22.1,21.7,21.9,.9,.3,292,45,8,11.5,6.2,5.5,1.06,7.8
2022,162,32,34.7,15.8,26.5,77.4,9,30.4,2.81,30.94,0,26.7,20,23.1,22.2,21.7,21.9,1.8,1.6,262,23,8.8,11.5,8.8,7.4,.88,5
2022,163,32,32.7,15.9,26.5,47.8,12.6,25.7,2.8,29.62,0,28.4,19.6,23.8,22.5,21.9,22.1,2.5,2.1,242,27,11.3,11.1,8.7,7.6,.84,4.5
2022,164,32,29.9,17.6,25.9,56.7,10.2,24.9,2.59,31.3,0,28.1,21.1,24.1,22.8,22.4,22.6,3.4,3.1,224,25,12.1,11,9.6,8.3,.79,3.5
2022,165,32,29.7,14.8,23.7,47.7,9.2,25.2,2.32,31.7,0,30.5,20.5,24.9,23.1,22.4,22.7,2,1.3,218,43,9.9,9.5,8.5,7,.7,1.9
2022,166,32,33.4,11.3,23.4,47.3,7.5,22.7,2.57,32.1,0,31.9,20.2,25.5,23.5,22.7,23,1,.6,248,37,6.7,9.1,8.2,6.3,.57,-1
2022,167,32,35.2,11,25.8,79.1,6.5,24.9,2.98,31.31,0,30.3,20.4,25.1,23.7,23,23.4,1.3,.8,229,39,7.1,9.5,8.4,6.8,.67,1.4
2022,168,32,32,14.8,25.4,67.6,9.1,24.7,2.66,24.12,0,25.9,21.1,23.6,23.8,23.1,23.4,2.1,1.6,195,33,9.4,10.3,6.9,6.5,.72,2.3
2022,169,32,26,17.1,22.1,85.2,32.3,54.4,1.27,16.03,.25,24.9,21.1,23.1,23.3,22.9,23.1,2.2,1.7,173,36,8.2,8.8,3.8,4.4,1.41,12.1
2022,170,32,27.4,12.9,21.1,92.6,11.8,45.4,1.56,31.22,0,27.2,20.1,22.9,22.9,22.2,22.6,2.7,1.9,211,39,10.3,7.3,7.2,6.7,1.02,7.3
2022,171,32,30,8.1,20.5,80.1,7,26.8,2.09,32.03,0,25.9,17.8,21.7,22.7,21.9,22.3,1.2,.8,216,38,7.7,7.3,8,6.2,.54,-1.6
2022,172,32,32,11.7,23.1,54.7,10.1,26,2.33,24.83,0,27.7,18,22.6,22.4,21.8,22.1,1.5,.8,225,47,7,9,6.5,6,.71,2
2022,173,32,30.7,17.2,24.7,68.8,22.4,40.5,1.98,27.16,0,30.7,21.1,25,23.1,22.4,22.6,1.4,.7,180,49,7.2,11.1,6.8,6,1.21,9.7
2022,174,32,32.6,15.3,24.9,90.9,16.9,45,1.97,27.02,1.27,28,21.8,24.5,23.4,23,23.2,2.1,.9,200,52,13.6,10.7,7.3,6.6,1.3,10.8
2022,175,32,31,15.9,22.9,94.4,18.8,49.1,1.66,26.47,2.54,27.3,20.6,23.3,23.4,22.8,23.1,1.7,.8,301,52,10.6,10.5,6.7,6.1,1.24,10.2
2022,176,32,31.9,16.8,21.7,88.2,19.1,52.8,1.37,19.48,1.78,27.2,20.4,22.7,23.1,22.6,22.8,1.2,.4,283,52,8.8,11.2,4.8,4.8,1.31,10.9
2022,177,32,28.1,15.4,20.3,87.5,30.1,64.1,.96,16.95,3.05,24.2,19.9,21.7,22.8,22.1,22.4,1.1,.3,144,54,7,9,3.5,3.9,1.48,12.8
2022,178,32,29.1,13.3,21.5,94.1,33.9,62,1.17,25.06,0,25.6,18.6,21.9,22.3,21.6,21.9,1,.6,136,39,6,8.4,5.6,5,1.51,13.1
2022,179,32,31.7,15,23.7,86.3,26.6,53.9,1.58,28.79,0,28.3,19.6,23.4,22.5,21.8,22,1.1,.7,159,39,7.8,10.3,6.8,5.9,1.48,12.8
2022,180,32,32.1,16.7,24.4,82.7,21.4,50.1,1.72,24.59,0,27.8,21.1,24,23,22.5,22.7,1.3,.4,233,56,6.7,11.3,6,5.6,1.45,12.5
2022,181,32,30.4,17.3,23.1,78.5,25.7,52.1,1.5,20.5,0,26.5,21.3,23.7,23.1,22.7,22.9,1.3,.6,279,47,6.9,11,4.8,4.9,1.41,12
2022,182,32,31.6,15.9,23.4,88.4,21.2,52.7,1.59,28.48,0,27.6,20.3,23.6,23,22.5,22.7,1.5,.3,277,62,8.5,10.7,7.1,6.2,1.41,12.1
2022,183,32,31.5,19.8,25.3,70.1,20.6,42.2,2.01,26.34,0,29.1,21.8,25,23.4,22.8,23,1.4,1,266,33,9.5,12.6,6.6,6,1.29,10.7
2022,184,32,31.3,15.9,24.7,66.7,18.9,38.3,2.12,29.13,0,30.7,21.7,25.7,23.9,23.3,23.5,1.5,1.1,207,32,9.3,10.7,7.5,6.4,1.12,8.6
2022,185,32,31.7,15.3,24.7,61.7,19.2,35.4,2.19,27.33,0,31.7,22.2,26.4,24.4,23.7,24,1.1,.7,209,38,7.9,10.5,6.8,5.8,1.05,7.7
2022,186,32,30,15.8,24.6,84.7,28.5,46.5,1.77,23.7,0,29,22.9,25.6,24.5,24.1,24.3,1.6,1.1,199,36,8.2,10.1,5.8,5.4,1.39,11.8
2022,187,32,30.8,14.1,23.1,77.9,12.6,36.9,2.05,31,0,27.9,21.2,24.3,24.5,23.8,24.1,1.3,.9,208,32,8.1,9.6,7.8,6.3,.92,5.8
2022,188,32,32.8,10.3,24,77.8,12,30.9,2.44,31.08,0,27.4,19.6,23.4,24.2,23.4,23.7,1.4,1,277,33,7.7,8.7,8.1,6.5,.81,3.8
2022,189,32,36.3,14.7,27.1,73.1,10.6,28.8,2.99,31.23,0,28.2,20.4,24.1,23.8,23.3,23.6,1.3,.9,257,38,7.7,11.2,8.5,6.9,.88,5.2
2022,190,32,36,17.4,27.2,54.1,14.1,31.7,2.72,28.36,0,30.2,21.8,25.8,24.4,23.7,23.9,1.4,.6,142,52,8,12.4,7.6,6.7,1.07,8
2022,191,32,34.2,17.8,26.3,76,17.8,39.6,2.27,18.51,0,27.7,23.4,25.6,24.7,24.3,24.5,.9,.4,204,45,7.1,12.3,4.5,4.6,1.26,10.4
2022,192,32,35.1,17,26.2,80.6,14.3,39.4,2.36,21.06,0,27,22.3,24.2,24.5,24,24.2,1.5,1,268,35,8.7,12.1,6.1,5.7,1.21,9.8
2022,193,32,34.3,17.6,24.5,79,18.4,47.7,1.78,20.66,1.52,27.7,21.5,23.9,24.2,23.6,23.9,1.1,.2,97,61,7.5,12.2,5,5.1,1.4,12
2022,194,32,34.3,19.2,26.6,78.8,21,44,2.16,20.62,0,27.6,22.2,24.5,24,23.6,23.8,1,.3,257,49,7.6,13,5.1,5,1.43,12.3
2022,195,32,33.3,19.4,24.9,84.5,24.2,53.4,1.63,20.12,.51,27.1,22.5,24.4,24,23.6,23.8,1.3,.3,276,57,12.1,12.9,4.9,5.1,1.6,14
2022,196,32,34.4,18.9,27.1,80.2,22,45.5,2.19,24.89,0,27.6,22.4,24.8,24,23.6,23.8,1.3,.3,281,60,7.7,12.8,6.2,5.9,1.53,13.3
2022,197,32,34.3,18.6,27.5,77.2,21.7,43,2.36,21.04,0,26.5,22.6,24.6,24.1,23.8,24,1.4,.9,264,42,10,12.7,5.5,5.5,1.44,12.4
2022,198,32,36.4,19.2,27.2,68.7,18,40.5,2.32,22.76,0,28.3,23,25.3,24.4,24,24.1,1.2,.3,313,58,8.8,13.3,5.9,5.7,1.39,11.8
2022,199,32,34.6,20,28,70.2,21.7,40.4,2.46,29.95,0,30.3,23.6,26.5,24.9,24.3,24.5,1.4,1,279,36,8,13.4,7.9,6.8,1.43,12.3
2022,200,32,35.3,19.8,27,76.8,15.6,44.1,2.26,24.34,0,30.8,24.8,27.4,25.4,24.9,25.1,1.3,.5,272,48,8.6,13.4,6.4,5.9,1.46,12.6
2022,201,32,35.2,19.2,26,80.2,16.4,47.8,1.96,23.38,.51,29.5,24.5,26.5,25.6,25.2,25.4,1.4,.9,283,39,7.7,13.2,6.2,5.8,1.52,13.2
2022,202,32,35.7,18,26.2,84,17.5,49,1.94,24.68,0,28.9,24,25.9,25.4,24.9,25.2,1.5,.8,275,42,7.3,12.6,6.5,6,1.58,13.8
2022,203,32,35.8,17.5,28.1,91.5,17.6,41,2.61,28.23,.25,28.5,23.5,25.8,25.2,24.8,25,1.3,1,267,33,7.5,12.4,7.5,6.5,1.39,11.9
2022,204,32,33.4,22.6,27.2,71.8,27.8,46.2,2.04,25.87,0,29.6,24.5,26.7,25.4,25,25.1,1.6,.8,256,47,7,14.4,6.7,6.3,1.63,14.3
2022,205,32,31.2,19.8,25.5,74,28.8,52.4,1.67,23.16,0,29.7,24.8,26.9,25.5,25.3,25.4,1.6,1,274,41,7.3,12.5,5.7,5.5,1.65,14.5
2022,206,32,28.9,18.9,23.6,88.6,38.1,63.4,1.15,18.94,0,27.5,24.6,25.9,25.7,25.3,25.5,1.3,.8,250,44,7.4,11.1,4.3,4.4,1.8,15.9
2022,207,32,25.8,18.9,21.7,90.5,52.1,75,.67,13.04,7.62,26,23.9,24.8,25.3,24.9,25.1,.9,.3,216,50,6.3,9.6,2.4,3,1.94,17
2022,208,32,27.8,18.1,21.2,94.1,42.3,79,.6,18.09,6.1,26.6,23,24.3,24.9,24.3,24.5,1.3,.7,275,42,10.9,10.1,3.7,4,1.94,17
2022,209,32,26.5,17.9,20.5,94.4,53.3,79.7,.54,13.13,.25,24.9,22.7,23.6,24.4,23.9,24.1,999,999,999,999,999,9.4,2.3,7.7,1.9,16.7
2022,210,32,28.9,17.2,21.9,98.2,37.3,72.6,.86,20.65,37.34,26.1,21.9,23.5,24,23.5,23.7,999,999,999,999,999,10.3,0,10.3,1.83,16.1
2022,211,32,28.3,17.9,22.1,96.1,41.3,73.4,.85,19.65,3.81,25.3,22.2,23.5,23.7,23.4,23.5,999,999,999,999,999,10.3,1.7,9.6,1.88,16.5
2022,212,32,30.8,16.3,23.3,95.4,30.9,65.4,1.17,24.84,0,26.8,21.7,24,23.5,23.2,23.4,1,.6,248,39,7,10.7,5.6,5.1,1.78,15.7
2022,213,32,32.1,18.2,23.4,93.2,25.9,69.1,1.08,23.03,7.87,27.4,22.7,24.5,23.8,23.5,23.6,.8,.3,276,40,9.4,12,5.3,4.9,1.89,16.6
2022,214,32,31.2,17.2,25,96.1,27.8,59.9,1.52,26.8,0,27,22.5,24.5,23.8,23.5,23.7,1.2,1,269,19,7.9,11.3,6.5,5.5,1.77,15.5
2022,215,32,31.9,18.6,25.4,87.1,31.5,56.7,1.56,23.86,1.02,27.8,23.1,25,24.1,23.7,23.9,1.2,.7,257,41,8.2,12.2,5.7,5.3,1.77,15.5
2022,216,32,28.6,18.2,22.4,94.6,34.1,69.5,.94,21.48,4.57,27.1,23,24.7,24.2,23.9,24,1.4,.8,192,46,6.1,10.7,4.6,4.7,1.82,16
2022,217,32,31.1,16.3,23.7,93.6,27.6,59.5,1.41,27.99,0,27.8,22.3,24.8,24.1,23.7,23.9,.7,.5,253,28,6,10.8,6.5,5.4,1.63,14.3
2022,218,32,34,16.4,25.3,87.4,20.5,51.3,1.88,27.65,0,28.7,22.7,25.4,24.4,23.9,24.1,.7,.5,265,28,5.6,11.6,6.6,5.5,1.5,13
2022,219,32,32.4,18.2,23,93.1,25.6,62.8,1.2,16.02,10.67,27.7,23.9,25.1,24.5,24.3,24.4,.9,.1,200,58,7.1,12.1,3.5,4,1.68,14.7
2022,220,32,29.8,16.1,23.2,96.1,34.2,64,1.17,20.75,0,26.9,22.4,24.5,24.5,23.9,24.2,.7,.1,267,52,5.1,10.2,4.5,4.2,1.74,15.3
2022,221,32,30.6,17.8,24.7,89,31.4,56.8,1.48,27.24,0,27.7,23,25.1,24.3,23.9,24.1,1.2,.7,189,44,6.9,11.3,6.5,5.6,1.7,14.9
2022,222,32,29.3,18.4,23.3,86.2,39.4,63.2,1.11,15.15,0,26.8,23.6,25,24.4,24.2,24.3,.7,.1,76,48,6.4,11.1,3.2,3.4,1.77,15.6
2022,223,32,30,16.9,24,85.3,31.8,56.9,1.42,21.49,0,27.8,22.7,25.1,24.3,24,24.2,.8,.5,146,39,6,10.7,4.8,4.4,1.62,14.2
2022,224,32,30.1,17.2,21.5,94.2,34.7,71.6,.87,17.61,5.08,28.5,23.4,25.1,24.4,24.2,24.3,.8,.2,199,49,7.3,10.9,4,3.9,1.77,15.5
2022,225,32,30.6,16.6,23.1,96,30.4,65.9,1.2,26.94,15.49,28,22.5,24.8,24.4,23.9,24.1,1.2,.7,236,41,7.1,10.8,6.4,5.4,1.73,15.2
2022,226,32,29.7,17.8,20.8,95.7,39.3,78.1,.62,14.5,0,26.2,23,24,24.3,23.9,24.1,1,.2,267,55,7.9,11,2.9,3.5,1.87,16.4
2022,227,32,30.1,17.3,23.3,93.1,32.9,63.9,1.2,23.84,0,27.1,22.1,24.3,24,23.5,23.7,.8,.6,224,27,5.3,10.9,5.3,4.7,1.74,15.3
2022,228,32,31.8,16.6,24.5,90.7,25.9,56.4,1.55,25.85,0,27.9,22.2,24.9,24,23.6,23.8,.8,.7,234,25,6.7,11.1,6,5.2,1.64,14.4
2022,229,32,30.4,18.4,24.1,87.4,34.3,57.9,1.35,16.91,1.02,27.7,23.6,25.3,24.3,24,24.1,.6,.1,183,50,6.1,11.6,3.7,3.7,1.7,14.9
2022,230,32,31,17.3,22.1,95.7,34.6,75.2,.81,19.64,13.21,28,23,24.8,24.3,24,24.1,.4,.1,229,32,9.8,11.3,4.1,4,1.92,16.8
2022,231,32,28.3,17.2,20.5,97.1,41.5,78.3,.61,11.85,12.19,25.8,22.8,23.7,24.2,23.8,23.9,.5,.3,94,31,11.1,10,2.2,2.7,1.85,16.2
2022,232,32,28.4,16.4,22.1,95.4,41.8,72.9,.83,22.37,0,26.5,21.7,23.8,23.8,23.2,23.4,.8,.5,232,37,5.4,9.6,4.8,4.3,1.89,16.6
2022,233,32,28.1,17.4,21.1,91.9,44,78.5,.6,20.57,1.52,27.3,22.7,24.4,23.6,23.4,23.5,1.4,1,271,35,9,10,4.5,4.3,1.93,16.9
2022,234,32,29.8,14.8,22.4,96.4,37.2,68.4,1.03,26.5,0,27.6,21.5,24.2,23.7,23.2,23.4,.8,.6,259,31,5.7,9.5,5.9,5,1.77,15.6
2022,235,32,29.2,16.6,21.8,94.8,44,75.2,.73,19.96,.25,27,22.4,24.4,23.7,23.4,23.6,.6,.2,250,43,7.4,10.1,4,3.9,1.93,16.9
2022,236,32,29.2,15.8,21.9,95.5,33.5,66.3,1.02,21.9,0,27.7,22,24.5,23.7,23.4,23.6,.8,.1,236,55,5.8,9.7,4.9,4.3,1.67,14.6
2022,237,32,29.2,17,22.5,88.1,36.4,66.6,1.01,19.67,.25,27.6,22.7,24.8,23.8,23.5,23.7,.7,.2,254,44,5.8,10.3,4.1,4,1.77,15.6
2022,238,32,29.5,16.3,22.6,91.6,33.2,65.9,1.07,20.3,.25,28.7,22.5,25.2,24,23.6,23.7,.8,.5,256,33,7,10.1,4.5,4.1,1.74,15.3
2022,239,32,29.5,16,22.4,91.8,33.2,64.4,1.11,21.21,0,29.9,22.8,25.9,24.3,23.8,24,1,.5,273,36,9.1,9.9,4.7,4.3,1.68,14.7
2022,240,32,30.1,15,21.2,96.4,25.9,68.6,1.01,22.42,5.84,30.7,22.8,26,24.5,24,24.2,1.1,.6,276,36,7.7,9.8,5.2,4.6,1.62,14.2
2022,241,32,33.8,14.4,23.5,96.8,17.9,58.2,1.62,25.97,0,29.1,22,25.4,24.5,24,24.2,.7,.5,283,25,5.8,10.6,6.1,5,1.49,12.9
2022,242,32,35.3,13.8,25.3,79.3,13,42,2.33,23.58,0,30.3,21.9,25.9,24.5,24,24.3,.7,.3,100,40,5.7,10.6,5.8,4.7,1.15,9
2022,243,32,35,15.8,25.5,80,16.1,44.3,2.17,25.13,0,32.2,23,27.3,25,24.4,24.6,.8,.2,92,47,7.3,11.5,6.3,5.1,1.29,10.7
2022,244,32,33.6,15.9,24.8,87.9,26.9,53.5,1.69,25.52,0,30.2,23.6,26.8,25.2,24.8,25,.9,.5,249,38,6.3,11.3,6.1,5.1,1.58,13.8
2022,245,32,33.5,16.2,23.2,88,23.6,61.6,1.3,18.33,2.54,28.8,23.1,25.5,25.3,24.8,25.1,.7,.3,228,36,11.2,11.4,4.2,3.9,1.66,14.6
2022,246,32,32.1,15.1,24.3,94.3,17.5,51.8,1.81,25.34,0,28.3,21.7,24.7,25,24.2,24.5,1.2,.9,167,32,6.3,10.5,6.4,5.2,1.4,11.9
2022,247,32,33.3,15.9,24.7,77.3,17,45.8,1.95,24.47,0,28.6,21.6,24.8,24.6,24,24.3,.8,.4,131,43,6.1,11.2,6,4.8,1.31,11
2022,248,32,34,14.9,24.7,76,20.2,45.4,2.04,25.25,0,29,21.5,25,24.5,24,24.3,.8,.6,211,29,4.9,10.9,6.2,4.9,1.27,10.5
2022,249,32,32.9,15.6,24.8,75.6,21,43.8,2.06,24.78,0,30.3,22.1,25.9,24.8,24.2,24.5,.9,.7,188,28,6.7,10.9,6.2,4.9,1.24,10.2
2022,250,32,32.4,15,24.3,70.9,17.2,40,2.11,24.63,0,29.5,22.7,25.9,24.9,24.5,24.8,.9,.7,205,25,6,10.5,6.2,4.8,1.1,8.3
2022,251,32,30.5,17.2,24,73.6,22.6,44.1,1.84,18.16,0,27.7,22.6,25,25,24.5,24.7,.6,.5,203,20,5.8,11,4.3,3.7,1.24,10.1
2022,252,32,28.3,17.6,22.7,85.2,35.4,55.2,1.33,16.99,0,26.9,22.2,24.2,24.7,24.1,24.4,.9,.7,270,30,5.7,10.2,3.8,3.6,1.48,12.9
2022,253,32,27.8,17.7,21.7,89.1,41.7,65,.99,16.49,0,26.6,21.9,23.9,24.3,23.8,24,.9,.6,278,36,6.1,10,3.4,3.5,1.66,14.5
2022,254,32,31.4,13.8,22.9,92.7,21.1,51.5,1.65,24.4,1.27,27.6,20.3,23.7,24,23.4,23.7,1.1,.6,172,42,8.5,9.7,5.9,4.7,1.31,11
2022,255,32,28,16.6,22,95.1,37.4,63.8,1.1,21.86,1.78,27.8,21.3,24.1,23.8,23.4,23.6,1.2,.6,194,45,6.5,9.5,4.9,4.3,1.61,14.1
2022,256,32,25.9,14.5,19.1,96.9,38.5,73.8,.67,20.63,2.79,26.1,21,23.4,23.8,23.3,23.6,1.1,.5,226,48,5.8,7.4,4.3,3.8,1.59,13.9
2022,257,32,26.3,13.5,19.2,94,24.3,62,1,23.82,0,26.3,19.9,22.7,23.5,22.9,23.2,1.1,.9,229,25,7.1,7.1,5.4,4.2,1.29,10.7
2022,258,32,28.4,11,19.9,82,23.5,52.5,1.34,23.56,0,26.5,18.9,22.5,23.2,22.5,22.9,.8,.5,198,34,6.1,7.2,5.4,4.1,1.12,8.6
2022,259,32,28.4,11.7,19.6,83.4,24.2,54.2,1.27,23.97,0,27.5,19.4,23.1,23.1,22.5,22.8,.9,.6,203,26,6.5,7.3,5.5,4.2,1.15,9
2022,260,32,28.9,10.6,19.3,82.8,10,45.7,1.52,24.44,0,27.8,19.5,23.4,23.1,22.6,22.9,1.3,1,189,23,8.2,7.3,6.1,4.6,.88,5.2
2022,261,32,29.2,9.5,19.9,66.1,15.9,39,1.7,23.89,0,28,19.2,23.4,23.2,22.6,22.9,1.3,1,198,24,9.4,7.1,6,4.5,.82,4.1
2022,262,32,30.5,11.9,21.5,87.3,22,47.4,1.61,22.56,0,26.7,19.6,23.1,23.2,22.6,22.9,.7,.4,194,34,7,8.4,5.3,4,1.14,8.9
2022,263,32,27.7,17,21.3,91.8,41.9,69.2,.86,11.57,1.78,25.1,21.1,22.8,23,22.7,22.9,.4,.1,141,44,5.5,9.5,2.1,2.4,1.71,15.1
2022,264,32,23.2,16.7,19.3,97,63.3,88.8,.27,9.53,26.92,23.7,20.7,22.2,22.9,22.5,22.6,.5,.2,170,39,6.7,7.2,1.3,1.9,1.97,17.3
2022,265,32,25.7,17.2,20.6,97,52,78,.58,13.67,.3,25,20.8,22.6,22.5,22.2,22.4,.7,.4,257,32,5.2,8.7,2.5,2.7,1.88,16.5
2022,266,32,27.7,15.5,20.4,90,35,68,.87,14.34,.3,25.5,20.4,22.4,22.5,22.2,22.3,.7,.2,198,48,7.9,8.8,2.8,2.9,1.59,13.9
2022,267,32,30.5,12.3,21.5,93,15,50,1.64,21.84,0,25.5,18.8,22,22.4,21.8,22.1,.8,.4,337,36,8.2,8.6,5.2,3.9,1.1,8.4
2022,268,32,31,10.6,20.5,76,11,39,1.84,22.96,0,25.5,18,21.7,22.3,21.7,22,.5,.1,41,41,4.9,8.2,5.3,3.6,.78,3.4
2022,269,32,29.3,12.6,21.3,67,25,43,1.62,21.61,0,26,18.6,22.1,22.2,21.7,21.9,1.2,.7,111,38,7.5,8.2,5.1,4.1,1.05,7.7
2022,270,32,29.2,14.7,21.6,71,22,44,1.6,22,0,27.2,20,23.3,22.5,22,22.2,1.1,.7,140,38,6.9,9.2,5.1,4.1,1.08,8.1
2022,271,32,28.2,12.9,20.7,88,23,45,1.53,21.05,0,27.2,19.7,23.3,22.6,22.2,22.4,1,.6,159,35,7.9,7.8,5.1,3.8,1.03,7.4
2022,272,32,27.4,11.6,19.2,86,16,44,1.48,20.46,0,24.4,19.1,21.7,22.7,22.2,22.4,.8,.6,171,30,6.1,6.9,4.9,3.5,.87,5
2022,273,32,27.1,9.3,18.4,78,20,46,1.4,21.69,0,23.4,17.1,20.3,22.3,21.4,21.8,.8,.5,191,33,5.8,6,4.6,3.5,.87,5
2022,274,32,27.2,10.2,18.7,81,26,53,1.22,21.24,0,24.3,17.1,20.5,21.6,21,21.3,.7,.6,201,22,5.8,6.4,4.9,3.4,1.06,7.8
2022,275,32,27.1,12.5,19.8,91,27,54,1.23,20.82,.3,23.7,18.1,20.8,21.5,21,21.3,.9,.6,174,31,7.1,7,4.7,3.5,1.17,9.3
2022,276,32,25.5,10.9,16.5,96,31,66,.76,12.74,5.6,22.1,17.6,19.5,21.4,20.9,21.1,1.2,.6,62,40,7.3,5.7,2.5,2.8,1.18,9.4
2022,277,32,24.6,9.4,15.4,98,36,76,.55,15.49,1.5,21.3,15.7,18.2,20.9,20,20.3,.6,.3,110,38,4.7,4.9,2.8,2.6,1.27,10.5
2022,278,32,26.2,8.9,16.7,98,22,64,.9,19.64,0,21.8,15.5,18.6,20.2,19.6,19.8,.6,.3,235,35,5.2,5.6,3.9,3,1.11,8.5
2022,279,32,23.4,9,14.6,90,36,69,.6,14.77,.3,21,15.6,18,19.9,19.4,19.7,.7,.4,87,37,5.2,4.3,2.7,2.5,1.11,8.5
2022,280,32,23.2,9,16.3,91,33,60,.87,16.04,0,20.3,15,17.5,19.6,18.9,19.2,.9,.6,97,34,5.6,4.1,3.2,2.7,1.06,7.8
2022,281,32,21.3,9.8,14.5,93,39,74,.49,9.4,3,19.4,15.5,17.2,19.2,18.8,19,.6,.5,74,23,7.9,3.4,1.5,1.8,1.19,9.5
2022,282,32,22.2,9,14.2,95,37,77,.48,15.9,1.3,19.7,14.5,16.9,18.9,18.4,18.6,.8,.3,118,37,5.5,3.7,3.2,2.5,1.19,9.5
2022,283,32,23,7.9,14.8,96,35,69,.67,17.64,0,20.1,14,17,18.6,18.1,18.3,.7,.3,137,36,4.9,3.9,3.3,2.6,1.09,8.2
2022,284,32,25.1,7.5,15.5,94,19,60,.93,20.03,0,20.6,14.1,17.2,18.4,18,18.2,.6,.5,241,21,5.4,4.8,4,2.9,.96,6.4
2022,285,32,27.1,7.4,16.7,90,17,54,1.18,20.08,0,21.4,14.2,17.7,18.5,18,18.3,.5,.3,218,28,5.7,5.7,4.2,2.8,.89,5.3
2022,286,32,28.2,6.6,16.7,88,12,46,1.38,20.04,0,21.9,14.4,18,18.6,18.2,18.4,.5,.3,217,31,5.4,6,4.4,2.8,.73,2.5
2022,287,32,26.8,6,16.3,91,14,46,1.33,19.81,.3,20.3,13.9,17.2,18.7,18.2,18.4,.6,.5,182,23,5.7,5.3,4.4,2.8,.73,2.5
2022,288,32,23.1,8.8,14.5,96,31,67,.66,10.43,22.4,18.7,14.4,16.3,18.5,18,18.2,1,.4,190,45,9.3,4.1,2.1,2.2,1.06,7.8
2022,289,32,19.1,7.6,12.4,96,38,81,.33,14.88,10.9,18.4,14.4,16,18,17.5,17.7,.9,.4,153,48,7.3,2.1,2.4,2.1,1.13,8.8
2022,290,32,19.2,6.6,12.6,96,38,68,.56,13.58,0,17.3,12.6,14.9,17.6,16.9,17.2,.7,.4,112,37,5.2,2.1,2.3,2,.95,6.2
2022,291,32,22.7,6.6,14,96,26,64,.74,19.01,0,18.4,12.3,15.1,17.1,16.5,16.8,.9,.5,125,40,6.1,3.6,3.9,2.7,.95,6.2
2022,292,32,22.6,6.3,13.7,93,20,57,.84,19,0,17.8,12.4,14.9,16.9,16.4,16.7,1,.7,125,32,7,3.5,3.8,2.7,.81,3.9
2022,293,32,22.3,4.5,12.8,90,20,58,.82,18.1,0,18.1,11.8,14.7,16.8,16.2,16.5,.6,.4,175,28,4.5,3.1,3.7,2.3,.77,3.2
2022,294,32,23.4,6.1,14,87,28,59,.85,18.25,0,18.6,12.2,15.2,16.6,16.1,16.4,.7,.5,199,25,5.3,3.8,3.8,2.5,.87,5
2022,295,32,20,6.5,14.5,91,39,66,.65,12.88,0,17.3,12.7,15.3,16.6,16.3,16.5,2,1.6,197,29,7.8,2.4,2.7,2.3,1.06,7.8
2022,296,32,14.8,6.6,11.8,92,17,61,.53,12.49,1.8,16.5,12.6,15,16.6,16.4,16.5,3.2,2.5,234,37,9.6,.4,2.2,2.3,.86,4.8
2022,297,32,14.7,-.2,6.9,72,13,39,.69,18.43,0,15.2,9.6,12.2,16.5,15.4,15.8,1,.5,13,43,5.9,.3,3.2,2.2,.35,-7.4
2022,298,32,18.3,-1.8,7.7,80,12,49,.72,18.24,0,15.7,8.6,12,15.5,14.6,15,.6,.4,236,22,4.3,1.2,3.4,2,.45,-4.1
2022,299,32,17.7,-.2,8.7,85,19,50,.73,17.56,0,15.9,9.1,12.3,14.9,14.3,14.6,.7,.6,199,24,5.2,1.1,3.4,2,.49,-3
2022,300,32,16.8,-.3,7.9,82,10,40,.76,17.95,0,15.5,9.2,12.1,14.7,14.2,14.4,1.3,.3,307,57,7.4,.9,3.5,2.4,.37,-6.7
2022,301,32,18.1,-2.4,7.3,72,16,43,.74,17.77,0,15.2,8.2,11.5,14.4,13.8,14.1,.7,.5,157,30,4.5,1.2,3.4,2,.39,-6
2022,302,32,19.8,.2,9,81,16,51,.76,17.26,0,15.8,8.6,11.9,14.1,13.6,13.8,.6,.2,157,37,4.3,1.9,3.1,2,.52,-2.2
2022,303,32,19.5,1.2,9.6,81,19,48,.78,11.81,0,14.5,9.3,11.8,14,13.6,13.8,.4,.3,269,25,3.5,1.8,2,1.5,.51,-2.5
2022,304,32,20.9,.2,10.2,76,14,41,.93,16.8,0,16,8.8,12,13.9,13.4,13.7,.6,.4,191,30,4.6,2.2,3.3,1.9,.45,-4.1
2022,305,32,17.7,1.9,9,74,24,51,.68,8.58,0,13.9,9.7,11.7,13.9,13.5,13.7,.6,.5,184,20,4.3,1.2,1.4,1.5,.54,-1.7
2022,306,32,14.9,.9,9,90,45,69,.4,7.33,2,13,9,11.2,13.7,13.2,13.4,1.9,1.6,196,25,8.2,.4,1.1,1.5,.8,3.8
2022,307,32,10.3,-1.2,3.6,98,43,82,.17,4.25,4.3,11.4,7,9.3,13.4,12.6,13.2,1.8,1.4,205,30,8.2,0,.3,1.1,.64,.6
2022,308,32,9.3,-4.1,1.9,98,34,78,.2,16.63,4.3,10.8,5.4,7.7,12.6,11.5,11.9,.5,.4,264,22,5.2,0,2.2,1.3,.53,-1.9
2022,309,32,15,-1.7,5.8,95,32,69,.4,14.74,0,11.4,5.5,8.2,11.6,11,11.2,.7,.5,251,24,5.2,.3,2.4,1.5,.6,-.2
2022,310,32,17.5,-1,7.3,95,26,65,.52,15.35,0,12.3,6,8.8,11.3,10.9,11.1,.6,.5,171,22,5.2,1.1,2.9,1.6,.6,-.2
2022,311,32,18.4,-.3,8.5,89,23,57,.65,14.42,0,12.3,6.5,9.2,11.3,11,11.2,.9,.7,159,26,6.1,1.3,2.7,1.8,.56,-1.2
2022,312,32,17.1,-.7,9,91,25,56,.66,15,0,12.4,6.5,9.3,11.4,11,11.2,1.5,1.3,189,22,7.7,.9,3,2.1,.58,-.7
2022,313,32,11.9,4.3,8.6,96,51,77,.28,2.56,3.6,10,8.6,9.3,11.4,11.3,11.3,2.5,1.6,206,45,8.5,0,.1,1,.85,4.6
2022,314,32,12.6,-.6,5.5,98,33,68,.35,13.87,0,11.6,6.7,8.7,11.3,10.9,11.1,.6,.2,282,44,5.2,0,2.1,1.3,.58,-.7
2022,315,32,13.5,-1.1,4.9,79,18,46,.55,14.52,0,10.6,5.1,7.5,11,10.4,10.7,.7,.2,113,48,4.5,.1,2.2,1.5,.37,-6.7
2022,316,32,14.2,-3.3,4.6,88,25,57,.48,14.15,0,10.5,4.5,7.2,10.5,9.9,10.2,.7,.5,167,27,4.6,.2,2.3,1.4,.45,-4.1
2022,317,32,11.9,-2.8,4.2,92,21,58,.44,14.09,0,10,4.7,7.1,10.2,9.7,9.9,1.6,1.2,227,30,9.2,0,2.6,1.7,.43,-4.7
2022,318,32,11.7,-4.2,2.7,88,20,60,.39,14.07,0,9.9,4,6.7,9.9,9.3,9.6,.6,.4,256,23,5.3,0,2.2,1.2,.41,-5.4
2022,319,32,15.4,-4.6,4.5,88,19,47,.58,14.14,0,10.2,3.8,6.7,9.6,9.1,9.3,1.1,.5,53,45,5.8,.4,2.3,1.8,.34,-7.8
2022,320,32,11.6,-1.4,4.8,42,9,21,.71,14.14,0,9.4,4.2,6.4,9.4,9,9.2,2.2,1.9,68,29,9.1,0,2.4,2.4,.17,-16.4
2022,321,32,14.8,-6.1,2.7,72,14,43,.54,14.03,0,9.6,3.4,6.1,9.2,8.7,8.9,.5,.3,160,32,4.3,.3,2.2,1.2,.28,-10.3
2022,322,32,12.8,-4.9,4.5,80,15,45,.58,11.74,0,9.4,3.3,6.2,8.9,8.4,8.7,.5,.2,150,39,4.1,0,1.9,1.1,.34,-7.8
2022,323,32,15,2,7.5,36,16,25,.81,13.21,0,10.5,5,7.4,9,8.7,8.8,1.5,1.3,68,30,5.7,.4,2.4,2.1,.26,-11.2
2022,324,32,15.3,-3.6,5.2,60,19,35,.67,13.35,0,10.6,4.6,7.1,9.1,8.8,9,.6,.1,215,48,4.6,.4,2.1,1.3,.3,-9.4
2022,325,32,15.4,-6.9,2.8,71,12,46,.56,13.6,0,9.1,3.3,6,9.1,8.5,8.8,.5,.4,178,21,4.6,.4,2.2,1.2,.3,-9.4
