2020,1,12,14.8,1.5,8,91.6,35.5,65.3,.45,10.44,0,10,6.9,8.4,11.2,11.1,11.2,.4,0,1,77,2.8,.3,1.3,.9,.67,1.2
2020,2,12,17.3,2.2,9.2,96.2,22.6,65.1,.52,12.36,0,10.4,7.3,8.8,11.1,11,11.1,.8,.3,141,61,5.5,1.1,1.9,1.3,.7,1.8
2020,3,12,18.2,1.5,9.1,88.4,21.2,57.9,.61,11.92,0,10.4,7.1,8.8,11.1,11,11.1,.5,.1,46,72,2.7,1.4,1.8,1.1,.61,0
2020,4,12,20.9,3,10.6,86,22.4,57.8,.69,12.4,0,11.1,7.4,9.1,11.1,10.9,11,.4,.1,315,68,2.4,2.4,2,1.1,.67,1.2
2020,5,12,20.5,2.6,10.5,89.9,26.9,61.9,.63,12.55,0,11.3,7.8,9.5,11.1,11,11.1,.5,.1,124,70,2.7,2.3,2,1.2,.73,2.4
2020,6,12,22.1,3.7,11.7,90.2,14.1,50.7,.89,12.91,0,11.5,7.9,9.7,11.2,11.1,11.1,.7,.2,273,68,5,3,2.3,1.5,.59,-.7
2020,7,12,22.8,3.9,12.9,63.1,13.9,36.5,1.11,12.98,0,11.9,8,9.9,11.2,11.1,11.2,.5,.3,345,52,2.7,3.3,2.5,1.3,.5,-2.9
2020,8,12,18.9,4.1,10.7,74.4,21,48,.78,12.47,0,11.5,8.4,10,11.3,11.2,11.3,.7,.1,138,77,5.2,1.7,2.2,1.4,.57,-1
2020,9,12,16.2,5.8,10.3,77.2,31.6,56,.6,9.84,0,11.5,8.8,10.1,11.4,11.2,11.3,1.2,.3,157,69,5.8,.9,1.7,1.5,.68,1.5
2020,10,12,17,3.4,10.3,87.2,19.8,51.2,.69,12.77,0,11.6,8.9,10.2,11.4,11.3,11.4,1.2,.6,199,59,7.8,1,2.3,1.7,.6,-.4
2020,11,12,15.9,2,8.4,81.1,23.3,50.9,.62,12.8,0,10.9,7.9,9.4,11.4,11.2,11.3,.7,.4,2,52,6.1,.6,2.1,1.3,.52,-2.2
2020,12,12,17.8,.1,8.8,86.7,23.5,52.9,.64,12.83,0,10.8,7.4,9.1,11.3,11.1,11.2,.4,.2,350,58,3.6,1.2,2,1.2,.55,-1.4
2020,13,12,19.8,2.3,10.1,80.5,19.5,50.4,.74,12.94,0,11.1,7.6,9.3,11.1,10.9,11.1,.5,.1,346,69,2.7,2,2.2,1.3,.58,-.8
2020,14,12,20.9,2.8,10.9,78.2,21.5,50.5,.78,12.34,0,11.2,7.7,9.4,11.1,10.9,11,.4,.2,356,64,3.2,2.4,2,1.2,.61,-.1
2020,15,12,19.5,3.8,11.2,82.3,28,55,.7,8.95,0,11.1,8.2,9.7,11.1,10.9,11,.3,0,40,78,2.1,2,1.3,1.1,.69,1.7
2020,16,12,18.6,7.7,12.7,78.3,32.8,57.7,.68,5.03,0,11.2,9.3,10.1,11.1,11,11.1,1.4,.9,21,49,8.4,1.9,1,1.7,.83,4.2
2020,17,12,17.8,5.8,11.8,92.9,38.8,67,.52,13.05,0,12.2,9.2,10.6,11.3,11.1,11.2,.7,.1,128,73,4.2,1.4,2,1.4,.9,5.4
2020,18,12,21.9,2.4,11.7,92.6,17.8,54.9,.8,13.42,0,12.1,8.9,10.5,11.4,11.3,11.4,.5,.1,280,69,2.9,2.8,2.3,1.4,.67,1.1
2020,19,12,25.5,6.9,15,61.8,13.5,33.7,1.29,13.24,0,12.5,9.1,10.7,11.5,11.3,11.4,.8,.6,320,43,4.6,4.9,3,2,.52,-2.3
2020,20,12,22.5,10.8,16.8,55.8,22.8,36.5,1.28,6.98,0,12.8,10.5,11.6,11.7,11.4,11.6,1,.8,348,35,5.7,4.2,1.8,1.9,.69,1.5
2020,21,12,16.2,11.1,12.5,98.5,44.2,84.2,.25,3.06,2.03,12.8,12,12.4,12,11.7,11.9,.5,.2,90,57,2.3,1.3,0,.8,1.2,9.6
2020,22,12,17.8,9.1,12.6,100,47.8,81,.32,12.28,0,13.6,11.5,12.4,12.2,12,12.1,.5,.2,94,59,3.4,1.8,1.7,1.3,1.15,9
2020,23,12,21.1,6.1,12.8,97.8,33.3,69.5,.58,13.79,0,13.2,10.3,11.8,12.3,12.2,12.3,.6,.1,111,75,3,2.8,2.2,1.6,.96,6.4
2020,24,12,21.8,5.4,13.4,86.9,25.6,56,.82,12.01,0,12.9,10.2,11.6,12.3,12.2,12.3,.5,0,252,78,3,3,2.1,1.5,.79,3.6
2020,25,12,22.2,5.3,13.3,89.2,27.7,57.9,.79,13.77,0,12.9,9.9,11.4,12.3,12.2,12.2,.5,0,87,77,3.1,3.2,2.4,1.6,.82,4.2
2020,26,12,21.8,6.2,13.9,84.7,32,58.8,.77,13.83,0,13.1,10.3,11.6,12.3,12.2,12.2,.5,.2,335,64,2.9,3.1,2.4,1.6,.89,5.3
2020,27,12,22.8,8.5,15.6,86.5,19.4,47.2,1.06,14.48,0,13.5,11.2,12.3,12.4,12.2,12.3,1.2,.8,156,45,7.3,3.9,3.1,2.3,.77,2.8
2020,28,12,20.8,6,13.6,60.2,14.3,34.3,1.13,14.73,0,12.8,10.6,11.8,12.5,12.4,12.5,.7,0,137,80,4.1,2.7,3,1.8,.49,-3.1
2020,29,12,18.2,5.8,12,71,24.9,44.5,.83,8.77,0,12.3,10.4,11.4,12.5,12.4,12.5,.7,.2,204,69,4,1.6,1.5,1.5,.6,-.3
2020,30,12,20.4,4.7,12.5,63.5,16.4,38.7,1,13.14,0,12.1,9.8,10.9,12.4,12.3,12.4,.7,.2,206,71,4.2,2.4,2.6,1.8,.51,-2.4
2020,31,12,22.9,4.5,13.6,61.9,12.5,34.6,1.17,15.34,0,12.1,9.4,10.7,12.3,12.1,12.2,.6,.2,342,69,3,3.4,3.2,1.8,.48,-3.3
2020,32,12,25.5,5.2,14.4,67.1,14.1,38.3,1.2,15.22,0,12.4,9.7,10.9,12.2,12.1,12.2,.6,.1,338,70,2.8,4.7,3,1.9,.57,-1.1
2020,33,12,24.4,6.2,15.3,71.2,15.1,40.8,1.21,15.37,0,12.7,10.2,11.4,12.2,12.1,12.2,.7,.3,28,62,5,4.3,3.3,2.1,.64,.5
2020,34,12,16.7,6,11.9,66.9,6.8,27.6,1.03,12.93,0,12.2,10.7,11.5,12.4,12.2,12.3,2.5,1.8,136,43,8.8,1.1,3.5,3.1,.38,-8.4
2020,35,12,12,-.1,6.6,39.9,13.5,21.7,.79,15.93,0,11.5,9.1,10.1,12.4,12.1,12.3,1.4,.5,135,64,5.8,0,3,2.1,.2,-14.3
2020,36,12,12.4,-.3,6.2,43.1,9.3,22.5,.77,13.36,0,9.9,7.8,8.9,12.1,11.7,12,1,.3,191,70,5.3,0,2.4,1.8,.2,-14.5
2020,37,12,14.8,.5,7.5,55.8,15.4,31.9,.77,15.68,0,9.8,7.5,8.6,11.7,11.4,11.6,.6,.2,342,71,4.1,.3,2.7,1.6,.31,-9
2020,38,12,19,2.2,10.3,61.5,18,37.6,.89,16.01,0,10.4,7.9,9,11.4,11.3,11.4,.6,.2,356,67,3.7,1.7,2.9,1.8,.44,-4.6
2020,39,12,21.5,4.1,12.3,68.8,19.6,41.8,.97,16.12,0,11.2,8.6,9.7,11.4,11.3,11.4,.7,.2,330,67,3.7,2.8,3.1,2,.56,-1.3
2020,40,12,21.6,7.3,14.9,66.7,23.8,40.5,1.09,10.64,0,11.9,9.6,10.6,11.6,11.4,11.5,1.1,.4,358,66,7.4,3.2,2.4,2.3,.66,.8
2020,41,12,21.7,10.1,14.1,100,33.3,63.9,.67,12.73,8.38,13.1,11.2,12,11.9,11.6,11.8,1,.4,62,62,7.5,3.7,2.3,2.2,.99,6.7
2020,42,12,16,7.2,11,100,29.1,66.1,.5,12.3,13.72,12.8,11.6,12.2,12.3,11.9,12.2,1.3,.6,219,59,5.8,.9,1.9,1.9,.83,3.8
2020,43,12,16.5,2.9,9.9,91.5,24.9,60.8,.57,16.97,0,12.1,10,11,12.4,12.2,12.3,.7,.3,69,64,5.1,.8,2.8,1.8,.7,1.8
2020,44,12,19.8,3.9,11.1,88.7,22.1,57.1,.69,17.08,0,11.6,9.6,10.6,12.2,12,12.1,.5,0,163,78,3.4,2.1,2.9,1.9,.69,1.7
2020,45,12,21.3,5.9,12.9,83,23.5,53.6,.83,16.57,0,11.9,9.8,10.8,12.1,12,12,.6,.2,37,67,4,2.9,3.1,2.1,.74,2.5
2020,46,12,21.5,5.1,13,87.4,16.8,53.3,.85,17.46,0,12.2,10.2,11.1,12.1,12,12.1,.6,.1,118,75,5.2,2.9,3.2,2.1,.73,2.2
2020,47,12,22.5,5,13.8,83.5,19.5,48.3,.97,17.37,0,12.5,10.4,11.4,12.2,12.1,12.1,.5,.1,14,75,3.6,3.3,3.3,2.1,.7,1.8
2020,48,12,23.1,5.9,14.6,81.2,20.9,48.9,1.01,17.21,0,12.9,10.7,11.8,12.3,12.1,12.3,.6,.1,96,73,3.9,3.7,3.4,2.2,.75,2.7
2020,49,12,24.7,8.2,15.9,77.1,22,48.2,1.1,17.05,0,13.5,11.4,12.4,12.5,12.3,12.4,.6,.1,47,70,3.4,4.7,3.4,2.3,.8,3.7
2020,50,12,24.6,9.3,16.4,78.9,15.3,45.1,1.2,16.85,0,14,12.1,12.9,12.7,12.5,12.6,.6,.2,66,67,3.9,4.9,3.5,2.4,.76,2.8
2020,51,12,25.7,7.5,16.9,73.1,14.1,40.2,1.36,17.08,0,14.1,12,13.1,12.9,12.7,12.9,.5,.3,324,55,3.7,5.1,3.6,2.3,.69,1.5
2020,52,12,23.7,13.8,18.7,59.4,26.6,39.4,1.37,13.94,0,14.8,13.2,13.9,13.2,12.9,13.1,1.8,1.6,308,24,6.7,6,3.7,3.4,.83,4.3
2020,53,12,19.5,12.6,15.7,100,40.9,73.5,.51,6.39,22.1,14.7,14.2,14.4,13.6,13.2,13.4,2.2,1.1,350,57,8.5,3.3,1.1,1.9,1.29,10.4
2020,54,12,17.4,7.3,12.8,90,44.6,65.2,.55,13.74,0,14.3,13.1,13.7,13.6,13.5,13.6,.9,.5,77,56,5.8,1.4,2.2,2,.95,6.1
2020,55,12,20.8,6.5,13.9,98.2,16.7,65.4,.65,18.61,0,13.9,12.4,13.2,13.6,13.4,13.5,.9,.3,89,69,5.2,2.7,3.4,2.5,.99,6.6
2020,56,12,19.6,6.8,14.3,52,8.5,20.7,1.36,19.52,0,13.8,12.3,13,13.5,13.4,13.5,2.2,1.9,227,30,7.4,2.3,5.1,3.9,.31,-9.3
2020,57,12,19.8,3.3,11.7,54.7,8.7,26.5,1.11,19.97,0,14.6,11,12.7,13.4,13.2,13.3,1,.3,193,66,5.8,2.1,4.1,2.8,.33,-8.6
2020,58,12,24.5,4.3,14,71.9,12.2,39.8,1.16,18.49,0,15.6,10.6,13,13.3,13.1,13.2,.4,.1,64,66,2.8,4,3.5,2.3,.57,-1.2
2020,59,12,24.4,8.2,16.6,63.3,12.7,35.4,1.36,11.94,0,15.4,12.3,13.9,13.4,13.1,13.3,.6,.5,108,38,4,4.6,2.5,2.2,.61,-.1
2020,60,12,24.5,7.7,16.6,70.4,14.1,39.8,1.31,19.15,0,17.4,12.4,14.8,13.6,13.4,13.5,.7,.1,188,76,4.6,4.6,4.1,2.8,.68,1.3
2020,61,12,23.1,11.7,16.7,64.9,16.7,35.5,1.32,19.86,0,18.1,14,15.9,14.1,13.6,13.9,1.6,1,229,52,7,4.7,4.8,3.7,.63,.3
2020,62,12,18.1,7.5,13.6,73,33.7,50.2,.81,13.25,0,16.7,13.8,15.3,14.3,14.1,14.2,1.2,.5,117,61,6.7,1.7,2.5,2.3,.77,3.2
2020,63,12,23.6,6.7,15.3,90.8,19,48.9,1.07,20.1,.25,17.6,13.3,15.3,14.3,14.2,14.3,1.5,1.2,257,36,7.3,4,4.5,3.4,.76,2.7
2020,64,12,22.3,9.3,15.4,82.3,27.5,54.5,.89,20.03,0,18.5,13.6,16,14.5,14.3,14.4,.7,.3,167,65,4.8,3.8,3.8,2.9,.92,5.6
2020,65,12,28.4,8.8,18.6,85.2,13.8,44.1,1.48,20.1,0,19.8,14.4,16.9,14.8,14.5,14.7,.8,.6,102,39,5.1,6.6,4.5,3.3,.81,3.8
2020,66,12,28.3,12.7,20.9,54.1,15.8,29.9,1.86,20.54,0,20.5,15.7,18,15.3,14.8,15.1,1.3,1.1,122,35,7.8,7.8,5.3,4,.71,1.9
2020,67,12,27.7,13.2,20.6,57.3,16.1,32.4,1.76,20.49,0,20.9,16.5,18.7,15.7,15.3,15.5,1.9,.9,198,57,7.4,7.7,5.5,4.5,.74,2.4
2020,68,12,22.5,11.7,17.6,65.5,23.3,40.7,1.24,18.29,0,20.7,17.1,18.9,16.1,15.7,15.9,1.2,.8,258,47,6.8,4.4,4.1,3.3,.8,3.7
2020,69,12,23.4,10.3,17.4,72.4,29.8,48.8,1.13,19.63,0,20.9,16.3,18.6,16.3,16.1,16.2,.9,.4,138,61,7,4.5,4.1,3.1,.92,5.7
2020,70,12,23,14.6,18.4,98.8,36.5,60.3,.89,8.97,4.83,19.9,18,18.8,16.5,16.2,16.4,1.2,.7,73,49,4.6,6,1.7,2.3,1.24,9.9
2020,71,12,19.2,15.2,16.9,100,79.9,95.1,.1,6.19,10.67,18.9,17.4,18.1,16.5,16.4,16.5,.6,.4,115,51,3.4,4.5,.3,1.3,1.83,16.1
2020,72,12,21,13.6,17.5,100,60.5,90,.22,6.28,21.34,18.5,17.3,18,16.5,16.4,16.5,1.1,.7,123,48,9.9,4.5,.5,1.3,1.79,15.7
2020,73,12,18,9.3,12.6,98.5,49.2,86.1,.23,12.13,22.61,17.7,15.3,16.4,16.5,16.2,16.4,1.3,.3,159,70,10.1,1.9,1.6,2,1.25,10.2
2020,74,12,21.6,8.1,14.8,100,31.3,70.4,.63,20.78,.25,18.3,13.4,15.8,16.2,15.7,15.9,.7,.3,157,60,6,3.2,3.7,2.9,1.12,8.5
2020,75,12,23.8,9.5,16.6,92.3,25.5,60.4,.9,20.88,0,19.4,14.3,16.7,15.8,15.7,15.8,.7,.3,241,65,5.2,4.5,4.1,3.2,1.06,7.8
2020,76,12,24.2,9.8,17.6,92.2,22.6,56.4,1.03,20.52,0,20.3,15,17.6,16,15.8,15.9,1,.4,212,61,5.2,4.8,4.2,3.3,1.06,7.8
2020,77,12,22.4,11.7,16.9,85.5,34.3,56.7,.9,20.47,0,20.9,16.2,18.5,16.3,16,16.2,1.1,.7,264,52,5.8,4.4,4.1,3.4,1.05,7.7
2020,78,12,18.2,9.4,12.8,95.1,43.8,74.7,.41,8.8,8.89,19.3,15.3,17.2,16.5,16.3,16.5,1.7,.9,156,54,10.5,1.9,1.4,2,1.09,8.2
2020,79,12,17.1,9.6,12.6,88.4,27.1,59.8,.64,19.53,0,17.5,13.9,15.5,16.4,15.9,16.1,1.3,.8,240,52,5.8,1.5,3.6,3,.83,4.2
2020,80,12,20.4,6.7,14.4,86.2,24.2,50.4,.94,21.43,0,19,13.2,16,15.9,15.6,15.8,.8,.1,251,78,5.3,2.6,4.2,3.1,.77,3.2
2020,81,12,22,9.1,15.9,85.6,22.5,50.9,1,23.45,0,20.6,15,17.7,15.9,15.7,15.8,1,.5,262,55,5.4,3.6,4.8,3.5,.86,4.6
2020,82,12,22.2,10.1,16.6,77.6,25.2,49.1,1.07,17.75,0,20.2,15.8,18,16.2,15.9,16.1,.6,.1,103,76,4.4,3.9,3.4,2.9,.87,4.8
2020,83,12,22.9,10.8,17.8,82.9,28.8,49.1,1.13,23.06,0,21.6,16.5,19,16.5,16.2,16.4,1.6,1.1,257,43,8.3,4.4,5.3,4,.95,6.2
2020,84,12,24.1,9.2,17.1,77.9,21,47.9,1.16,23.84,0,22.2,16.5,19.3,16.8,16.5,16.7,1,.3,209,67,4.8,4.6,5.1,3.8,.87,4.9
2020,85,12,23.2,10.2,17.4,73.1,21.9,44.8,1.2,15.83,0,20.6,17.2,19.1,17.1,16.8,17,.9,.1,50,74,4.2,4.4,3.3,3,.84,4.4
2020,86,12,19.5,12.4,15.8,67.7,25.9,38.9,1.12,19.74,0,21,17.2,18.9,17.1,17,17.1,2,1.8,248,26,6.6,3.2,4.5,4,.69,1.5
2020,87,12,16.6,7.2,12.3,62.1,19.3,38.1,.92,21.28,0,20.1,16.1,18.2,17.2,17,17.1,1.9,1.5,263,36,8.8,1.1,4.5,3.7,.52,-2.2
2020,88,12,20.6,4.9,13.5,73.1,15.4,40.2,1.06,24.15,0,20.9,14.9,17.8,17,16.8,16.9,.8,.1,276,75,4.5,2.5,4.8,3.4,.56,-1.4
2020,89,12,23.2,8.2,16.3,68.5,14.3,35.7,1.33,24.76,0,22,16.3,19,17,16.8,16.9,1,.5,258,59,6.3,4.1,5.5,4,.6,-.4
2020,90,12,24.3,8.3,16.5,70.6,18.5,40.9,1.27,24.95,0,22.5,16.7,19.5,17.2,17,17.1,.9,.5,252,57,5.1,4.6,5.4,3.9,.7,1.9
2020,91,12,26.3,9.5,18.8,75.7,15,42.1,1.45,19.05,0,22.1,17.5,19.9,17.5,17.2,17.4,.7,.1,239,74,3.1,5.7,4.1,3.3,.83,4
2020,92,12,27.5,14.4,20.5,66.9,16.3,40.4,1.59,21.09,0,23.5,18.5,20.7,17.8,17.5,17.6,.9,.3,231,67,5.5,8.2,4.9,4,.9,5.4
2020,93,12,27,14.5,21,61,15.9,28.6,1.86,25.19,0,24.1,18.5,21.2,18.1,17.7,18,1.8,1.2,246,48,7.4,8,6.6,5.3,.68,1.5
2020,94,12,27.4,11.3,19.8,68.1,15.7,37.3,1.64,25.16,0,24.6,18.7,21.6,18.3,18.1,18.2,1.1,.4,248,64,6.1,6.8,6,4.6,.78,3.3
2020,95,12,26.9,12.3,19.6,63.6,14.2,37,1.6,25.23,0,24.3,18.6,21.5,18.6,18.3,18.5,1.2,.4,178,67,6.4,6.9,6,4.6,.78,3.2
2020,96,12,27,13.1,20.5,54.5,14.9,28.7,1.83,25.73,0,24.4,18.6,21.4,18.7,18.5,18.6,1.5,.7,221,59,6.1,7.3,6.4,5,.65,.9
2020,97,12,26.4,11.9,19.8,60.6,13.5,29,1.77,25.91,0,24.8,18.9,21.8,18.8,18.6,18.8,1.6,.7,237,61,6.1,6.5,6.4,5,.62,.2
2020,98,12,27.2,10.5,20,54.8,18.5,31.3,1.72,25.84,0,25.1,19.2,22.1,19,18.8,18.9,1.3,.5,197,66,6.7,6.5,6.2,4.8,.7,1.9
2020,99,12,25.2,12.7,18.3,64.7,25.7,44.6,1.23,17.59,0,23.2,19.8,21.7,19.2,19,19.1,2.2,1.1,257,58,7.8,6.2,4.4,4.5,.92,5.7
2020,100,12,21.6,8.2,15.5,82.6,20.8,46,1.07,25.98,0,24.1,18.1,21,19.1,18.8,19,.9,.3,257,65,6.7,3.3,5.2,3.9,.75,2.7
2020,101,12,23.7,8.9,16.9,68.1,16.2,38.2,1.32,26.21,0,23.6,18.4,21,19,18.8,18.9,.9,.5,280,57,5.9,4.4,5.7,4.2,.68,1.3
2020,102,12,20.8,11.6,15.7,74,33.9,52.2,.89,20.89,.76,22.6,18.9,20.7,19,18.8,18.9,1.3,.4,225,67,5.5,3.6,4.1,3.7,.92,5.7
2020,103,12,23.4,10.6,17.2,78.5,30.5,52.1,1.05,22.34,0,23.1,18.1,20.5,18.9,18.7,18.8,1.7,.8,234,59,6.1,4.6,4.7,4.2,.98,6.6
2020,104,12,24,12,18,74.7,34,51,1.05,21.6,.76,23,18.8,20.8,18.9,18.7,18.8,1.6,1,260,51,7.1,5.2,4.6,4.2,1.05,7.5
2020,105,12,25.9,9.6,18.9,79.3,9.5,33.8,1.66,27.01,0,24.6,18.4,21.3,18.9,18.7,18.8,1.4,.5,350,63,7.2,5.7,6.4,4.9,.62,-1.1
2020,106,12,27,8.5,18.8,71.8,8,26.2,1.79,27.4,0,24.7,18.6,21.6,19,18.8,19,.9,.3,233,64,4.9,5.9,6.3,4.6,.5,-3
2020,107,12,28.5,11.2,20.3,53,8.8,25.1,1.98,27.45,0,25,18.7,21.8,19.2,19,19.1,1.1,.4,208,66,6.1,7.3,6.7,5,.53,-2.1
2020,108,12,29.3,12.3,21,59.6,8.9,25.2,2.05,25.18,0,24.8,19.3,22,19.3,19.1,19.2,2.2,1,205,58,7.8,8,7,6.1,.56,-1.4
2020,109,12,24.1,12.9,18.7,55.9,18.9,32.2,1.52,24.26,0,24.5,19.5,21.9,19.4,19.2,19.3,1.3,.7,236,53,6,5.7,5.6,4.6,.68,1.5
2020,110,12,27.1,12.4,20,62.3,17.4,38.3,1.58,26.62,0,25.5,19.5,22.3,19.5,19.3,19.4,.9,.5,235,57,5.4,6.9,6,4.7,.84,4.3
2020,111,12,28.7,13.1,22.4,65.9,13.2,30.4,2.04,27.3,0,26.4,20.5,23.3,19.7,19.4,19.6,1.3,.9,252,47,6.7,8.1,6.8,5.3,.75,2.7
2020,112,12,26.9,13.7,20.7,64.8,20.4,38.5,1.59,27.17,0,26.5,21.1,23.7,20.1,19.7,20,1.4,.5,296,66,7.9,7.5,6.5,5.2,.91,5.6
2020,113,12,32.2,13.3,23.5,72,13.3,35,2.17,27.36,0,26.5,20.8,23.6,20.3,20,20.2,1.3,.7,259,56,7,9.7,6.9,5.7,.89,5
2020,114,12,34.5,15.1,25.6,53.4,10,26.6,2.7,27.54,0,27.7,21.6,24.5,20.5,20.2,20.4,1.4,.8,260,51,9.6,11.1,7.5,6.1,.79,3.4
2020,115,12,35.2,16.7,27.1,55.1,8.1,24,3.01,27.83,0,28.2,22.3,25.1,20.9,20.5,20.8,1.3,.7,267,52,7.2,12,7.6,6.1,.77,3
2020,116,12,37,17.1,27.6,51.8,6.9,23,3.18,28.15,0,28.7,22.5,25.5,21.2,20.9,21.1,.8,.1,285,75,5.3,12.5,7.5,5.6,.74,2.5
2020,117,12,37.2,17.4,28,54.8,8.1,25.5,3.15,28.03,0,29,23,25.9,21.5,21.2,21.4,.9,.5,236,55,5.8,12.6,7.5,5.7,.86,4.6
2020,118,12,36.5,19.9,28.4,51.3,6.6,22.8,3.25,27.26,0,29.2,23.7,26.3,21.8,21.5,21.7,1.2,.5,231,63,8,13.6,7.7,6.2,.79,3.2
2020,119,12,37.1,18.3,28.1,51.7,7.2,21.9,3.24,28.25,0,30.2,23.9,26.9,22.1,21.8,22,.8,.3,230,61,4.8,12.9,7.5,5.6,.77,3
2020,120,12,38.3,19.9,29.2,51.8,9,24.6,3.36,27.94,0,29.9,24.7,27.2,22.5,22.1,22.4,.7,.3,244,63,4.1,13.8,7.4,5.5,.92,5.6
2020,121,12,36.5,20.5,28.6,56.9,7.8,27.7,3.13,20.33,0,28.5,25,26.9,22.8,22.5,22.7,.8,.1,215,78,4,13.9,5.5,4.7,.97,6.2
2020,122,12,36.6,18.1,28.6,53.3,8.5,21.7,3.37,28.83,0,30.6,24.1,27.1,22.9,22.7,22.8,1.2,.5,246,62,7.3,12.8,8,6.3,.75,2.6
2020,123,12,35.2,20.9,28.1,40.6,10.2,20.5,3.2,28.6,0,31.4,25.4,28.2,23.2,22.8,23,1.2,.5,246,60,6.9,13.9,7.9,6.3,.74,2.6
2020,124,12,33.8,19.5,27.1,43.2,8.6,22.3,2.97,28.58,0,31.5,25.6,28.5,23.5,23.2,23.4,1.1,.6,254,56,7.9,13,7.7,6,.75,2.7
2020,125,12,35.7,17.9,27.1,52.8,8.5,23.7,3,28.95,0,30.5,25.6,28,23.8,23.5,23.7,.9,.5,242,53,4.8,12.6,7.6,5.9,.77,3.1
2020,126,12,38,16.9,28.7,53.6,6.6,22.5,3.4,28.98,0,30.7,25,27.7,23.9,23.6,23.8,.7,.2,233,70,3.8,12.5,7.6,5.6,.78,3.3
2020,127,12,39.4,17.8,29.7,57.9,4.1,20.5,3.7,29.31,0,30.9,25.4,28,24,23.7,23.9,1,.4,239,60,5.8,13,8.2,6.2,.73,2.1
2020,128,12,38.9,18.7,30,53.6,5.5,17.5,3.87,29.58,0,31.8,25,28.3,24,23.8,23.9,1.1,.4,244,65,6.1,13.4,8.4,6.4,.65,.6
2020,129,12,38,19,29.5,50.1,6,20,3.57,26.08,0,31.3,25.9,28.6,24.2,24,24.1,1.3,.7,237,56,5.9,13.4,7.5,6.3,.77,3
2020,130,12,37,21.8,30.3,49.7,15.2,27.2,3.31,24.58,0,31.9,26.8,29.2,24.4,24.2,24.3,1.2,.9,264,44,8,14.5,6.9,6.1,1.12,8.6
2020,131,12,36.8,23.1,29.3,59.8,14.4,30.7,3,17.4,0,30.7,26.8,28.8,24.7,24.4,24.6,1.4,.3,162,72,7.8,15,5.2,5.4,1.18,9.3
2020,132,12,35.2,22.5,29.2,57.5,8.9,27.7,3.14,28.71,0,31.8,26.1,28.8,24.7,24.5,24.6,1.9,1.1,252,54,7.6,14.6,8.4,7.3,1.02,6.5
2020,133,12,32.6,18.5,26.9,47.4,9.3,20.5,2.94,29.25,0,32.2,26.5,29.2,24.8,24.6,24.7,1.6,1.1,264,44,7.4,12.3,8.2,6.7,.68,1.3
2020,134,12,30.7,18.6,24.6,55.5,16.5,28.9,2.32,28.81,0,32.2,26.5,29.2,25,24.8,24.9,1.3,1,258,42,6.2,11.8,7.3,6.1,.86,4.6
2020,135,12,31.2,18.4,24.8,59.5,15.7,30.6,2.29,28.1,0,30.9,26.1,28.5,25.1,24.8,25,1.1,.6,230,54,5.5,11.9,7,5.7,.92,5.6
2020,136,12,33,17.3,26,54.3,13.5,29.6,2.55,28.91,0,31.8,25.5,28.5,25,24.7,24.9,1,.4,243,60,5.2,11.8,7.3,5.8,.94,6
2020,137,12,35.5,17.5,27.3,62.6,9.7,29.6,2.85,28.42,0,32.7,26.3,29.4,25,24.8,24.9,1,.6,240,51,5.6,12.4,7.5,6.1,.96,6.2
2020,138,12,36.7,19.2,28.3,55.8,7,24.6,3.2,29.15,0,33.1,26.7,29.8,25.2,25,25.1,1,.2,229,73,6.4,13.3,7.8,6.3,.84,4.1
2020,139,12,36,18.9,28.1,46.2,10.3,20.9,3.22,29.12,0,33.7,27,30.3,25.5,25.2,25.4,1.4,.7,242,58,8.4,13.1,8.2,6.8,.75,2.7
2020,140,12,30.1,18.3,24.9,45.2,6.7,21.4,2.53,29.72,0,32.1,26.9,29.6,25.7,25.4,25.6,2.4,1.9,255,37,8.8,11.4,8.6,7.4,.67,.2
2020,141,12,28.9,13.1,21.9,54.7,9,22,2.19,30.32,0,32,25.5,28.8,25.6,25.3,25.5,1,.5,249,55,5.3,8.2,7.3,5.5,.54,-2
2020,142,12,32,12.9,23.9,52.6,5.8,20.6,2.59,30.49,0,32.1,25.3,28.6,25.5,25.2,25.3,.9,.4,228,59,5.6,9.4,7.6,5.7,.54,-2
2020,143,12,33.3,15.9,26.3,37.3,7.9,17.2,3.03,29.94,0,32.4,25.5,28.9,25.4,25.1,25.3,1.4,.8,238,56,6.9,11.2,8.1,6.5,.55,-1.5
2020,144,12,32.4,16.9,26.4,45.7,8.6,18.9,2.93,29.58,0,33,26.6,29.8,25.5,25.2,25.4,1.7,.8,237,59,7.1,11.5,8.2,6.7,.6,-.5
2020,145,12,33.3,16.2,26.6,50.2,6.8,19.1,3.03,29.88,0,33.5,26.8,30.1,25.7,25.4,25.6,1.3,.8,244,50,5.4,11.3,8,6.4,.6,-.7
2020,146,12,35,17.1,28,42.4,7,15.3,3.38,30.39,0,34,27.3,30.6,25.9,25.6,25.8,1.2,.5,249,59,5.8,12.1,8.3,6.4,.53,-2.1
2020,147,12,38.2,18.6,29.3,45,5.4,17.7,3.67,30.14,0,33.7,27.7,30.7,26.1,25.8,26,.8,.2,222,68,5.9,13.3,8.2,6.1,.65,.5
2020,148,12,40.7,20.9,31.9,37.8,7.5,16.5,4.28,29.84,0,34.7,27.7,31.1,26.2,26,26.1,1.5,1,253,46,7.1,14.5,8.9,7.5,.71,2
2020,149,12,41.8,22.3,32.8,52.2,7.2,18.8,4.4,29.35,0,34.4,28.8,31.6,26.5,26.2,26.4,1.6,1.3,243,35,6.7,15.1,9,7.7,.84,4.2
2020,150,12,43.3,22.3,33.5,41.6,9,22,4.45,29.72,0,35.8,28.8,32.2,26.7,26.5,26.6,.9,.2,215,84,4.8,15.2,8.4,6.7,1.02,7
2020,151,12,41.7,25.4,33.9,50.8,12,23.8,4.28,28.79,0,36.7,30.2,33.3,27.2,26.7,27,1.6,1,214,49,12.6,16.1,8.7,7.7,1.18,9.4
2020,152,12,39.4,25.2,32.8,60.9,8.9,22.7,4.11,29.94,0,36.6,30.6,33.6,27.5,27.1,27.4,1.4,1,266,41,6.3,16,8.8,7.3,1.02,6.7
2020,153,12,39.4,22.8,32.2,38,9.2,19.4,4.1,29.79,0,37.3,30.6,33.9,27.8,27.5,27.7,1.1,.7,280,46,6.3,15.1,8.4,6.8,.88,4.9
2020,154,12,40.8,26.2,34.2,44.5,8.6,19.2,4.56,29.33,0,37.8,31.7,34.5,28.2,27.8,28,1.3,.9,282,43,6.5,16.4,8.8,7.2,.96,6.2
2020,155,12,42.3,24.8,34.2,53.9,9.3,22.9,4.46,29.64,0,38.2,31.7,34.9,28.5,28.2,28.4,.8,.5,233,53,5.7,16,8.3,6.6,1.13,8.7
2020,156,12,42.3,24.6,34.7,50.4,10.1,21.6,4.55,29.21,0,38.8,32.1,35.3,28.8,28.5,28.7,1.2,.8,219,45,6.5,16,8.6,7.1,1.13,8.7
2020,157,12,39.8,25.7,33,40.8,7.6,17.9,4.28,22.87,0,37.2,32.6,34.9,29.1,28.8,29,1.6,.9,221,52,7.7,16.2,7.3,6.9,.86,4.4
2020,158,12,31.9,21.2,26.5,60.2,17.5,37.9,2.25,29.71,0,36.9,31,33.9,29.1,28.8,29,1.8,1.4,251,38,6.6,13.4,7.7,6.9,1.26,10.2
2020,159,12,33.3,21.2,27.7,52.1,7.4,24.5,2.94,30.47,0,36.1,30.2,33.2,29,28.7,28.9,2,1.7,252,28,8,13.7,8.7,7.5,.85,3.9
2020,160,12,30.7,20.8,26.2,32.2,2.5,12.6,3.05,31.42,0,35,29.8,32.5,28.8,28.5,28.7,3.1,2.1,293,45,9.8,12.9,9.9,8.8,.4,-7.7
2020,161,12,33.7,17.7,26.3,36.5,6.6,12.9,3.1,31.61,0,34.8,27.8,31.3,28.6,28.1,28.4,1.5,.6,51,62,5.7,12.2,8.6,7,.43,-5.3
2020,162,12,38.8,17.5,29.2,45,3.9,15.6,3.76,31.7,0,35.9,28.2,31.9,28.3,27.9,28.1,.8,.3,176,61,4.8,12.9,8.4,6.2,.56,-1.4
2020,163,12,40.8,19.5,31.5,43.7,4.8,15.6,4.3,30.66,0,36.4,29.2,32.8,28.3,28,28.1,1,.7,265,47,5.6,13.9,8.7,6.7,.65,.6
2020,164,12,40.4,22.1,32.6,56.2,6.6,18,4.35,30.35,0,36.4,29.8,33.1,28.4,28.1,28.3,1.4,.8,226,53,6.1,14.9,9,7.4,.81,3.4
2020,165,12,38.6,22.6,31.5,38.8,3.8,13.5,4.2,29.81,0,36.8,30.3,33.5,28.6,28.3,28.5,1.5,.9,249,52,8.2,14.9,9,7.3,.56,-1.6
2020,166,12,38.7,19.6,29.8,45,5.4,15.5,3.85,31.31,0,36.5,29.6,33.1,28.8,28.5,28.6,1.1,.3,224,67,5.6,13.8,8.7,6.7,.58,-.9
2020,167,12,38.8,22.4,31.2,37.1,8,17,4,30.95,0,37,29.8,33.4,28.8,28.5,28.6,1,.3,244,70,6.2,14.9,8.6,6.7,.72,2.2
2020,168,12,38.5,21.6,31,42.5,7.1,15.9,4.05,31.29,0,37.1,30.2,33.7,28.9,28.6,28.8,1.4,.7,250,57,6.9,14.5,9.1,7.4,.65,.8
2020,169,12,37.1,21.9,30.5,44.8,9.2,18,3.75,31,0,37.1,30.2,33.7,29,28.8,28.9,1.6,.6,216,64,7,14.6,9.1,7.6,.75,2.8
2020,170,12,36.9,22.9,30.7,36.8,7.9,17.5,3.79,30.69,0,37.5,30.5,34,29.1,28.9,29,1.2,.6,215,57,5.2,14.9,8.6,6.9,.74,2.4
2020,171,12,37.4,21.9,29.9,50.9,4.5,19.2,3.63,30.57,0,36.9,30.4,33.7,29.2,29,29.1,1.2,.7,163,53,5.8,14.6,8.5,6.8,.73,2
2020,172,12,39.4,21.5,30.9,46.8,7.3,20.1,3.87,30.94,0,37.4,30.2,33.7,29.2,29,29.1,.9,.2,233,69,5.4,14.6,8.5,6.5,.81,3.8
2020,173,12,40.6,20.9,31.9,53.3,7,20.7,4.13,30.5,0,37.2,30.6,33.9,29.3,29,29.1,1.1,.8,249,44,7.7,14.5,8.7,7,.86,4.5
2020,174,12,40.6,23.5,32.4,43.7,6.5,18.7,4.28,30.09,0,37.2,30.7,34,29.4,29.1,29.2,1.2,.7,241,53,6.1,15.4,8.8,7.1,.82,3.8
2020,175,12,40.7,21.6,32.5,49.2,5.6,18.5,4.35,29.9,0,37,30.7,33.8,29.4,29.2,29.3,1.2,.9,250,40,6.3,14.8,8.8,7.1,.78,3
2020,176,12,42,22.3,32.8,42.9,3.7,18.4,4.43,29.03,0,37.2,30.5,33.9,29.4,29.2,29.3,.9,.6,258,52,6.5,15.1,8.4,6.5,.81,3.7
2020,177,12,40.7,24.2,33.1,46.6,6.1,17.6,4.43,25.22,0,36.2,31,33.8,29.5,29.2,29.4,.8,.4,252,58,4.6,15.7,7.2,5.8,.81,3.7
2020,178,12,40.8,24,33,43.7,5.1,16.4,4.5,22.9,0,37.3,30.5,33.7,29.5,29.2,29.3,1.3,.5,217,62,6,15.6,7.1,6.4,.75,2.5
2020,179,12,39.4,25,33.4,47.5,7.2,19.2,4.35,24.83,0,37.8,31.3,34.5,29.5,29.3,29.4,1.4,1,255,42,6.9,16,7.6,6.8,.93,5.9
2020,180,12,38.2,24.8,32,42.7,12,19.2,3.97,25.66,0,38.4,31.9,35.1,29.7,29.5,29.6,2,1.3,235,49,8,15.8,8.2,7.7,.88,5
2020,181,12,35.4,22.4,30.3,42.3,13.6,19.9,3.54,26.34,0,38.3,32.2,35.3,30,29.7,29.9,2.1,1.7,257,35,9.1,14.6,8.2,7.4,.85,4.5
2020,182,12,35.9,21.7,29.3,46.6,11.7,23.4,3.29,28.24,0,37.5,31.2,34.4,30.1,29.8,30,1.5,.5,186,65,6.8,14.3,8,6.9,.91,5.4
2020,183,12,38.2,21.9,30.7,58.9,9,19.5,3.76,30.2,0,36.9,30.5,33.8,30,29.7,29.9,1.7,.6,225,66,6.7,14.7,8.9,7.7,.82,3.9
2020,184,12,38.1,23.2,31.7,55.8,12.3,23.1,3.74,28.28,0,37.3,31.1,34.2,29.9,29.7,29.8,1.1,.4,196,64,5.9,15.2,7.9,6.5,1.07,7.4
2020,185,12,38.6,26.8,32.8,63.6,19.1,37.2,3.3,28.39,0,38.7,32.2,35.3,30,29.8,29.9,1.1,.4,247,64,5.3,16.5,7.8,6.8,1.77,15.5
2020,186,12,41.2,25.5,34.8,62.7,15.9,27.5,4.31,29.56,0,40.2,33.4,36.7,30.4,30,30.2,1.4,1,249,41,6.7,16.2,8.8,7.5,1.43,12.2
2020,187,12,43,25.1,35.4,50.4,8.5,21.4,4.87,30.04,0,40.8,34.2,37.5,30.9,30.4,30.7,1.4,1.1,261,39,8.3,16.1,9.2,7.8,1.11,8.1
2020,188,12,42.7,23.3,34.3,40.7,7.2,17.3,4.83,30.37,0,40.9,34.2,37.6,31.2,30.8,31.1,1.3,.8,236,49,7.2,15.4,9.1,7.4,.85,4.6
2020,189,12,42.3,25,34.5,43.5,10.2,19.8,4.64,29.84,0,41.1,34.1,37.6,31.5,31.2,31.4,1.2,.8,269,47,6.1,16,8.8,7.3,1.06,7.5
2020,190,12,41.8,27,36,49.9,12,22.9,4.76,29.4,0,41.2,34.9,38.1,31.7,31.4,31.6,1.6,1.1,258,45,6.1,16.6,9,7.8,1.31,10.8
2020,191,12,41.5,26.8,35.5,47.6,9.7,21.1,4.78,29.22,0,40.5,34.6,37.7,32,31.7,31.8,1.4,1.1,259,35,6.9,16.6,8.9,7.4,1.16,8.9
2020,192,12,43,28,36.5,57.6,14.1,24.5,4.84,28.3,0,40.8,34.8,37.8,32,31.8,31.9,1.5,1.2,276,38,6.8,16.9,8.8,7.7,1.41,12
2020,193,12,44.6,29.4,37.5,52.7,14,23.9,5.13,28.05,0,41.4,35,38.2,32.1,31.9,32,1.7,1.4,247,37,7.5,17.2,9,8.3,1.48,12.8
2020,194,12,44.9,29,37.9,56,12.7,26.2,5.11,26.46,0,41.7,35.9,38.7,32.3,32,32.2,1,.6,252,50,5.8,17.1,7.8,6.8,1.63,14.2
2020,195,12,43,31.9,37.7,45.2,14.5,22.5,5.16,22.13,0,40.3,35.7,38.2,32.5,32.3,32.4,1.5,1.3,247,34,7.2,17.2,7.1,7,1.43,12.2
2020,196,12,41.9,28.5,35.8,50.4,14.4,27.3,4.45,28.39,0,41.3,34.9,38,32.5,32.3,32.4,1.2,.8,251,45,6.3,17,8.3,7.1,1.53,13.2
2020,197,12,41.4,28.1,35,46.5,13.6,26.8,4.31,28.24,0,41.2,35.2,38.2,32.6,32.4,32.5,.9,.5,237,54,7.2,16.9,8,6.7,1.44,12.3
2020,198,12,42.3,29.1,36,45.6,11,23.4,4.74,28.59,0,41.8,35.4,38.5,32.7,32.5,32.6,1,.5,227,60,5.2,17.2,8.3,6.9,1.33,11
2020,199,12,40.9,27.9,34.9,48.2,11.6,23.1,4.47,27.94,0,41.6,35.4,38.5,32.8,32.6,32.7,1,.5,267,55,5.1,16.8,8.1,6.6,1.23,9.9
2020,200,12,42.4,28,36,51.8,11.6,21.3,4.89,28.74,0,42,35.8,38.8,32.9,32.7,32.8,1.8,1.5,256,29,7,16.9,9.2,8.1,1.2,9.6
2020,201,12,39.8,29.6,35.9,42.7,9.6,19.5,4.88,19.07,0,40.1,35.6,37.8,33,32.8,32.9,1.5,1.3,239,29,5.7,17.2,6.3,6.2,1.12,8.3
2020,202,12,35.6,30.1,32.9,39.8,10.6,20.8,3.98,7.72,0,37.8,34.5,35.5,32.8,32.4,32.7,.7,.3,236,58,4.3,17.2,2.5,3.2,1.04,7.3
2020,203,12,41.3,27.2,35,55.4,9.8,23.1,4.55,27.03,0,39,32.1,35.2,32.4,31.8,32,1.2,.8,236,48,5.2,16.7,8.1,6.8,1.21,9.6
2020,204,12,40.4,27.5,34.7,53.5,17.3,31.7,3.93,27.77,0,40.9,34.3,37.4,32,31.8,31.9,1.2,.5,240,61,5.5,16.8,8,7,1.68,14.7
2020,205,12,35.7,28.5,32.3,58.8,28.1,40.4,2.91,24.42,0,39.7,35.2,37.6,32.3,32,32.3,1.9,1.4,174,40,8.2,16.9,7,6.8,1.95,17.1
2020,206,12,38.3,26,31.2,62.7,24.4,44.7,2.67,27.52,0,40.5,34.1,37.2,32.4,32.2,32.3,1.9,1,122,56,8.8,16.2,7.7,7.4,1.96,17.2
2020,207,12,39.4,27.1,33.1,67.6,10.7,35.6,3.51,27.24,0,40.2,34.8,37.4,32.5,32.3,32.4,1.2,.4,222,67,6.9,16.6,7.7,6.8,1.65,13.8
2020,208,12,42,26.8,34.6,59.3,11.5,29.8,4.18,28.42,0,41.2,34.5,37.7,32.5,32.3,32.4,.9,.4,238,59,4.8,16.6,8,6.5,1.5,12.6
2020,209,12,42.2,28.1,35.8,48.1,14.2,26,4.53,27.51,0,41.7,35,38.3,32.7,32.4,32.5,1.5,.7,166,60,6.4,16.9,8.4,7.4,1.5,12.9
2020,210,12,44.2,27.9,36.6,52.9,9.3,27.5,4.81,28.23,0,42.7,36,39.2,32.9,32.6,32.8,.9,.4,256,61,6.4,16.9,8.3,6.8,1.55,13.3
2020,211,12,44.5,27.3,36.8,48.7,10.1,20.8,5.26,28.16,0,42,35.7,38.9,33.2,32.9,33,1.3,.9,261,44,6.9,16.8,8.7,7.2,1.18,9.2
2020,212,12,46.7,25.7,37.1,53.6,8.3,22.6,5.35,28.17,0,42.1,35.4,38.8,33.3,33,33.2,1.4,1.1,258,38,6.6,16.4,8.9,7.7,1.3,10.7
2020,213,12,45,26.6,37.4,52.8,11.3,24.1,5.19,28.1,0,42.1,35.4,38.8,33.3,33.1,33.2,1.4,1,244,43,5.8,16.5,8.8,7.6,1.47,12.6
2020,214,12,42.3,30.7,36.8,53.1,21.5,34.2,4.26,27.02,0,42.8,36.7,39.7,33.4,33.2,33.3,1.9,1.6,257,34,7.6,17.2,8.4,8,2.07,17.9
2020,215,12,41.1,31.4,35.8,52,20.6,31.6,4.14,19.89,0,41,36.9,39,33.7,33.4,33.5,1.6,.9,211,54,7,17.2,6.4,6.4,1.83,16
2020,216,12,43.1,28.8,36.1,57.2,9.5,29.3,4.51,26.3,0,41.4,35.5,38.4,33.6,33.3,33.5,1.3,1,235,42,7.2,17.1,8,7,1.62,13.7
2020,217,12,41,27.2,35,41.8,12.7,24.8,4.39,26.03,0,40.5,34.9,37.8,33.5,33.2,33.4,1.3,.9,243,47,7,16.7,7.8,6.8,1.36,11.4
2020,218,12,40.9,27.6,34.8,50.5,7.6,25,4.41,27.74,0,41.2,35.1,38.1,33.3,33.1,33.2,1.6,1.1,238,44,7.8,16.8,8.6,7.4,1.29,9.8
2020,219,12,40.8,26.2,33.5,39.2,8,17.3,4.5,27.93,0,41.5,34.8,38,33.3,33.1,33.2,1.1,.7,260,51,6.8,16.3,8.2,6.5,.84,4.4
2020,220,12,40.7,24.6,33.3,47.6,13.4,24.9,4.07,27.35,0,41.3,34.5,38,33.3,33.1,33.2,.9,.4,269,58,6,15.8,7.7,6.2,1.24,9.9
2020,221,12,42,26.4,34.9,48.2,7.9,21.3,4.69,27.42,0,41.6,35.1,38.4,33.3,33.1,33.2,1.1,.7,260,49,6.1,16.5,8.2,6.6,1.09,8.1
2020,222,12,42.7,25.3,34.5,47.2,6.7,19.5,4.78,27.49,0,41.3,34.7,38.1,33.4,33.1,33.3,1,.6,259,52,5.8,16.2,8.2,6.4,.94,5.8
2020,223,12,42.8,25,34.2,46.3,7.8,19.6,4.72,26.25,0,41.5,35,38.2,33.4,33.2,33.3,1.1,.6,264,51,7.1,16.1,7.9,6.3,.94,5.8
2020,224,12,41.6,25.7,34.7,49.1,13.6,25.6,4.31,26.08,0,42.1,35.5,38.7,33.5,33.2,33.3,1.3,.8,264,52,5.8,16.2,7.8,6.8,1.39,11.6
2020,225,12,42.5,27.4,35.6,61.5,16.6,31.5,4.27,26.22,0,42.6,36.3,39.4,33.6,33.3,33.5,1.2,.7,262,52,5.6,16.7,7.9,6.8,1.72,15
2020,226,12,45.1,28.9,36.2,58.8,11.9,29.4,4.6,22.33,0,41.8,36.3,39.1,33.8,33.6,33.7,1.1,.6,267,51,6.6,17.1,6.9,6.1,1.62,14.1
2020,227,12,45.7,28.3,37.3,54.5,10.5,24.6,5.23,26.17,0,42,35.8,38.9,33.9,33.6,33.8,1.2,.8,246,48,7.1,17,8.2,6.9,1.42,12
2020,228,12,43.9,28.5,37,51.3,14,26.4,4.86,26.17,0,42.8,36.3,39.5,33.9,33.7,33.8,1.5,1.2,250,37,6.7,17.1,8.3,7.3,1.59,13.7
2020,229,12,44.7,30.4,37.2,43.5,14.9,26.8,4.82,24.93,0,43.7,37.7,40.6,34.2,33.8,34,1.5,.2,265,74,11.1,17.2,8,7.2,1.65,14.4
2020,230,12,44.9,29.5,36.8,44.3,11.8,23.2,5.02,25.24,0,41.5,36.4,39.2,34.4,34.1,34.3,1.5,.9,144,50,13.4,17.2,7.9,7.2,1.38,11.7
2020,231,12,43.8,28.9,37.2,50.3,11.4,22.1,5.17,23.71,0,41.1,35.7,38.5,34.2,33.9,34.1,1.4,.5,125,66,11.4,17,7.7,6.8,1.32,11
2020,232,12,44,28.7,37,55.6,12.7,25.5,4.94,24.89,0,41.3,35.7,38.5,34.1,33.8,34,1,.4,233,60,4.7,17.1,7.4,6.1,1.51,13.1
2020,233,12,42.2,26,35.2,73.2,17.1,34.6,3.96,22.68,2.29,41.1,35.9,38.5,34,33.8,33.9,2.4,1.1,249,59,11.4,16.4,7.7,7.7,1.87,16.3
2020,234,12,36.6,26.4,32.2,73.5,30.5,44.6,2.79,18.58,0,39,34.1,36.1,33.9,33.5,33.8,1.8,1.2,270,47,7.2,16.3,5.7,5.6,2.08,18.1
2020,235,12,40.3,29,34.4,61,24.2,40.4,3.4,23.67,0,39.6,33.6,36.3,33.5,33,33.2,1.7,1.4,258,35,6.1,17.1,7.1,6.8,2.13,18.5
2020,236,12,42.8,29,35.7,64.3,17,34.9,4.01,23.72,0,40.7,34.7,37.6,33.2,33,33.1,.9,.2,219,72,6.1,17.2,6.7,5.8,1.95,17
2020,237,12,45,28.8,37.2,54.1,11.4,25.7,5.03,22.89,0,40.6,34.9,37.8,33.3,33.1,33.2,.9,.2,186,73,6.7,17,6.9,5.8,1.52,13
2020,238,12,44,30.1,36.6,45.4,13.5,25.7,4.78,22.62,0,40.9,35.3,38.1,33.4,33.2,33.3,1,.3,52,68,7.2,17.2,6.9,5.8,1.5,13
2020,239,12,43.1,28.4,35.8,51.7,13.8,26.7,4.55,20.24,0,40.7,35.7,38.2,33.5,33.3,33.5,.6,.3,161,62,4.2,17,5.9,4.8,1.49,12.8
2020,240,12,43.3,28.7,36.5,51.3,12.1,27.8,4.63,22.18,0,41.1,35.4,38.2,33.6,33.4,33.5,1.2,.3,142,72,8.8,17.1,6.9,6.1,1.6,13.9
2020,241,12,42.7,29,35.9,47.8,13,26,4.6,20.06,0,41,36,38.4,33.7,33.5,33.6,1.3,.6,248,60,5.8,17.1,6.5,5.9,1.46,12.4
2020,242,12,37.9,26.7,33.1,66.8,25.7,40.4,3.12,18.07,0,39.9,36.2,38.1,33.8,33.6,33.7,1.9,.5,263,70,10.8,16.5,5.4,5.8,2,17.4
2020,243,12,38.5,22.1,29.3,94.9,24.4,56.2,2.12,23.89,0,40.7,35,37.7,33.7,33.5,33.6,1.6,.4,311,71,8.8,14.7,6.4,6.1,2.12,18.3
2020,243,12,38.5,22.1,29.3,94.9,24.4,56.2,2.12,23.89,5.84,40.7,35,37.7,33.7,33.5,33.6,1.6,.4,311,71,8.8,14.7,6.4,6.1,2.12,18.3
2020,244,12,36,23.1,30,90.6,28.5,53.7,2.25,24.36,0,37.8,33,35.5,33.7,33.2,33.5,1.1,.7,251,50,5.6,14.9,6.4,5.5,2.11,18.2
2020,245,12,37.7,27.6,32.6,59.5,22.6,38.7,3.13,22.73,0,38,32.8,35.3,33.2,32.8,33,1.8,1.5,262,31,6.9,16.7,6.8,6.3,1.85,16.2
2020,246,12,38.5,27,32.1,66.7,20.4,45,2.81,23.98,.25,39,33.4,36,32.9,32.7,32.8,1.3,1.1,261,36,8.1,16.6,6.7,6,2.06,17.8
2020,247,12,41,24.7,32.8,69.8,15.6,38,3.39,24.31,0,38.8,33.1,35.9,32.9,32.6,32.8,.9,.6,270,45,5.2,15.9,6.8,5.6,1.75,15.3
2020,248,12,44.7,26.2,35.1,62.6,7.9,26.8,4.62,24.23,0,39.2,32.9,36,32.8,32.6,32.7,.8,.1,141,74,4.2,16.5,7.1,5.4,1.33,10.8
2020,249,12,45.1,27.7,36.4,54.2,8.4,19.5,5.23,24.04,0,38.8,32.9,35.9,32.8,32.6,32.7,1.2,.8,132,48,7,16.9,7.6,6.1,1.1,8.2
2020,250,12,43.2,27.7,35.7,48.5,10.2,21,4.88,24.02,0,39,32.9,36,32.8,32.5,32.7,1.1,.2,200,72,5.4,16.9,7.5,5.9,1.16,9
2020,251,12,40.7,26.8,34.6,54.6,16.2,26.5,4.19,23.52,0,38.2,32.8,35.6,32.8,32.5,32.7,1.8,1.3,241,41,6.2,16.5,7.6,6.7,1.43,12.2
2020,252,12,36.2,23.9,30.9,58.8,3.7,32.5,3.06,16.98,0,36.9,33.3,35.2,32.7,32.5,32.6,2.6,1.6,298,50,9.5,15.3,6,6.4,1.46,9.8
2020,253,12,30.8,20.9,25.8,28.7,12.2,17.7,2.79,24,0,36.3,30.6,33.4,32.5,32,32.3,1.8,.6,356,66,6.1,13,7,5.8,.58,-.8
2020,254,12,32,19.5,25.7,47.8,12.9,21.1,2.71,23.09,0,36,30.1,33,32.1,31.6,31.9,1.1,.5,35,60,4.8,12.7,6.2,4.8,.68,1.3
2020,255,12,32.4,18,25.3,67.2,14.8,30.9,2.35,15.9,0,33.7,29.1,31,31.7,31.2,31.5,.5,.2,168,61,5.2,12,3.8,3.3,.98,6.5
2020,256,12,35.5,19,27.4,59.1,13.8,30.7,2.79,20.26,0,33.1,27.7,30.3,31.2,30.6,30.9,.6,.3,189,59,4.6,13.1,5.2,4,1.03,7.4
2020,257,12,37.6,21.5,29.4,48.4,12.4,26.7,3.23,19.05,0,34.1,28.6,31.2,30.6,30.3,30.5,.9,.7,124,42,5.9,14.5,5.4,4.5,1.04,7.5
2020,258,12,38.9,23.9,31.2,43.9,11.1,22.8,3.73,22.22,0,34.9,28.9,31.8,30.5,30.3,30.4,1.4,1.1,115,40,7.3,15.5,6.9,5.7,.98,6.7
2020,259,12,38.9,24.4,31.5,39.6,12.5,24.1,3.68,21.99,0,35.7,29.5,32.5,30.5,30.3,30.4,.8,.1,164,77,4.9,15.7,6.2,4.7,1.09,8.1
2020,260,12,40.6,22.2,31.4,43,5.8,21.7,3.95,22.23,0,36.5,30.2,33.2,30.6,30.4,30.5,.8,.2,223,68,4.8,15,6.4,4.6,.89,5
2020,261,12,40.9,23,31.7,41.5,7.6,18.3,4.13,21.39,0,36,30.1,33.1,30.8,30.5,30.7,1,.5,121,56,6.1,15.3,6.4,4.8,.8,3.7
2020,262,12,39.8,24.9,32,38.5,9,18.8,4.06,20.79,0,35.2,29.8,32.6,30.8,30.6,30.7,1.2,.6,123,56,5.7,15.9,6.4,5.2,.86,4.7
2020,263,12,38.1,26.2,32.2,43.7,13.5,22,3.88,21.11,0,36,30.6,33.1,30.7,30.5,30.6,1.9,1.5,130,37,8.1,16.3,7,6.3,1.03,7.4
2020,264,12,39.8,22.8,31.1,47.2,9.6,23.9,3.71,20.77,0,34.9,29.8,32.4,30.8,30.5,30.7,.7,0,201,78,5.4,15.2,5.8,4.2,1,6.9
2020,265,12,38.4,23.6,30.9,49.6,14,26.1,3.51,17.31,0,33.9,29.5,31.8,30.6,30.4,30.5,.9,.5,276,57,6.4,15.4,5.1,4.3,1.12,8.5
2020,266,12,37.7,25.3,31,55.5,15,29.9,3.29,17.86,0,34.1,29.7,31.8,30.4,30.2,30.3,1,.2,190,72,5.5,16,5.2,4.4,1.3,10.7
2020,267,12,38.5,21.4,30,58.3,13,30,3.28,21.01,0,33.8,29,31.5,30.3,30,30.2,1.1,.8,249,44,6.5,14.5,6.1,4.9,1.17,9.2
2020,268,12,39.6,21.6,30.6,51.2,11.2,26.1,3.56,20.98,0,35,28.9,31.9,30.2,29.9,30.1,.8,.2,254,71,4.4,14.7,6,4.4,1.05,7.6
2020,269,12,38.9,21.6,30.2,48.2,11.6,26.2,3.46,21.03,0,35,29.2,32.1,30.2,30,30.1,.8,.3,258,62,5.2,14.6,5.9,4.2,1.04,7.4
2020,270,12,37.3,21.7,29.8,45.5,11.1,24.2,3.41,21.23,0,34.8,29,32,30.2,30,30.1,.8,.3,242,65,5.4,14.5,6,4.3,.95,6.1
2020,271,12,37.4,20.9,29.1,45.2,7.9,21.9,3.38,21.48,0,34.9,29,31.9,30.1,29.9,30,.8,.4,244,57,5.1,14.1,6,4.1,.81,3.9
2020,272,12,38.3,19.7,29.4,45.8,9.1,20.8,3.54,20.81,0,35.3,29.1,32.1,30.1,29.9,30,.7,.1,211,77,3.9,13.7,5.8,3.9,.79,3.5
2020,273,12,37.9,20.8,29.4,44.4,9.6,21.3,3.43,20.71,0,34.9,29.2,32.1,30.1,29.9,30,.8,.3,135,66,6.1,14.2,5.8,4.1,.81,3.9
2020,274,12,38.8,19.6,29.5,47.9,8,20.5,3.58,20.72,0,35.3,29.2,32.2,30.1,29.9,30,.8,.2,218,71,4.2,13.8,5.9,4,.76,2.9
2020,275,12,40,19.5,29.7,42.8,5.4,18.9,3.76,20.95,0,35.4,29.3,32.3,30.1,29.9,30,.8,.3,228,63,4.1,13.8,6,4,.69,1.4
2020,276,12,39.7,19.4,29.5,40.1,5.1,17.5,3.78,20.65,0,35.2,29.1,32.2,30.1,29.9,30,.7,.2,245,64,4.2,13.7,5.8,3.7,.63,.3
2020,277,12,38.7,18.3,28.1,40.4,5.2,19,3.43,20.71,0,34.6,28.7,31.7,30.1,29.8,29.9,.8,.3,199,67,4.3,13.2,5.9,3.9,.63,.3
2020,278,12,38.8,17.3,28.2,30.1,4.8,15.4,3.56,20.3,0,34.3,28.2,31.2,29.9,29.6,29.8,.9,.3,123,65,4.6,12.8,5.9,3.9,.53,-2.1
2020,279,12,39.5,18.2,28.6,38.4,4.2,16.7,3.6,18.46,0,34.1,28.4,31.2,29.8,29.5,29.7,.6,0,159,80,4,13.2,5.1,3.3,.58,-1
2020,280,12,39.5,17.7,28.6,51.8,5.5,17.4,3.56,19.84,0,34.2,28.2,31.2,29.7,29.4,29.5,.6,.1,343,74,4.4,13.1,5.5,3.4,.6,-.4
2020,281,12,38.3,17,28.1,40.2,5.7,16.9,3.49,19.58,0,34,28.2,31.1,29.6,29.3,29.5,.7,.1,144,75,4,12.6,5.5,3.4,.57,-1
2020,282,12,36.5,19.5,27.9,42.8,8.1,17.8,3.32,19.21,0,33.5,27.8,30.7,29.5,29.2,29.4,.8,.1,116,76,4.2,13.5,5.4,3.6,.64,.6
2020,283,12,35.9,21.8,28.1,31.8,9,18.9,3.25,19.52,0,33.5,28.2,30.8,29.4,29.1,29.2,1,.4,167,61,5.2,14.4,5.6,3.8,.69,1.6
2020,284,12,33.6,19.8,26.6,33.2,12.7,22.4,2.83,19.04,0,33.1,28,30.5,29.3,29,29.2,1,.2,238,74,7.7,13.1,5.3,3.7,.75,2.8
2020,285,12,33.2,18.6,25.6,40.2,14.6,25.9,2.59,18.55,0,32.8,27.5,30.1,29.1,28.9,29,.9,.1,233,75,4.6,12.5,5,3.6,.82,4.1
2020,286,12,36.2,17.5,26.3,52,9,25.6,2.83,18.67,0,32.8,27.2,30,29,28.7,28.9,.6,.2,218,71,3.5,12.5,4.9,3.2,.79,3.5
2020,287,12,37.4,16.5,26.6,43.7,7.2,22,3.02,18.95,0,32.8,27.1,30,28.8,28.6,28.7,.7,.1,245,73,3.7,12.3,5,3.2,.7,1.7
2020,288,12,36.6,15.9,26.4,45.9,7.1,21.2,3,18.88,0,32.5,26.9,29.7,28.7,28.5,28.6,.7,.3,218,60,4.3,11.8,5.1,3.3,.66,1
2020,289,12,36.2,16.7,26.3,45.2,10.1,23.6,2.83,17.94,0,32.3,26.8,29.5,28.6,28.4,28.5,.7,.2,228,69,4.1,12.1,4.9,3.2,.77,3.2
2020,290,12,38.2,18.5,27.9,36.7,5.8,18.9,3.36,18.11,0,32.5,27,29.7,28.5,28.2,28.4,.7,0,9,80,3.4,13.2,5.2,3.2,.64,.5
2020,291,12,34.2,16.5,25.4,44.3,9.8,21.8,2.76,16.67,0,31.5,26.8,29.2,28.4,28.2,28.3,.6,.2,220,71,4,11.7,4.5,2.9,.66,1
2020,292,12,34.5,15.5,24.9,39.2,7.5,20.4,2.75,17.79,0,31,25.8,28.4,28.2,27.9,28.1,.7,.1,160,77,3.5,11.3,4.8,3,.59,-.5
2020,293,12,34.7,15.3,25.1,46.1,9.5,22.7,2.71,17.04,0,30.8,25.7,28.2,28,27.7,27.9,.6,.2,166,66,3,11.2,4.5,2.8,.67,1.3
2020,294,12,35,16.3,24.9,45,9.9,24.2,2.62,17.18,0,30.7,25.5,28.1,27.8,27.5,27.7,.6,.1,200,74,3.3,11.7,4.5,2.8,.7,1.9
2020,295,12,35.1,16.2,24.6,49.1,8.9,24.2,2.61,16.63,0,30.4,25.3,27.8,27.6,27.3,27.5,.6,.2,82,68,2.5,11.7,4.3,2.6,.69,1.6
2020,296,12,33.1,16.5,24.9,40.5,16.5,25.7,2.49,16.81,0,30.2,25.2,27.7,27.4,27.2,27.3,.9,.2,98,71,4.3,11.4,4.6,3.1,.8,3.6
2020,297,12,32.4,17.7,24.8,57,21,36.8,2.11,16.38,0,30.4,25.6,27.9,27.3,27.1,27.2,.6,.2,166,66,4.2,11.9,4,2.8,1.13,8.7
2020,298,12,29.1,19.4,23.5,52,23.5,39.1,1.84,10.62,0,28.6,25.3,26.8,27.2,27,27.1,.6,.1,179,76,3.2,11.5,2.5,2.2,1.11,8.5
2020,299,12,28.6,18.4,23.3,58,33.1,41.6,1.71,13.34,0,28.1,24.8,26.4,27,26.6,26.8,2,1.5,242,41,8.1,10.8,3.9,3.8,1.19,9.4
2020,300,12,20.7,10.2,16.2,56.7,8.4,23.7,1.4,15.91,0,27,24.1,25.5,26.7,26.4,26.6,2.4,.7,315,68,8,3.2,4.3,3.8,.45,-6.7
2020,301,12,19.3,8.8,13.2,45.3,14.9,23.3,1.2,16.5,0,24.2,20.7,22.6,26.4,25.7,26.1,1.7,.4,48,72,7.1,2.4,3.9,3.1,.35,-7.8
2020,302,12,21.1,6.5,13.4,54.1,17.2,36.2,1.06,16.34,0,23.3,19.4,21.4,25.7,24.9,25.3,.7,.2,129,67,3.8,2.8,3.2,2.1,.53,-2.1
2020,303,12,27.8,7.5,18.1,59.4,13.4,29.3,1.67,16.45,0,23.5,19.1,21.2,24.9,24.4,24.7,1,.7,109,43,5.9,6,4.1,2.7,.56,-1.2
2020,304,12,29.9,11.5,20.6,53.4,12.7,29.5,1.91,15.15,0,24,19.9,21.9,24.4,24.2,24.3,.6,.3,110,52,4,8.1,3.6,2.2,.66,1
2020,305,12,29.4,13.9,20.7,55.9,14.6,30.1,1.85,11.18,0,23.4,20.5,21.9,24.2,24,24.2,.4,.1,238,72,3.5,8.8,2.6,1.9,.7,1.8
2020,306,12,34.1,15.3,25.1,51,10.4,24.1,2.69,14.44,0,25,21,22.9,24.1,24,24,1.3,1.1,110,32,6.1,11.1,4.5,3.5,.7,1.8
2020,307,12,33.4,20,25.8,34.4,10.6,21.2,2.74,11.89,0,25.3,22.7,23.9,24.2,24,24.1,1.5,1.3,104,28,6.7,13.2,4.1,3.7,.67,1.2
2020,308,12,32.4,15.6,23.6,51.9,12.9,27.4,2.3,14.11,0,24.7,21.4,23.1,24.3,24.1,24.2,.7,.3,147,60,5.2,10.8,3.7,2.5,.76,2.9
2020,309,12,32.8,13.7,23,55.7,14.9,32,2.12,15.21,0,24.1,20.9,22.6,24.2,24,24.1,.6,.2,266,69,3.3,10,3.8,2.3,.85,4.5
2020,310,12,35.2,14.4,25.2,51.3,10.1,24.5,2.72,15.02,0,24.1,20.6,22.4,24,23.8,24,.9,.7,112,40,5.8,10.9,4.4,2.9,.71,2.1
2020,311,12,30.7,21.4,25.4,46.9,11.5,22.4,2.56,5.94,0,23.5,21.3,22.5,23.9,23.8,23.8,1.2,.8,124,50,9.4,13.2,2.4,3,.72,2
2020,312,12,27.2,13.6,21.1,51,16.4,32.6,1.73,13.23,0,23.7,21.9,22.8,23.8,23.7,23.8,3.1,2.3,247,39,11.1,7.6,4.4,4.5,.82,3.5
2020,313,12,17.4,7.7,13.7,66.1,33.7,46.4,.87,10.51,0,22.2,19.2,20.5,23.7,23.3,23.6,1.8,1.4,238,40,10,1.4,2.3,2.2,.71,2.1
2020,314,12,16,6.6,10.9,91.7,27,55.5,.63,11.86,.25,20.2,17.8,18.8,23.3,22.7,23,.8,.4,290,55,6.2,.8,1.9,1.6,.69,1.5
2020,315,12,18.3,4.7,11.1,69.2,15.6,39.8,.9,14.96,0,18.7,15.5,17.1,22.7,22,22.4,.7,.3,350,61,4.4,1.6,2.8,1.7,.48,-3.6
2020,316,12,21.7,3.5,12.1,62.4,12.9,34.1,1.06,14.73,0,18.5,14.7,16.6,22,21.3,21.7,.4,0,111,79,2.9,2.8,2.8,1.5,.44,-4.6
2020,317,12,23,5.2,13.1,55.3,12.9,33,1.13,12.6,0,18.6,14.8,16.6,21.4,20.9,21.2,.4,.1,133,74,2.9,3.5,2.4,1.5,.46,-3.9
2020,318,12,23.9,6.6,14.5,54,12.4,31.7,1.27,14.06,0,19,15.1,17,20.9,20.7,20.8,.6,.1,241,76,3.9,4.1,2.9,1.7,.48,-3.3
2020,319,12,24.4,6.9,15,53,14.7,30.5,1.29,14.15,0,19,15.3,17.1,20.7,20.5,20.6,.7,.2,33,67,3.2,4.4,3,1.9,.49,-3
2020,320,12,27.5,6.2,16.3,55.8,9.2,28.5,1.52,14.29,0,18.9,15,16.9,20.5,20.3,20.4,.5,0,31,78,2.7,5.7,3.1,1.7,.47,-3.5
2020,321,12,32.6,8.7,19.5,48,5.1,23.3,2.04,14.29,0,19.8,15.3,17.4,20.3,20.2,20.3,.6,.3,105,59,4.6,8.2,3.6,1.9,.47,-3.7
2020,322,12,31.8,11,20.8,52.5,7.2,24.8,2.09,13.75,0,20.2,16.2,18.1,20.3,20.2,20.2,.7,.3,142,62,4.9,8.5,3.5,2.1,.56,-1.3
2020,323,12,31.2,12.9,20.9,48.9,10.5,27.7,1.98,13.2,0,20.3,16.8,18.5,20.4,20.2,20.3,.6,.1,55,77,3,9.2,3.3,1.9,.64,.6
2020,324,12,29.9,13,20.3,51.4,11.8,32.5,1.78,13.29,0,20.1,16.9,18.5,20.4,20.3,20.4,.6,.1,354,77,4.4,8.7,3.2,1.9,.73,2.3
2020,325,12,30.7,12.4,20.7,61.2,15.4,31.4,1.85,12.47,0,21,17,18.9,20.4,20.3,20.4,.4,.1,64,69,2.6,8.7,2.8,1.5,.73,2.3
2020,326,12,29,12.7,20.1,64.4,22.9,41.4,1.52,11.92,0,21.5,18.1,19.7,20.5,20.3,20.5,.5,.2,267,65,2.9,8.1,2.7,1.7,.93,5.9
2020,327,12,27.7,12.4,19,68.7,26.8,48.6,1.27,10.05,0,21.5,18.2,19.9,20.7,20.5,20.6,.3,.1,336,73,2.4,7.3,1.9,1.4,1.02,7.2
2020,328,12,25.1,11.3,17.4,65.4,14.7,39.9,1.31,11.02,0,20.9,18.1,19.5,20.7,20.6,20.7,.8,.3,251,61,4.8,5.6,2.5,1.8,.75,2.4
2020,329,12,21.5,6.9,13.6,58.5,13.5,32.3,1.14,13.31,0,19.3,16,17.6,20.7,20.3,20.6,.6,.2,229,70,3.8,3.1,2.7,1.4,.48,-3.4
2020,330,12,21.1,4.9,12.4,54.4,14.9,32.7,1.08,13.2,0,18.1,14.6,16.4,20.3,19.9,20.1,.5,.1,156,76,4,2.7,2.6,1.3,.44,-4.4
2020,331,12,21.1,4,12.5,60,15.5,32,1.1,12.92,0,17.6,14,15.8,19.9,19.4,19.7,.7,.3,260,61,4.6,2.6,2.7,1.6,.44,-4.6
2020,332,12,17.7,3.4,10.6,54.9,22.8,37.7,.85,12.62,0,16.9,13.5,15.3,19.4,19,19.3,.6,.3,217,58,4.7,1.3,2.3,1.3,.47,-3.7
2020,333,12,21,3.8,11.8,62.5,19.4,39.9,.95,12.98,0,16.9,13,14.9,19,18.7,18.9,.5,.1,300,76,3.3,2.6,2.4,1.3,.51,-2.3
2020,334,12,23.7,3.6,12.9,59.8,10,31.7,1.19,13.17,0,16.8,12.9,14.8,18.7,18.4,18.6,.4,.1,11,71,3,3.6,2.6,1.3,.41,-5.3
2020,335,12,22.8,5.1,14,48.5,11.2,25.5,1.3,12.42,0,17,13.1,15,18.4,18.2,18.3,.7,.5,100,47,5,3.5,2.8,1.6,.38,-6.4
2020,336,12,21.1,4.5,12.1,56.9,13.5,30.9,1.08,12.77,0,16.5,12.9,14.7,18.3,18,18.2,.6,.1,296,73,3.5,2.6,2.6,1.4,.41,-5.5
2020,337,12,20.3,4.7,12.6,44.9,7.9,21.1,1.25,12.93,0,15.8,12.3,14.2,18.1,17.8,18,1.7,1.5,58,29,7.8,2.3,3.4,2.6,.27,-10.9
2020,338,12,18.7,5.1,12.4,44.2,8.3,18.6,1.22,12.8,0,16,13.2,14.5,17.8,17.6,17.7,1.6,1.3,51,36,7.2,1.8,3.2,2.4,.25,-11.6
2020,339,12,19,1.2,9.5,48,8.2,24.1,1,12.71,0,14.3,11,12.8,17.7,17.3,17.5,.6,.1,277,71,3.8,1.6,2.5,1.3,.26,-11.2
2020,340,12,21.1,2.5,10.7,44.9,8.6,24.7,1.1,12.56,0,14.5,10.5,12.5,17.3,16.9,17.1,.6,0,186,79,2.9,2.5,2.5,1.3,.29,-9.9
2020,341,12,22.5,2.2,11.6,50.6,10.1,26.6,1.14,12.52,0,14.9,10.9,12.8,16.9,16.6,16.8,.5,.1,8,69,2.8,3,2.5,1.2,.33,-8.2
2020,342,12,26.1,3.8,14.6,47.5,5.9,22.6,1.54,11.29,0,15.1,11.2,13.2,16.7,16.5,16.6,1.4,1.1,103,37,8.2,4.7,3.3,2.6,.31,-9.1
2020,343,12,26.3,5.9,16.3,41.6,5.8,18.3,1.67,11.31,0,15.9,12,13.9,16.6,16.5,16.6,1.1,.9,98,32,7.1,5,3.1,2.2,.31,-9.2
2020,344,12,27,7.7,16.6,46.5,9.5,23.9,1.59,11.21,0,16.5,12.5,14.5,16.7,16.5,16.6,.8,.3,150,62,6.5,5.8,2.8,1.8,.43,-5
2020,345,12,15.8,9.5,12.1,99.8,42.3,85.3,.23,4.26,13.21,16.1,14.3,15.3,16.9,16.6,16.8,1,.1,274,75,3.9,.9,.1,.9,1.19,9.4
2020,346,12,17.3,7.1,11.9,99.9,49.8,80,.34,9.9,.25,15.1,12.2,13.7,16.9,16.7,16.8,.5,.2,114,58,3.3,1.3,1.3,1,1.09,8.2
2020,347,12,18.4,5.2,11.7,93.6,20.3,60.4,.63,11.34,0,14.1,11.3,12.9,16.7,16.4,16.6,1.3,.4,358,66,7.9,1.7,2.1,1.6,.78,3
2020,348,12,16.4,1.2,9.5,52.9,9.8,26.5,.92,11.99,0,12.8,9.4,11.1,16.4,15.9,16.2,1.3,.9,67,42,5.5,.8,2.6,1.8,.3,-9.9
2020,349,12,16,3.3,9.7,67.7,17.9,36.9,.82,11.85,0,12.2,8.9,10.4,15.9,15.4,15.7,1,.4,248,62,5.3,.7,2.4,1.5,.42,-5.3
2020,350,12,17.4,1,9.4,73.6,16.9,40.3,.79,12.43,0,12.1,8.5,10.3,15.4,15.1,15.3,.7,.1,323,72,4.3,1.1,2.2,1.3,.44,-4.6
2020,351,12,17.5,.6,8.6,68.8,14.3,40.6,.77,12.21,0,11.8,8.1,10,15.1,14.8,15,.5,.2,287,65,3.2,1.1,2.1,1.1,.41,-5.4
2020,352,12,16.2,2.3,8.7,67.9,21.9,46.1,.69,6.83,0,11.2,8.2,9.8,14.8,14.5,14.7,.4,.1,41,69,2.8,.8,1,1,.49,-3.1
2020,353,12,18.4,1.8,9.4,72,22.8,47,.73,11.95,0,11.8,7.9,9.8,14.5,14.2,14.4,.8,.2,234,69,3.9,1.5,2.1,1.3,.51,-2.4
2020,354,12,19.5,2,9.8,76.2,20.4,48.6,.74,12.08,0,12.1,8.3,10.1,14.3,14.1,14.2,.6,.1,165,74,3.7,1.8,2,1.2,.54,-1.7
2020,355,12,20.9,.8,10,78.3,14.5,44.5,.84,12.19,0,12.1,8.2,10.1,14.2,14,14.1,.5,.2,5,66,2.8,2.3,2.1,1.2,.48,-3.3
2020,356,12,24.4,4.8,13.1,56.7,14.3,36.5,1.13,12.03,0,13.1,8.8,10.8,14.1,14,14.1,.7,0,298,80,3.1,4,2.5,1.6,.5,-2.7
2020,357,12,21.7,4.5,11.8,63.8,12.9,37.9,.99,11.12,0,13.2,9.5,11.3,14.2,14,14.1,.6,.2,50,70,2.8,2.9,2.1,1.3,.48,-3.5
2020,358,12,20.4,3.2,11,63.2,4.6,28.4,1.09,11.83,0,12.4,9.1,10.8,14.2,14.1,14.2,1.6,1.4,39,31,7.7,2.2,3.1,2.4,.3,-10.9
2020,359,12,14.7,2.4,8.6,44.8,8.9,20.6,.92,6.51,0,11.2,8.4,9.9,14.1,13.9,14.1,.7,.3,36,60,5.7,.3,1.3,1.3,.22,-13.6
2020,360,12,22.5,4,12.2,64.5,8.4,27.1,1.16,11.75,.25,12.8,8.8,10.5,13.9,13.7,13.8,.7,.1,55,72,3.3,3.2,2.4,1.4,.35,-7.7
2020,361,12,21.1,3.2,11.3,60.1,10.6,30.6,1.06,12.28,0,12.9,9.1,11,13.9,13.7,13.8,.6,.2,80,68,2.3,2.6,2.4,1.3,.37,-6.9
2020,362,12,21.9,3,12.5,63.5,17.4,35.4,1.06,10.21,0,12.9,9.1,11.1,13.9,13.8,13.9,.7,.1,2,72,4.8,2.8,2,1.4,.48,-3.3
2020,363,12,18.4,6,12.5,68.7,25.3,42.5,.89,11.18,.25,13.8,11.1,12.4,14.1,13.8,14,1.4,.8,279,55,8.2,1.7,2.4,1.9,.59,-.4
2020,364,12,15.4,3.8,9.1,70.6,32,51.7,.61,10.3,0,12.6,9.6,11.1,14.2,14,14.1,.6,.2,336,67,4.2,.5,1.6,1.1,.58,-.8
2020,365,12,17.9,3,10.2,49.1,8.6,27.6,.99,12.6,0,12,8.7,10.4,14,13.8,13.9,1,.5,34,54,4.6,1.3,2.6,1.6,.31,-9.3
2020,366,12,15.6,1.8,8.6,48.4,16,30.5,.83,8.28,0,11.2,8.1,9.8,13.8,13.5,13.7,.9,.7,101,38,5,.5,1.6,1.4,.33,-8.3