2021,1,1,16.5,-1.6,7.5,60.9,17.8,36.2,.76,13.57,0,10.7,3.9,6.9,9.1,8.8,9,1.1,.4,294,50,5.3,.8,2.6,1.7,.35,-7.5
2021,2,1,17.2,-2.8,6.5,68.2,15.4,39.6,.73,12.61,0,10,3.2,6.1,9.1,8.6,8.8,1.3,.3,333,63,5.8,.9,2.4,1.9,.34,-7.8
2021,3,1,18.4,-3.7,6.7,66.5,14.6,37.8,.76,13.6,0,10.1,3,6,8.9,8.3,8.6,1.2,.2,296,60,6.9,1.2,2.7,1.9,.33,-8.2
2021,4,1,21.3,-2.4,8.3,67.3,16.1,39.4,.85,13.75,0,11.1,3.2,6.6,8.7,8.1,8.5,.8,.3,288,46,5.8,2.3,2.7,1.7,.39,-6
2021,5,1,20.8,0,9.4,67,16.4,39.5,.89,13.91,0,10.9,3.8,7,8.7,8.3,8.6,1.6,.6,287,51,8.2,2.2,3.2,2.4,.42,-5.2
2021,6,1,20.8,-3.5,7.7,76.1,10.8,40,.85,14.18,0,10.7,3.3,6.6,8.8,8.2,8.6,.9,.5,293,36,6.8,2,2.8,1.8,.35,-7.4
2021,7,1,22,-2.1,8.2,56.5,9.3,32.4,.94,13.86,0,10.9,3.3,6.6,8.7,8.2,8.5,.8,.3,293,44,4.7,2.5,2.8,1.7,.3,-9.4
2021,8,1,23.3,-1.8,9.7,55.3,6.8,29.1,1.07,13.64,0,11.7,3.3,7.1,9.8,7.5,8.6,1,.3,313,53,6.1,3,3,2.1,.3,-9.4
2021,9,1,17.4,-1.4,7.5,54.2,14.3,31.8,.83,14.3,0,9.9,3.7,6.5,8.8,8.3,8.6,2,1.1,292,47,9.4,1,3.4,2.6,.3,-9.5
2021,10,1,17.3,-4.4,6.4,62.8,17.3,35.8,.75,14.32,0,10,2.8,5.8,8.6,8,8.3,.9,.1,184,59,7.8,.9,2.6,1.7,.32,-8.7
2021,11,1,16.6,2,10.6,59.2,15.7,28.6,.97,14.05,0,9.3,3.6,6.1,8.3,7.7,8.1,3.2,2.7,93,30,11.8,.8,3.9,3.2,.35,-7.5
2021,12,1,17.6,-1.2,8.6,57.3,13.5,31.5,.87,14.69,0,10.7,3.2,6.4,8.2,7.9,8.1,1.3,.1,114,64,8,1.1,2.9,2,.33,-8.3
2021,13,1,20.1,-6.2,6.5,65.9,7,32.6,.87,14.69,0,9.6,2.7,5.6,8.3,7.7,8,.9,.3,289,48,6.9,1.7,2.9,1.9,.26,-11.2
2021,14,1,22.1,-1.8,9.3,49.4,9.3,27.8,1.04,13.96,0,10.8,3.1,6.4,8,7.6,7.9,.9,.2,299,57,4.4,2.6,2.9,2,.29,-9.8
2021,15,1,23.2,.2,10.5,58.1,9.1,29.4,1.11,14.88,0,11.4,3.4,7,8.2,7.8,8,1.1,.3,282,58,6,3.1,3.3,2.2,.32,-8.6
2021,16,1,25.4,-.2,11.2,51,6.3,25.2,1.27,14.29,0,11.8,3.8,7.3,8.5,7.3,8.1,1.4,.6,289,48,8,3.9,3.6,2.8,.27,-10.5
2021,17,1,26.4,-2.8,10.4,50.6,4.3,25.9,1.25,15.36,0,12.3,3.6,7.4,8.6,8.2,8.4,.7,.2,280,48,5.2,4.2,3.4,2,.27,-10.8
2021,18,1,24.4,-.3,12.4,42.8,7.3,21.4,1.37,14.87,0,12.2,3.7,7.7,8.7,8.2,8.5,1,.2,357,56,5.5,3.6,3.5,2.3,.27,-10.8
2021,19,1,23.1,5.8,15.9,51.9,12.9,26.3,1.41,6.94,0,11.4,6.9,9,9,8.6,8.8,2,1.6,99,32,8.8,3.7,2.4,3.2,.46,-3.9
2021,20,1,21.4,12.1,16.5,86.5,26.8,41.6,1.13,12.01,.25,13.2,7.3,10,9.5,9,9.2,3.3,3,106,20,7.3,4.1,3.4,3.6,.77,3.2
2021,21,1,20.6,6.9,13.6,98.3,36.3,70,.52,11.6,.25,14.1,9.3,11.3,10.1,9.5,9.7,2.1,1.5,114,39,9.1,2.7,2.1,2.1,1.07,7.9
2021,22,1,20.1,3.3,11.3,100.3,33.9,68.8,.56,14.28,0,14.3,6.9,10.3,10.2,10,10.1,1,.4,126,48,6.8,2.1,2.3,1.8,.86,4.7
2021,23,1,19.9,4.6,12.2,92.2,28.3,59.7,.68,12.33,0,13.3,7,10,10.3,10,10.2,1.7,.3,185,68,6.2,2.2,2.4,2.2,.79,3.6
2021,24,1,12.3,5.6,8.5,94.1,45.5,77.2,.27,6.52,4.06,11.7,8.7,9.9,11.1,10.3,10.5,1.4,.1,269,69,9.4,0,.7,1.2,.84,4.5
2021,25,1,11.7,2.5,6.2,95.5,48.3,80.7,.21,5.75,7.11,9.5,7,8,10.6,9.9,10.2,2.5,.8,140,67,9.7,0,.5,1.3,.75,2.9
2021,26,1,9.7,.7,4.5,100,43.4,80.6,.19,8.97,4.57,9.5,5.1,7,10,8.7,9.5,1.3,.6,100,55,6.8,0,.8,1.1,.67,1.2
2021,27,1,16.1,-.9,7.8,95.9,21.3,54.6,.61,16.06,0,11.2,3.6,7.1,9.3,8.9,9.1,1.6,1.5,103,23,6,.7,3,2.2,.52,-2.2
2021,28,1,22.4,3.3,12.7,83.7,15,42.2,1.01,11.97,0,11.3,5.4,8.1,9.2,8.9,9.1,1.8,1.6,108,23,6.7,3,2.9,2.8,.55,-1.5
2021,29,1,21.8,7.7,13.3,97.8,12.7,52.1,.88,13.27,5.08,12.6,7.1,9.4,9.6,9.2,9.3,2.5,1,232,57,11.9,3.3,3.3,3.2,.72,2.2
2021,30,1,15.3,1.9,8.8,100.3,36.9,76.8,.35,16.48,0,13.5,6,9.5,9.8,9.5,9.6,1.2,.9,277,29,6.6,.5,2.6,1.7,.83,4.3
2021,31,1,23.4,.5,11.1,100.3,18.2,65.1,.76,16.68,0,13.9,5.1,9.2,9.9,9.5,9.7,.8,.6,96,29,5.5,3.2,3.2,2.2,.73,2.5
2021,32,1,23.7,8.5,15.6,77.6,15.3,40.5,1.2,9.1,0,12.9,7.7,10.1,10.1,9.8,9.9,1.3,.6,119,46,6.2,4.3,2.2,2.5,.65,.9
2021,33,1,24.7,9.8,15.8,78.4,17.4,49.8,1.07,9.44,0,14.7,9.1,11.6,10.6,10.1,10.3,.5,.4,80,24,3.8,5.1,1.8,1.7,.82,4.1
2021,34,1,26.3,11.4,18.5,71.9,18.7,42.8,1.39,15.85,0,16.9,10.3,13.1,11.3,10.6,10.9,1.4,.7,295,47,7.9,6.3,3.9,3,.85,4.5
2021,35,1,22.2,7.6,16.1,87.5,12.1,39.4,1.22,17.28,0,15.5,9.7,12.3,11.7,11.3,11.5,2.3,2,286,24,9,3.5,4.5,3.4,.66,1
2021,36,1,19.1,1.5,11.2,78.9,16.2,38.2,.95,17.46,0,14,6.5,10,11.7,11.1,11.4,1.7,1.1,289,43,6.5,1.7,3.8,2.8,.46,-4
2021,37,1,21.6,-.2,10.5,83.5,11.9,41.6,.95,17.88,0,14.3,5.5,9.5,11.3,10.7,11,1,.6,293,42,6.4,2.5,3.7,2.5,.45,-4.1
2021,38,1,23.5,-.5,11.3,81.6,5.7,39.2,1.09,18.02,0,15.8,5.2,10,15.1,10.3,11.7,1.2,.6,303,46,6.5,3.2,3.9,2.8,.42,-5
2021,39,1,24.7,1.9,12.3,64.3,8.6,34.7,1.19,18.15,0,15.3,6.1,10.4,11.7,10.9,11.2,.9,.4,64,48,4.6,3.9,3.8,2.6,.41,-5.3
2021,40,1,24.3,2.8,13,63.3,9.9,32.6,1.23,15.55,0,14.6,6.3,10.3,11.2,10.7,11,.9,.4,61,48,4.2,3.9,3.3,2.4,.42,-5.1
2021,41,1,23.4,8.1,14.9,70.6,15.6,32,1.27,16.46,0,15.8,8.4,11.4,11.3,10.9,11.1,1.2,.1,286,66,6.4,4.1,3.8,2.8,.51,-2.4
2021,42,1,23,3.3,13.3,72.1,14.3,38.7,1.12,18.23,0,15.7,7.4,11.2,11.4,11.1,11.3,1.1,.4,294,55,6.4,3.3,3.9,2.7,.53,-2
2021,43,1,23.7,5.2,14,60.3,15,38.7,1.13,14.64,0,14.9,7.9,10.8,11.5,11.1,11.3,2.5,1.4,291,50,9.7,3.8,4,3.9,.57,-1
2021,44,1,22.3,4.1,12.9,85.5,16.9,49.3,.89,13.58,0,14.1,7.7,10.6,11.5,11.1,11.3,2.2,.3,225,68,10.9,3.1,3.1,3.2,.68,1.4
2021,45,1,16,3.2,11.6,61.2,18.2,38.3,.88,18.18,0,14.7,8.2,10.9,11.4,11.1,11.3,2.9,2.7,280,21,9.4,.7,4.3,3.2,.51,-2.5
2021,46,1,17.5,.3,8.6,63.6,13.5,35.4,.84,16.39,0,13.6,5.4,9.3,11.4,10.8,11.1,1.3,.3,336,62,6.8,1.1,3.2,2.6,.35,-7.3
2021,47,1,18.7,4.3,11.8,45.8,15,30.7,1,8.37,0,11.2,7.3,8.8,11,10.6,10.8,2.7,1.6,290,47,12.2,1.7,2.7,3.3,.43,-4.8
2021,48,1,17.3,-.6,9.1,64.4,12.4,32.2,.9,18.11,0,11.8,4.3,7.8,10.7,10.1,10.4,2.7,2.1,290,33,11.2,1,4.5,3.5,.33,-8.3
2021,49,1,16.2,-1.6,7.8,56.3,12.4,32.2,.83,19.8,0,13.1,3.9,8,10.3,9.7,10,1,.1,137,65,4.5,.6,3.6,2.4,.3,-9.2
2021,50,1,21.9,-1.3,10,56.3,6.9,29.5,1.08,19.74,0,13.9,4.3,8.7,10.1,9.6,9.9,.9,.4,286,47,4.4,2.5,4,2.7,.31,-9.2
2021,51,1,27.1,1.2,14.6,55.8,4.5,24.4,1.58,20.09,0,14.4,5.6,9.7,10.3,9.8,10.1,2.7,1.8,280,40,10.9,4.8,5.8,5.2,.32,-8.7
2021,52,1,19.8,1.7,11.3,49.6,7.3,24.4,1.12,20.4,0,14.7,5.6,9.7,10.5,10.1,10.3,1.5,.6,291,52,8.2,1.9,4.4,3.2,.3,-9.5
2021,53,1,24.2,-2.1,11.5,55.1,6,25.4,1.3,20.74,0,14.3,4.7,9.2,10.6,10.1,10.4,1.2,.8,283,34,6.6,3.3,4.8,3.4,.27,-10.5
2021,54,1,26.1,.2,12.8,48.6,4.7,23.6,1.43,20.89,0,15,5.2,9.8,10.6,10.1,10.4,1.3,.5,310,51,6.6,4.2,5,3.7,.28,-10.2
2021,55,1,25.4,2,13.1,45.3,7.1,23.8,1.42,20.8,0,15.2,5.6,10.1,10.7,10.3,10.5,1.3,.3,342,59,7.2,4.2,4.9,3.6,.3,-9.4
2021,56,1,20.7,1.7,11.4,47.1,9,22.7,1.18,20.67,0,13.7,6.1,9.6,10.9,10.5,10.7,2.3,1.6,298,37,8.9,2.3,5.3,4.1,.27,-10.6
2021,57,1,20.6,-2,8.9,53.5,7.1,28.2,1.01,21.07,0,14.3,4.5,9,10.8,10.2,10.5,.9,.4,273,44,5.6,2.1,4.3,2.9,.27,-10.5
2021,58,1,22.9,1.7,12.3,48.4,6.2,22.1,1.32,21.46,0,14.4,5,9.4,10.6,10.1,10.4,1.9,.9,294,56,7.9,3.2,5.2,4.1,.26,-11.2
2021,59,1,13.1,.4,8.8,43.4,6.6,18.6,.96,21.19,0,11.9,5.3,8.3,10.6,9.7,10.3,3,2.7,302,22,12.3,0,5.1,3.7,.19,-14.8
2021,60,1,18.7,-3,9.9,45.1,9,17.3,1.15,21.46,0,12.4,3.8,7.7,10.4,9.7,10,2.1,.4,298,66,8.2,1.3,4.9,3.8,.2,-14.5
2021,61,1,24.8,6.6,16,40.8,5.6,15,1.66,21.65,0,14.7,5.7,9.7,10.2,9.7,9.9,3,2.8,113,21,10,4.5,6.2,5.6,.25,-11.5
2021,62,1,28.2,4.8,16,53.9,5.7,23.6,1.63,18.52,0,14.4,5.9,10,10.4,10,10.2,2.3,.9,156,59,10.4,5.8,5.3,5,.4,-5.6
2021,63,1,19,5.6,12.8,78.6,28.8,49.7,.83,20.72,0,15.4,7.3,11,10.8,10.4,10.5,1.9,1.3,292,38,8.3,1.9,3.5,3.3,.7,1.9
2021,64,1,26.8,2.6,15.9,79.2,6.9,35.3,1.54,22.47,0,16.8,6.9,11.6,11.1,10.6,10.8,1.6,1.1,84,40,6.9,4.9,5.3,4.3,.48,-3.3
2021,65,1,28.2,10.7,20,42,8.5,18.9,2.01,22.4,0,17.6,8.8,12.8,11.6,11.1,11.3,2.2,2,111,23,7.7,7,6.3,5.3,.42,-5
2021,66,1,30.5,5.5,17.9,56.8,7.2,26.7,1.86,19.55,0,17.4,8.7,13,12,11.6,11.7,.9,.3,86,49,6.1,6.9,4.7,3.6,.45,-4
2021,67,1,28.2,14.1,20.4,36.5,6.4,18.7,2.05,13.62,0,16.6,11.4,13.4,12.4,12,12.2,1.6,.5,236,58,7.9,8.4,4.1,4.1,.42,-4.9
2021,68,1,25.1,9.5,18.4,39.8,7.2,23.4,1.69,13.03,0,15.6,11.3,13.1,12.7,12.4,12.5,2,.8,240,55,9.6,5.2,3.9,4.2,.47,-3.5
2021,69,1,20.3,2.4,12.3,65.9,14.3,33.7,1.08,22.73,0,16.3,7.8,11.8,12.7,12.2,12.4,1.6,1,298,40,9.2,2.2,5,3.7,.43,-4.6
2021,70,1,21.1,3.3,12.5,50.4,12.8,32.2,1.11,23.32,0,16.1,7.2,11.4,12.5,12,12.3,2.3,.9,257,60,10.9,2.6,5.4,4.4,.44,-4.6
2021,71,1,17.9,5.8,11.1,88.6,17.5,50.9,.72,20.01,0,16,9.1,12,12.4,12.1,12.2,2.8,2,281,41,10.2,1.5,4.3,3.7,.64,.6
2021,72,1,12.7,1.6,7,100.3,32.2,74.1,.32,14.26,15.49,13.6,8.5,10.8,12.4,12,12.2,1.9,.3,270,68,7.8,0,2,2.1,.71,2.1
2021,73,1,18.4,4.1,10.8,98.3,23.1,59.1,.66,23.29,0,15.8,7.7,11.3,12.1,11.6,11.8,1.5,1,302,38,9.4,1.5,4.5,3.3,.69,1.7
2021,74,1,21.7,4.6,13.3,84.2,12.7,39.6,1.1,15.12,0,13.9,7.5,10.8,12,11.6,11.8,1.5,.9,97,47,7.6,2.9,3.1,3.3,.51,-2.5
2021,75,1,13.9,3,9.2,94.8,17.6,47,.68,20.24,.51,14.6,8.2,10.8,11.9,11.5,11.7,2.5,1.9,289,36,10.5,.2,4,3.2,.51,-2.6
2021,76,1,21.7,-1.1,10.7,96.3,14.9,48.4,.92,24.38,0,17,5.9,11.1,11.8,11.2,11.5,1,.5,290,45,5.5,2.5,4.8,3.5,.52,-2.2
2021,77,1,26.9,2.7,15.5,84.6,7.4,36.4,1.47,24.17,0,18.9,7.7,13,12,11.5,11.7,1.3,.7,290,46,6.4,4.9,5.6,4.3,.5,-2.6
2021,78,1,28.1,4.6,16.9,72.6,7.4,32.4,1.64,24.5,0,19.9,9.1,14.2,12.6,12,12.2,1.5,.8,294,47,6.4,5.7,6.1,4.8,.5,-2.8
2021,79,1,28.1,6.6,18.4,61.6,12.1,30,1.78,24.51,0,20.8,9.8,15.1,13,12.5,12.7,1.6,.9,297,45,7.5,6,6.2,4.8,.55,-1.5
2021,80,1,26.2,10.4,18.9,68.4,5.4,27,1.74,24.14,0,21.2,12.5,16.4,13.7,13,13.3,2.1,1.7,282,27,9.4,5.9,6.5,5.2,.52,-2.1
2021,81,1,18.8,6,13.2,39.3,8.4,18.9,1.28,25.28,0,19.1,10.8,14.6,13.9,13.4,13.6,2.6,2.4,302,21,11.1,1.8,6.3,4.9,.27,-10.9
2021,82,1,22.5,5,12.1,94.1,11.6,37.8,.99,18.3,.25,17.7,9.1,13,13.7,13.1,13.4,2.8,.7,285,67,13.3,3.3,4.8,4.7,.5,-2.7
2021,83,1,17.7,7.1,11.7,95,25.5,55.2,.68,17.47,0,15.8,10.7,12.8,13.3,12.9,13.1,2.1,1.8,293,27,8.9,1.5,3.5,3.3,.72,2.3
2021,84,1,20.1,6.1,13.5,62.2,10.6,32.2,1.18,18.29,0,15.1,8.3,11.7,13.1,12.5,12.8,2.3,1.2,182,54,8.1,2.4,4.5,4.2,.44,-4.3
2021,85,1,18.8,6.9,13.2,49.9,22.1,37,.99,22.4,0,16.9,8.2,12.3,12.7,12.3,12.5,2.7,1.6,307,50,10,1.9,5.1,4.4,.55,-1.3
2021,86,1,23.1,3.9,14.4,79.2,11.5,41.1,1.16,25.54,0,18.3,8.7,13.3,12.8,12.4,12.6,1.9,1.3,320,38,8.8,3.5,5.8,4.5,.59,-.5
2021,87,1,27.7,4.2,18.1,68.3,8.8,27.7,1.85,26.26,0,18.3,9.3,13.7,13,12.7,12.9,2.4,2.1,87,23,10.8,5.5,7.3,5.9,.45,-4.1
2021,88,1,30.7,7.7,20.2,45.1,6.4,20.5,2.14,22.52,0,19.7,10.1,14.8,13.4,12.9,13.1,1.4,.3,3,60,5.8,7.4,6,4.9,.42,-5.1
2021,89,1,29.6,10,20,36,3.6,17.5,2.18,26.64,0,21.1,10.5,15.6,13.8,13.3,13.5,2.5,1.1,289,56,13.2,7.5,7.9,6.6,.34,-8
2021,90,1,30.3,5.8,19,46.2,4.5,19.3,2.1,26.71,0,22.4,10.8,16.3,14.2,13.7,13.9,1.1,.2,342,59,5.3,7,6.7,4.9,.34,-7.7
2021,91,1,31.6,10.6,24.1,34,8,13.9,2.78,23.33,0,22.1,13.2,17.5,14.7,14.2,14.3,3.4,3.1,97,21,9,8.5,8.1,7.6,.38,-6.2
2021,92,1,31.2,13.6,23.7,39.9,9.4,18.3,2.56,26.23,0,23.3,14.4,18.6,15.3,14.7,14.9,1.6,.7,314,53,8,9.5,7.4,5.7,.5,-2.7
2021,93,1,32.5,10.6,22,42.1,9.8,22.3,2.36,26.42,0,23.5,13.4,18.3,15.6,15.1,15.3,1.3,.6,296,50,8.1,8.7,7,5.4,.52,-2.2
2021,94,1,34.3,10.8,23.4,47.4,6.5,21.8,2.64,26.67,0,24.2,13.8,18.8,15.9,15.4,15.6,1.3,.5,289,52,7.2,9.3,7.2,5.6,.52,-2.1
2021,95,1,34.2,10.8,22.3,42.4,4.9,18.9,2.5,23.36,1.52,23.9,14.4,18.8,16.2,15.8,16,1.4,.5,307,53,8.2,9.1,6.5,5.5,.43,-4.6
2021,96,1,29.9,13.5,22.3,37.1,6.6,18.2,2.38,26.43,0,23.6,14.7,18.9,16.5,16,16.2,2.1,1.8,292,25,10.2,8.9,7.7,6.2,.44,-4.4
2021,97,1,30.2,7.6,19.6,40.5,3.1,17.3,2.19,27.83,0,23.8,13.3,18.5,16.6,16.1,16.4,1.4,.8,305,41,9,7.2,7.3,5.5,.31,-8.9
2021,98,1,31.3,10.7,22.1,28.9,8.5,16.1,2.46,27.24,0,23.3,14,18.6,16.7,16.2,16.5,2.3,1.4,285,47,11.2,8.4,8.1,6.7,.41,-5.3
2021,99,1,30.6,10.8,21.4,44.8,6,21.6,2.26,27.61,0,24.1,14.6,19.1,16.9,16.4,16.6,1.5,.8,302,44,8.5,8.2,7.5,5.7,.48,-3.3
2021,100,1,32.1,8.2,22,37.1,5,15.3,2.59,27.66,0,23.6,13.7,18.6,17,16.5,16.7,1.9,.8,285,55,8.3,8,7.8,6.4,.33,-8
2021,101,1,31.7,10,22.2,36,7.3,18.7,2.45,22.83,0,22.5,14.2,18.4,17,16.6,16.8,1.2,.3,8,58,5.7,8.3,6,4.9,.45,-4.2
2021,102,1,31.9,13.9,23.7,47.9,6.9,24.5,2.45,27.54,0,24.7,15.2,19.7,17.3,16.8,17,1.8,.6,223,59,8.5,9.9,7.6,6.2,.63,.4
2021,103,1,30.7,12.1,22.8,54.7,6.8,25.1,2.32,26.42,0,24,15.6,19.7,17.5,17.1,17.3,2,.9,203,54,8.8,8.5,7.4,6.2,.59,-.4
2021,104,1,30,14.1,23,38.7,7,19.5,2.41,24.94,0,23.9,15.7,19.8,17.7,17.3,17.5,2.2,.6,214,65,8.3,9.3,7.1,6.3,.5,-2.8
2021,105,1,27.8,11.2,20.5,45.2,7.1,20.2,2.07,24.39,0,23.9,15.6,19.7,17.8,17.4,17.6,2.3,1.9,290,29,9.1,6.9,6.8,6,.44,-4.4
2021,106,1,25.4,11.3,19.6,35.1,8.5,16.5,1.98,17.48,0,21.5,16.2,18.9,17.9,17.5,17.7,1.3,.8,282,43,7.6,5.8,4.4,4.3,.35,-7.3
2021,107,1,27.1,5.3,17.9,47.5,6,19.1,1.91,28.79,0,24,13.4,18.6,17.7,17,17.4,1.4,.9,307,42,8.4,5.4,7.2,5.4,.33,-8.4
2021,108,1,26.4,7.1,18.8,39.7,10.2,21.9,1.82,22.85,0,22.2,14.3,18.4,17.6,17.1,17.3,1.8,.7,79,55,7.9,5.4,5.8,5.2,.46,-3.9
2021,109,1,27.9,10.4,20.3,53.4,10.1,27.4,1.9,28.45,0,24.4,15.1,19.6,17.6,17.1,17.3,1.6,.5,288,57,7.7,6.7,7.1,5.6,.6,-.3
2021,110,1,31.2,9.1,20.6,44.2,5.3,21.2,2.25,28.91,0,25,14.7,19.7,17.8,17.3,17.5,1.2,.1,262,67,6.8,7.8,7.3,5.6,.42,-5
2021,111,1,30.4,13.4,22.9,25.9,8.4,14,2.54,28.45,0,24.5,15.6,19.9,18,17.5,17.8,2.9,1.6,198,52,11.9,9.1,8.7,7.5,.38,-6.5
2021,112,1,27.4,9.4,20.2,39.2,4.9,17.6,2.09,26.23,0,23.3,15.6,19.5,18.1,17.7,17.9,2.5,1.2,251,53,10.7,6.2,7.5,6.4,.38,-6.5
2021,113,1,26.7,7.4,17.6,44,11.1,27.6,1.63,28.28,0,24.4,14.4,19.3,18.1,17.5,17.8,1.4,.6,308,47,8.1,5.5,6.7,5.3,.53,-2
2021,114,1,31.3,9,21.3,51.2,9.5,24.1,2.23,28.9,0,26,15.1,20.4,18.2,17.6,17.9,1.3,.2,316,62,6.6,7.9,7.3,5.7,.53,-2
2021,115,1,33.2,11.7,23.3,39.6,4.7,18.5,2.66,29.42,0,26.6,16.2,21.4,18.6,18,18.2,2,.9,239,55,9.2,9.2,8.5,7.1,.44,-4.5
2021,116,1,28.2,12.1,21.2,38.6,7.1,19,2.15,22.41,0,24.4,17,20.8,18.8,18.4,18.6,2.8,1.4,256,54,10,7.4,6.8,6.5,.45,-4.3
2021,117,1,18.7,10.4,14.7,84.9,30.2,48.7,.87,15.53,.76,22,16.5,18.9,18.8,18.3,18.5,1.7,1,302,44,10.2,2.3,3.2,3.4,.81,3.9
2021,118,1,21.9,9.3,14.8,77.2,24.4,50.2,.91,18.55,0,21.5,14,17.3,18.4,17.5,17.9,1.8,1,316,49,9.8,3.6,3.9,4,.81,3.8
2021,119,1,28.3,7,18.9,81.4,16.4,41,1.63,29.38,0,25.8,13.7,19.5,17.9,17.2,17.6,1.6,1.3,102,29,9.2,6.2,7.2,5.7,.75,2.9
2021,120,1,31.4,10.1,23.1,56.4,11.5,25.7,2.41,29.51,0,25.7,15.8,20.4,18.3,17.8,18,2.9,2.7,86,22,11.5,8.2,8.9,7.6,.63,.4
2021,121,1,34.7,13.5,25.7,46,8.5,20.7,2.91,25.79,0,27.7,16.6,22.2,18.9,18.1,18.4,2.1,.9,277,54,9.1,10.3,7.7,7,.6,-.3
2021,122,1,32.8,16.7,25.3,28.8,4.5,13.4,2.98,30.54,0,28.9,18.1,23.2,19.5,18.8,19.1,2.7,1.5,210,53,10.8,11.5,9.6,8.3,.38,-6.3
2021,123,1,29.3,13.5,21.7,35.2,12.6,21.6,2.17,29.53,0,28.9,17.7,23.1,19.9,19.2,19.5,2.3,.9,297,56,9.9,8.6,8.2,6.9,.54,-1.7
2021,124,1,32.3,10.6,23.2,47.4,7.2,21.3,2.53,30.2,0,30.4,17.5,23.6,20.1,19.4,19.8,1.2,.1,162,68,6,8.6,7.8,6,.52,-2.1
2021,125,1,34.9,11.4,25.3,39.8,6.1,17.4,3.01,27.92,0,30.3,18.5,24.2,20.5,19.9,20.2,1.2,.4,310,54,6.7,9.5,7.4,5.9,.49,-3
2021,126,1,36.9,14.4,27.1,36.2,8.8,17.6,3.3,29.44,0,31.6,19.3,25.3,21,20.3,20.6,1.7,.9,294,48,6.8,11.2,8.3,7.1,.58,-.8
2021,127,1,35,15,26.4,39.8,2.5,17.4,3.13,30.78,0,31.8,20.4,25.9,21.5,20.9,21.1,1.5,.7,277,48,8.2,11.1,8.6,6.8,.51,-2.5
2021,128,1,32.5,13.3,24.5,35.8,6.5,16.8,2.78,29.92,0,31.5,19.7,25.4,21.8,21.1,21.5,1.7,.8,298,52,7.7,9.7,8.2,6.7,.46,-4
2021,129,1,33.5,14,25.1,38.3,4.6,17.6,2.88,30.46,0,31.5,19.9,25.4,21.9,21.3,21.6,1.7,.6,205,59,7.9,10.3,8.5,6.9,.48,-3.2
2021,130,1,33.6,14,25.3,30.6,8.8,16.5,2.92,30.37,0,31.4,19.8,25.4,22.1,21.4,21.8,2.4,.7,228,66,10.2,10.4,9.1,7.8,.5,-2.8
2021,131,1,33.9,10.9,24.3,35.2,4.1,14,2.91,30.75,0,32.1,19.6,25.6,22.2,21.6,21.9,1.3,0,268,68,7.6,9.2,8.2,6.3,.36,-7.1
2021,132,1,35.6,12.6,26.2,27.9,4.9,12.5,3.32,30.27,0,32.9,19.7,26.1,22.4,21.7,22.1,1.2,.6,292,50,7.6,10.1,8.2,6.3,.37,-6.6
2021,133,1,37.1,12.7,26.9,32.8,3.1,13.5,3.46,30.64,0,33.4,21,27,22.8,22.1,22.5,1.1,.5,275,47,6.4,10.5,8.4,6.4,.39,-5.9
2021,134,1,36.8,14.3,27.3,28.9,6.6,16.1,3.36,29.61,0,33.5,21.2,27.3,23.2,22.5,22.8,1.6,.9,256,42,8.6,11.1,8.4,7,.56,-1.3
2021,135,1,35,18.6,27.4,35.6,9.6,20,3.12,30.16,0,33.7,22.7,28,23.6,23,23.2,2.3,.9,214,59,9.3,12.8,9,7.9,.68,1.5
2021,136,1,33.3,16.1,25.1,25.6,6.5,15.3,2.85,30.7,0,33.2,21.9,27.4,23.8,23.1,23.5,2.2,.8,213,60,11.4,11.3,8.8,7.6,.46,-3.8
2021,137,1,29.3,11.3,22.3,38.5,11.9,21.3,2.26,30.3,0,32.4,21,26.6,23.9,23.1,23.5,1.8,1.1,289,44,10.3,7.7,8,6.4,.54,-1.6
2021,138,1,32,13.7,24.4,50.1,10.8,26.1,2.47,29.89,0,32.6,21.4,26.9,23.7,23.1,23.4,1.9,1.5,300,32,8.7,9.8,8.2,6.8,.73,2.5
2021,139,1,35.5,15.8,26.7,42.8,9.7,22.5,3.02,30.23,0,34,21.9,27.8,23.9,23.2,23.6,1.6,1.1,272,36,7.6,11.6,8.4,7,.7,1.9
2021,140,1,35.6,18.5,28,32.1,8.1,17.3,3.34,27.75,0,34.1,22.7,28.2,24.2,23.6,23.9,2.5,1.1,237,59,8.4,12.8,8.7,8.1,.6,-.2
2021,141,1,31.7,19.1,26.3,40,6.9,18.2,2.84,22.28,0,31.9,24.8,27.9,24.4,24,24.2,2.7,1.8,236,43,10.2,12.4,7.2,7.2,.63,.4
2021,142,1,30.7,12.1,22.4,29,3.8,12.2,2.55,31.11,0,31.8,21.3,26.4,24.4,23.7,24.1,2.9,1.6,252,50,11.8,8.6,9.5,8.1,.31,-9.1
2021,143,1,29.6,7.5,20.3,26.7,3.4,10.5,2.36,32.12,0,32.1,19.5,25.6,24.2,23.2,23.7,1.6,.8,298,50,7.1,6.9,8.3,6.5,.21,-13.9
2021,144,1,32.9,7.7,22.3,25.1,3.1,10.4,2.77,31.73,0,32.6,19.4,25.9,23.9,23.1,23.5,1.4,.9,297,38,7.8,8.1,8.5,6.6,.23,-12.7
2021,145,1,35.7,10.6,25,23,3.5,11,3.22,31.44,0,33.5,20.3,26.8,23.9,23.2,23.6,1.2,.4,291,56,6.4,9.4,8.4,6.5,.3,-9.5
2021,146,1,35.9,15.8,27.2,26.6,5.4,13.2,3.37,27.72,0,33.6,22.3,27.7,24.3,23.6,23.9,1.9,.7,267,58,8.1,11.7,8.3,7.2,.43,-4.6
2021,147,1,34.9,13.2,25.6,35.4,5.1,15.1,3.1,31.25,0,34.6,22.4,28.4,24.6,23.9,24.2,1.1,.8,293,30,7,10.2,8.4,6.2,.42,-4.9
2021,148,1,37.2,12.7,26.9,32.2,4.9,14,3.45,31.54,0,35.1,22.2,28.5,24.9,24.1,24.5,1.3,.4,299,57,6.8,10.5,8.7,6.9,.43,-4.7
2021,149,1,37.2,13.9,28.1,29.4,3.8,12.3,3.66,30.27,0,35.3,23,29,25.2,24.5,24.8,1.6,.9,262,46,7.8,11,8.7,7.2,.41,-5.5
2021,150,1,36.3,14.1,27.6,33.5,6.1,15.7,3.43,30.19,0,35.5,23.4,29.3,25.4,24.8,25.1,1.4,.6,271,52,7.6,11,8.4,6.9,.52,-2.1
2021,151,1,36.2,17.8,28.9,42.3,7.1,21.7,3.36,29.64,0,36.3,24.6,30.2,25.9,25.2,25.5,1.2,.3,281,57,5.9,12.6,8,6.5,.79,3.5
2021,152,1,37.2,16.7,28.6,38.6,9.3,19.9,3.39,29.83,0,36.7,25,30.7,26.3,25.6,25.9,1.2,.4,358,51,10.4,12.3,8.2,6.7,.72,2.2
2021,153,1,37.7,18.9,30.2,35.1,8.5,17,3.82,29.56,0,36.7,25.7,31.1,26.6,26,26.3,1.8,1.2,308,40,8,13.3,8.7,7.5,.67,1.2
2021,154,1,38.4,20.1,31.2,31.3,8.1,14.9,4.09,30.27,0,37.1,26,31.4,26.9,26.3,26.6,2.1,1.6,301,35,7.6,13.9,9.4,8.2,.63,.3
2021,155,1,38.6,19.7,30.5,30.6,4,12.5,4.09,26.39,0,35.7,26.2,31,27.2,26.6,26.9,2.1,1.7,288,30,8.9,13.8,8.6,7.9,.48,-3.2
2021,156,1,38.8,18.4,30.7,25.6,6.6,12.8,4.1,29.92,0,36.8,26,31.2,27.2,26.6,27,2.5,1.8,277,37,10.3,13.2,9.9,8.8,.53,-2
2021,157,1,38.3,21.2,30.3,28.6,7.7,15.2,3.93,30.33,0,37.3,25.9,31.4,27.4,26.8,27.1,2,.9,208,56,10.3,14.4,9.3,8,.61,-.1
2021,158,1,38.1,18.3,28.9,24.9,5.4,13.8,3.74,28.44,0,36,25.5,30.8,27.6,26.9,27.3,1.6,.8,173,50,9.7,13.1,8.4,7.2,.5,-2.7
2021,159,1,36.7,17.8,28.1,23.7,3.7,11.8,3.61,31.17,0,36.6,24.8,30.5,27.6,26.8,27.2,1.4,.4,190,60,7.7,12.7,8.8,7,.39,-5.9
2021,160,1,38.9,15.2,28.5,28.4,3.6,12.5,3.81,31.04,0,37,24.5,30.6,27.6,26.7,27.2,1.3,.5,286,51,6.7,11.9,8.8,7,.43,-4.9
2021,161,1,37.9,15.5,29.1,28.5,6.4,13.5,3.8,30,0,36.9,25.1,30.9,27.7,26.9,27.3,1.8,1.3,292,35,7.3,11.9,8.8,7.6,.5,-2.7
2021,162,1,39.5,16.2,30.6,36,4.2,13.1,4.2,31.91,0,37.9,25.9,31.8,27.9,27.1,27.5,1.7,1.3,288,32,7.7,12.4,9.5,7.9,.49,-3.1
2021,163,1,42.4,16.4,31.2,23.6,3.2,9.7,4.66,31.5,0,38.3,25.8,32,28.1,27.4,27.8,1.4,.9,299,36,8.5,12.7,9.4,7.5,.37,-6.8
2021,164,1,43.5,18.5,33.4,20,3.2,8.7,5.24,30.89,0,38.5,26.6,32.5,28.4,27.7,28.1,2.1,1.4,299,40,8.9,13.7,10.3,9,.38,-6.4
2021,165,1,43.4,21.4,34.2,20.2,5.1,10,5.26,29.39,0,34.2,27.7,31.1,28.7,28.1,28.3,2.2,1.6,292,35,8.8,14.8,9.9,9,.49,-2.9
2021,166,1,45.8,23.6,36.3,26.6,6.1,11.9,5.68,27.85,0,33.6,26,29.8,28.3,27.5,27.9,1.7,.6,66,55,8.7,15.7,9,8.1,.67,1.3
2021,167,1,44.9,27.2,37.1,32,6.5,15.8,5.62,29.18,0,32.9,25.5,29.4,27.8,27.1,27.5,1.7,.8,93,53,7.9,16.8,9.2,8.3,.92,5.7
2021,168,1,43.8,23.7,36.2,32.4,7.4,14.2,5.54,29.3,0,31.5,24.9,28.4,27.6,26.9,27.2,2.1,1.7,92,28,7.6,15.6,9.8,8.8,.77,3.2
2021,169,1,44.7,27.2,37,26.5,5.6,11.5,5.82,30.49,0,31.3,24.2,27.9,27.2,26.5,26.9,1.4,.5,119,55,7.6,16.8,9.5,7.8,.69,1.6
2021,170,1,43.5,23.9,35.5,34.9,8.8,18.3,5.12,29.07,0,30.8,24,27.6,27,26.4,26.7,2.1,1.5,297,37,8.6,15.7,9.5,8.7,.96,6.4
2021,171,1,42.5,25.8,35.6,37.3,10.4,20.3,4.9,29.58,0,31.1,24.5,28,26.8,26.3,26.6,2.5,1.9,290,34,9.9,16.3,10.1,9.4,1.11,8.4
2021,172,1,39.5,27.5,33.6,53.6,10.3,26.6,4.02,29.5,0,31,24.9,27.9,26.8,26.4,26.6,2.3,2,297,27,10.6,16.8,9.5,8.7,1.29,10.7
2021,173,1,36.8,24.2,31,35.8,19.2,24.8,3.47,14.28,0,27,23.6,25.3,26.8,26,26.4,2.5,2.1,289,27,8.9,15.5,5.2,6.7,1.12,8.6
2021,174,1,36,23.4,28.7,76.6,21.9,42.9,2.38,17.64,0,26.6,22.4,24.4,26,25.3,25.6,2.2,1.3,288,43,12.2,15,5.3,6.1,1.62,14.2
2021,175,1,37,21.9,30.5,93.5,23.3,47.7,2.6,27.33,.25,30.4,23,26.4,25.5,24.9,25.2,1.4,1,285,36,7.1,14.6,7.3,6.7,1.9,16.7
2021,176,1,38.8,24.7,32.5,50.8,14.7,27.5,3.73,29.84,0,33.4,23.1,27.9,26.1,25.3,25.5,1.7,1.3,297,36,10,15.8,8.7,7.7,1.27,10.4
2021,177,1,39.3,20.8,32.3,44.6,7.2,19.8,4.16,30.76,0,30.8,24.2,27.7,26.4,26,26.2,1.4,.9,291,41,7.7,14.3,8.9,7.3,.86,4.8
2021,178,1,41.7,21.3,33.4,34.3,8.9,16.6,4.6,26.98,0,29.4,22.9,26.3,26.4,25.8,26.1,2.2,.6,325,60,11.7,14.8,8.6,8.4,.8,3.7
2021,179,1,38.3,27.7,32.6,38,14.6,24.4,3.83,29.17,0,33.7,23.6,28.3,26.4,25.6,25.9,4.3,3.9,96,24,12.1,16.8,10.2,10.9,1.17,9.3
2021,180,1,37.2,25.6,31.3,50.3,19.5,32.1,3.24,26.99,0,31.1,25.8,28.1,26.7,26.3,26.5,3.8,2.2,102,51,12.7,16,8.7,9.5,1.42,12.1
2021,181,1,35.6,24.9,29.6,69.4,26.1,42.3,2.47,20.45,2.03,29.6,24.3,26.6,26.6,26.1,26.3,2.5,1.7,93,45,9.8,15.7,6,6.7,1.72,15.1
2021,182,1,37.3,23.6,29.9,78.9,25.1,48.1,2.37,25.29,0,30.7,23.8,26.8,26.3,25.7,26,1.4,.4,44,53,10.6,15.3,6.7,6.4,1.94,17
2021,183,1,36.9,19.5,27.9,100.1,30.6,60.6,1.65,17.47,25.4,30.5,24.8,26.5,26.2,25.9,26.1,1.4,.5,68,52,19.3,13.5,4.6,4.9,2.19,18.9
2021,184,1,33.9,22.6,27.5,100.1,35.6,66.8,1.34,16.19,4.83,29.5,24.3,26.4,26.2,25.8,26,1.3,.6,84,51,7,14.4,3.8,4.3,2.37,20.2
2021,185,1,35,22.4,28.2,99.6,35.9,66.6,1.5,27.97,.51,31.3,24.3,27.4,26.3,25.8,26,2,.1,347,75,7.3,14.5,7,6.7,2.42,20.5
2021,186,1,37.2,26.6,31,75.2,23.4,51,2.39,24.02,0,31,25.3,27.6,26.6,26.2,26.3,1.9,.1,340,71,7.9,16.3,6.6,6.7,2.18,18.8
2021,187,1,39.3,25.2,32.3,88.5,12.5,40.9,3.23,27.73,.25,30.9,25.3,27.7,26.8,26.4,26.6,1.7,.8,292,52,7.6,16,8.1,7.4,1.75,15.4
2021,188,1,40.6,25.3,32.9,87.9,16.2,40.7,3.28,28.72,2.54,32.3,24.9,28.2,27.1,26.5,26.7,1.4,.2,78,63,8,16.1,7.9,7.4,1.88,16.5
2021,189,1,40.8,23.7,33.2,94,13,43.2,3.42,29.85,0,31.7,25.3,28.3,27.3,26.8,27,1.7,1,105,44,6.5,15.5,8.6,7.9,1.88,16.5
2021,190,1,41.3,28.2,34.8,63.9,21.6,39.4,3.59,29.46,0,33,26,29.2,27.6,27.1,27.3,1.7,1.3,303,34,7.8,16.9,8.5,8,2.1,18.2
2021,191,1,41.8,20.5,33,94.4,17.9,45.7,3.24,29.11,13.72,32.1,26.8,29.2,27.9,27.5,27.7,2.2,1,299,49,13,14.4,8.8,8.2,2.06,18
2021,192,1,39,23.8,32,91.4,21.6,47.3,2.88,28.73,0,32.6,25.4,28.7,28,27.4,27.7,1.6,.8,293,49,7.6,15.5,7.8,7.3,2.06,17.9
2021,193,1,38.5,20.6,31.7,98.6,26.3,45.7,2.82,26.85,16.76,32.6,25.8,29,27.9,27.5,27.7,2.1,.3,136,70,14.9,14.2,7.5,7.3,2,17.5
2021,194,1,37.7,22.6,30.2,91.3,24.9,53.9,2.25,26.97,0,32.5,25.5,28.8,28,27.5,27.8,1.1,.3,93,52,6.5,14.9,6.7,6.3,2.18,18.8
2021,195,1,32,22.4,27.2,88.8,34.4,64.5,1.34,11.78,.25,29.2,26.2,27.5,28,27.5,27.8,1.3,.4,345,53,9.8,14,2.8,3.5,2.3,19.7
2021,196,1,32.6,22,27.1,98,44.4,69.6,1.22,19.47,7.87,29.8,25.3,27.2,27.6,27.1,27.3,1.2,.8,283,33,7.7,14,4.4,4.6,2.44,20.6
2021,197,1,31.7,23.1,26.8,94,41.6,71.5,1.09,13.47,.25,28.8,26,27.1,27.3,27,27.2,1.4,.1,290,58,7.5,14.3,3.2,3.7,2.47,20.9
2021,198,1,36.2,22.5,29.3,93.9,29,57,2.03,27.85,0,32.1,24.8,28.1,27.2,26.7,26.9,1.3,.3,323,60,6.1,14.7,6.9,6.5,2.18,18.9
2021,199,1,33.3,22,27.5,99.4,42.7,69.3,1.27,20.52,8.89,30.7,25.9,28,27.4,27.1,27.2,1.7,.5,306,54,8.6,14.1,5.1,5,2.46,20.8
2021,200,1,37.1,24.1,30.3,91.8,27,55.9,2.18,28.44,0,32.3,26,28.8,27.5,27,27.2,1.5,.2,356,68,6,15.4,7.3,6.9,2.25,19.4
2021,201,1,38.3,24.7,30.8,84.4,26.4,55.3,2.24,26.28,2.29,32.5,26.9,29.4,27.8,27.4,27.5,1.2,.3,128,59,11.4,15.7,6.6,6.4,2.33,19.9
2021,202,1,39.9,24.3,31.3,94.8,19.4,53.8,2.46,24.63,0,31.8,26.9,29.3,28,27.6,27.8,1.5,.3,332,61,9,15.7,6.7,6.6,2.26,19.4
2021,203,1,36.7,20.8,29.8,98.3,33.3,54.9,2.05,23.84,4.32,31.2,26.7,28.8,28.1,27.7,27.9,1.7,.1,80,67,11.5,14,6.4,6.1,2.23,19.2
2021,204,1,28,20.2,24.2,100.1,52.5,73.6,.85,13.17,24.89,28.2,25.3,26.4,28,27.3,27.6,2.3,.6,343,64,9.2,11.3,2.8,3.5,2.18,18.9
2021,205,1,24.1,20.8,22.5,99.2,74,87.6,.35,6.78,20.57,26,24.8,25.4,27.3,26.6,26.9,.9,.8,94,23,6.6,9.7,.9,1.7,2.39,20.3
2021,206,1,26.1,19.9,21.7,100.1,66.8,92.2,.23,9.58,16.26,25.5,23.9,24.5,26.6,26,26.3,1.2,1.1,84,19,4.4,10.3,1.5,2.3,2.37,20.2
2021,207,1,34.4,19.1,26.8,99.2,27.6,64.1,1.58,28.56,0,29.5,23.2,26.1,26,25.6,25.8,.6,.2,315,48,4.2,12.9,6.6,5.8,2.09,18.2
2021,208,1,35.9,20.9,27.1,97.4,26.4,66.7,1.45,23.48,0,29.8,24.8,27.1,26.3,26,26.1,.9,.3,70,48,10.2,14,5.7,5.4,2.25,19.4
2021,209,1,36.4,20.8,29.1,93.2,23.6,55.1,2.09,27.27,0,30.3,25.1,27.5,26.5,26.2,26.3,.9,.2,285,51,5.4,14,6.8,6,2.07,18
2021,210,1,36.4,21.7,28.7,94.9,24.7,53.7,1.99,18.43,4.06,29.2,25.9,27.2,26.6,26.5,26.6,1.6,.9,83,47,14.9,14.4,4.9,5.3,2.02,17.7
2021,211,1,35.8,20.8,27,99.7,27.3,66.8,1.51,26.58,12.19,29.7,25.1,27.2,26.7,26.4,26.6,1.3,.7,116,43,9.5,13.9,6.4,6.1,2.2,19
2021,212,1,34.7,20.9,28,100.1,34,65.4,1.58,28.32,.25,30.2,25.3,27.6,26.8,26.5,26.7,1,.7,301,32,6.2,13.8,6.7,6,2.32,19.9
2021,213,1,35.9,23.6,30.1,91.1,29.8,56.1,2.11,26.69,0,30.3,26.2,28.1,27,26.7,26.9,1.2,.8,289,36,6.7,15.1,6.9,6.1,2.27,19.5
2021,214,1,37.9,23.7,30.3,87.4,26.9,53.7,2.28,27.93,0,30.4,26.1,28.1,27.2,26.9,27,1.5,.4,37,57,8.2,15.3,7.5,6.9,2.19,18.9
2021,215,1,39,24.3,31.8,79.9,18.2,45.3,2.88,28.21,0,30.4,26.2,28.1,27.3,27,27.2,1.5,.5,313,56,7,15.7,7.7,7,1.97,17.3
2021,216,1,41.1,23.7,31.9,66.6,12.5,39.3,3.25,28.33,0,30,25.6,27.7,27.4,27.1,27.2,1,.2,1,57,6.2,15.5,7.6,6.7,1.69,14.9
2021,217,1,39.2,26.4,32.9,58.6,23.6,39.6,3.19,27.44,0,29.9,25.9,27.7,27.3,27.1,27.2,1.5,.6,75,56,5.5,16.4,7.6,7,1.93,16.9
2021,218,1,38.2,26.2,31.5,70.6,28.9,46.6,2.58,24.14,0,29.9,26.5,28,27.5,27.2,27.3,1.6,.6,274,53,7.6,16.3,6.9,6.5,2.11,18.4
2021,219,1,36.7,23.4,30.8,82.9,28.7,49,2.46,27.3,0,29.4,26.1,27.7,27.5,27.3,27.4,1.7,.9,301,46,7.6,15.2,7.5,6.7,2.08,18.1
2021,220,1,36.3,24.2,30.1,68.3,32.1,48,2.34,22.98,0,28.8,25.9,27.3,27.4,27.2,27.3,2.4,.7,274,61,9,15.4,6.8,6.8,2.01,17.6
2021,221,1,30.4,22.4,25.8,93.2,49.8,72.8,.95,9.73,5.59,26.9,25.7,26.1,27.3,26.9,27.1,.6,.2,60,46,4.9,13.6,1.7,2.5,2.4,20.4
2021,222,1,33.6,20.7,26.3,100.1,38.8,73.9,1.02,17.04,27.69,27.3,25.2,26.1,26.9,26.2,26.7,1.2,.6,78,45,8.6,13.5,3.6,4.2,2.46,20.8
2021,223,1,32,20,26.1,99.8,41.5,71.9,1.13,26.04,2.03,27.6,24.5,25.9,26.4,25,26.1,1.4,.3,7,61,6.6,12.9,6,5.5,2.35,20
2021,224,1,32.7,21.6,27.1,99.1,39.5,70.5,1.23,25.78,8.64,27.9,25.1,26.4,26.5,26.4,26.4,1.1,.8,292,33,6.8,13.8,6.1,5.5,2.43,20.6
2021,225,1,32.8,23,27.6,87.2,41.4,61.8,1.49,23.08,0,27.6,25.3,26.4,26.6,26.4,26.5,1.7,.3,32,66,8.2,14.5,5.6,5.5,2.24,19.3
2021,226,1,31,20.7,24.4,100.1,47.3,82.7,.6,18.52,14.99,26.9,24.7,25.7,26.6,26.3,26.4,1.3,.6,84,50,7.1,12.9,3.9,4.1,2.48,21
2021,227,1,33.9,22.9,27.7,96.9,38.8,69.3,1.31,22.34,0,27.5,25.1,26.2,26.4,26.2,26.3,.7,.5,132,28,4.9,14.6,5.2,4.8,2.48,20.9
2021,228,1,34.7,22.7,28.6,96.4,38.3,64.1,1.57,24.96,0,27,25.2,26.1,26.4,26.2,26.3,1.4,.5,54,54,7.4,14.6,6.1,5.7,2.42,20.5
2021,229,1,31.4,20.4,25.3,99.6,50.5,77.4,.83,18.52,8.38,26.2,25,25.5,26.4,26.1,26.3,1.4,.2,48,66,8.8,12.9,3.9,4.2,2.44,20.7
2021,230,1,33.6,23.3,27.7,89.2,35.4,63.2,1.51,21.06,0,26.1,24.9,25.4,26.2,26,26.1,1.6,.7,150,56,6.6,14.7,5.2,5.2,2.26,19.4
2021,231,1,33.8,21.4,27.5,90.9,31.3,61.3,1.6,20.69,0,25.7,24.5,25.2,26.1,25.9,26,1.2,.3,149,57,5.8,13.9,4.9,4.9,2.14,18.6
2021,232,1,34.9,20.5,27.8,96.9,23.5,58.3,1.81,26.02,0,26.1,24.3,25.1,26,25.8,25.9,.5,.1,119,43,4.2,13.7,6.1,5.2,2.04,17.8
2021,233,1,36.3,20.6,28.6,83.4,23.4,51.9,2.17,26.89,0,26,23.9,25,25.9,25.7,25.8,.9,.5,100,44,5.5,13.9,6.7,5.8,1.89,16.6
2021,234,1,37.1,21.3,29,87.5,23.2,54.5,2.12,26.3,0,26.5,24.1,25.2,25.8,25.6,25.7,.8,.2,307,48,5,14.3,6.5,5.7,2.04,17.8
2021,235,1,36.6,20.3,29.3,87.8,20,47.6,2.49,26.27,0,26.1,24,25,25.8,25.6,25.7,1,.2,315,53,6.8,13.8,6.8,5.7,1.76,15.5
2021,236,1,36.5,21.4,29.9,82.4,23.6,45.3,2.56,25.46,0,26.3,24.1,25.1,25.8,25.6,25.7,1.4,.9,295,37,7.5,14.2,7,6,1.8,15.8
2021,237,1,39.5,21.6,30.9,80.1,19.5,45,2.85,25.82,0,26.7,24.1,25.4,25.8,25.6,25.7,.9,.5,304,40,6.4,14.6,6.8,5.8,1.84,16.2
2021,238,1,40.6,22.6,31.9,82.4,15,44.4,3.03,25.39,0,33.7,24.7,28.1,26.3,25.7,25.8,.8,.3,313,44,6,15.1,6.7,5.7,1.9,16.7
2021,239,1,40.8,22.8,32,76.1,17.2,39.8,3.21,23.86,0,36.2,25.1,30.1,27.1,26.3,26.5,1.4,.9,100,38,9.3,15.2,6.8,6.2,1.73,15.2
2021,240,1,37.9,21.3,29.2,84.2,22.7,47.7,2.32,23.5,7.11,36.7,26.4,30.2,27.6,27,27.2,1.9,.6,90,62,14.3,14.4,6.7,6.4,1.84,16.2
2021,241,1,38.8,22.1,29.4,89.5,21.9,53.3,2.23,23.39,0,33.6,24.6,28.5,27.6,26.9,27.3,.8,.2,333,47,7.9,14.7,5.9,5.3,2.03,17.8
2021,242,1,37.8,23,29.4,79.5,24.9,50.2,2.25,23.06,0,35.6,24.9,29.4,27.4,26.9,27.2,1.1,.2,102,60,6.1,15,6,5.5,1.97,17.3
2021,243,1,32.5,22.3,25.9,100.1,41.2,73.1,1.01,14.96,8.13,32.5,26.1,28.4,27.5,27.2,27.4,1.5,.6,278,52,7,14.1,3.3,3.9,2.37,20.2
2021,244,1,31.4,21.6,25.8,99.5,43.6,74.4,1,24.5,.76,31.5,24.5,27.5,27.4,26.7,27,1.5,1.3,299,25,5.9,13.5,5.6,5.1,2.38,20.3
2021,245,1,33.2,22.2,27.5,95.1,32.7,63.3,1.52,24.17,0,33.6,24.7,28.5,27.2,26.7,26.9,1.2,.8,302,36,6.4,14.1,5.9,5.2,2.22,19.2
2021,246,1,35.3,20.2,28.5,93.7,26,54.3,2.07,24.6,0,34.6,24.3,29.1,27.3,26.8,27.1,1.1,.8,317,32,5.5,13.6,6.3,5.4,1.94,17
2021,247,1,37.3,23.2,30.4,93.8,26,52.3,2.32,24.82,0,36.2,26.2,30.7,27.7,27.1,27.3,1.1,.2,329,57,6.2,15.1,6.3,5.6,2.13,18.5
2021,248,1,38,20.2,27.5,97.8,28.8,67.2,1.49,22.66,22.61,36.8,26.7,30.2,28,27.5,27.7,1.4,.6,97,50,10.6,13.9,5.5,5.5,2.33,19.9
2021,249,1,36.4,20,28.1,98.8,26.9,60.3,1.82,24.63,0,31.4,24.1,27.6,28,27.1,27.5,.7,.1,31,51,3.9,13.7,5.8,5.1,2.14,18.6
2021,250,1,35.8,21.9,28.8,91.6,34.3,61.9,1.74,24.13,0,32.9,24.5,28.3,27.3,26.8,27.1,1.3,.8,291,40,6.5,14.4,6.1,5.4,2.33,19.9
2021,251,1,38.3,23.3,29.7,77.6,16.8,50.1,2.36,24.13,0,34.8,25.3,29.4,27.5,26.9,27.2,1.1,.8,86,35,5.5,15.3,6.3,5.6,1.96,17.2
2021,252,1,38.1,20.2,29.6,87,15.2,42.4,2.83,24.14,0,34.4,24.7,29.2,27.6,27.1,27.4,1.6,1.5,90,19,6.9,14,7.1,6.1,1.56,13.6
2021,253,1,38.1,20.9,29.6,64.9,15.5,39.1,2.85,23.63,0,34.4,24.5,29.2,27.6,27,27.3,.9,.6,89,36,7.3,14.2,6.2,5.2,1.5,13
2021,254,1,38.6,20.8,29.9,84.8,15.9,45.4,2.67,22.89,0,35,25.3,29.7,27.6,27,27.3,.8,.2,51,51,5.2,14.2,5.8,4.9,1.74,15.3
2021,255,1,39.3,18.9,29.5,85.2,12.3,41.5,2.9,23.75,0,35,24.9,29.6,27.7,27.1,27.4,.9,.2,11,61,5.2,13.5,6.3,5.2,1.49,12.9
2021,256,1,39.1,18.9,28.9,75.1,12.5,39.5,2.85,23.67,0,34.7,24.7,29.3,27.6,27,27.4,.8,.1,349,56,6.4,13.5,6.2,5,1.39,11.9
2021,257,1,38.6,20.3,29.3,73.1,14,37.9,2.9,24.32,0,34.9,24.7,29.4,27.6,27,27.3,1.4,.4,305,57,6.4,14,6.9,5.8,1.4,11.9
2021,258,1,37.6,17.4,27.4,78.6,12.9,38.6,2.67,23.6,0,29.8,24.6,27,27.5,26.9,27.2,1.3,.4,313,54,7.1,12.6,6.5,5.5,1.24,10.1
2021,259,1,38.1,17.5,28.3,69.1,13.3,35.3,2.92,23.23,0,29.2,21.7,25.2,27,26,26.4,1,.4,71,52,5.1,12.8,6.1,5,1.2,9.6
2021,260,1,35.6,23.5,28.1,63.3,22.5,42.8,2.31,15.66,0,28.2,23.2,25.2,26.2,25.7,25.9,.8,.3,74,45,4.1,15,3.9,3.8,1.57,13.8
2021,261,1,36.5,20.2,27.1,83.4,27.3,55.8,1.81,19.57,0,28.9,22.3,25.3,25.9,25.4,25.7,1.2,.7,282,39,12.1,13.7,5,4.7,1.91,16.7
2021,262,1,35.6,20.8,27.6,92.1,31.3,57.6,1.78,20.11,0,29.4,23.2,25.8,25.9,25.5,25.7,1.1,.4,299,49,9.3,13.9,5,4.6,2.02,17.6
2021,263,1,35.3,17,26.5,79.7,19.2,43,2.31,23.05,0,28.5,21.5,24.7,25.9,25.4,25.6,1.1,.3,342,57,6.7,12.1,6,4.9,1.35,11.4
2021,264,1,35.9,16,26.1,77.2,15,39.1,2.45,23.32,0,27.9,20.6,24,25.7,25,25.3,1.2,.3,302,57,6,11.7,6.1,5,1.16,9.2
2021,265,1,35.9,16.3,26.4,69.4,16.2,36.5,2.54,20.6,0,26.3,20.2,23.1,25.3,24.7,25,1.4,1.2,122,23,6.7,11.9,5.8,5.1,1.13,8.7
2021,266,1,29.4,18.5,23.4,67.7,30.3,49,1.51,8.77,0,23.4,20.7,22,24.9,24.3,24.6,1.5,1.3,103,24,8.8,11.1,2.3,3.2,1.39,11.9
2021,267,1,30.9,17.5,24.3,78.3,29.2,50.6,1.66,21.69,0,25.8,19.5,22.3,24.5,23.8,24,1.9,1.3,293,40,7.7,11.3,5.7,4.9,1.47,12.7
2021,268,1,33.1,19.1,24.6,95.5,26.4,61.3,1.46,18.47,2.03,27.2,20.9,23.4,24.1,23.8,24,1.2,.2,298,57,6.5,12.7,4.5,4.2,1.75,15.4
2021,269,1,28.2,18.3,22.2,100.1,33.7,71.3,.88,18.32,5.59,25.7,21.3,23.2,24.2,23.9,24,1.7,.3,303,65,7.5,10.5,4.1,3.9,1.83,16.1
2021,270,1,28.7,18.3,23,85.4,31.9,58.5,1.28,16.69,0,25.8,20.7,23.1,24.5,23.8,24,.6,.3,110,37,3.6,10.7,3.5,3.2,1.59,13.9
2021,271,1,31,19.2,24.9,82.3,28.4,50.1,1.71,20.38,0,26.8,21.1,23.5,24.1,23.8,23.9,1.4,1,93,42,5.5,12.2,5,4.4,1.5,13
2021,272,1,30.7,16.7,23.8,78.3,23.3,46.7,1.72,18.87,0,25.8,19.8,22.5,24.1,23.7,23.9,1.4,.3,104,65,6.6,10.9,4.7,4.2,1.3,10.8
2021,273,1,29.4,16.2,22.7,86.3,24.2,52.2,1.46,20.87,6.1,26.1,19.7,22.5,23.8,23.4,23.6,1.5,.5,42,60,8.5,10,4.8,4.3,1.37,11.6
2021,274,1,30.3,13.6,21.9,99.5,11.7,56.2,1.47,22.1,0,25.9,19,22.2,23.7,23.2,23.4,.8,.1,331,51,5.2,9.1,5,3.8,1.3,10.8
2021,275,1,32.2,11.8,21.8,95.7,18.3,54.5,1.58,21.62,0,25.8,18.1,21.7,23.5,22.9,23.2,.5,.3,77,31,7,9,4.9,3.5,1.24,10.1
2021,276,1,33.8,12.9,23.6,90.5,17.2,48.4,1.9,19.66,0,25.7,18.5,22,23.2,22.8,23,.7,.4,79,35,5.2,9.9,4.7,3.6,1.24,10.1
2021,277,1,35,16.6,25.6,76.2,18.3,43,2.14,15.71,0,25.6,19.6,22.4,23.1,22.8,23,1.3,.2,6,59,8.1,11.9,4.2,4.1,1.31,10.9
2021,278,1,32.3,19.5,24.6,85.9,27.9,56.2,1.51,16.14,0,25.7,20.3,22.7,23.1,22.8,23,1.1,.4,91,51,5.4,12.7,3.8,3.6,1.67,14.6
2021,279,1,33.1,16.2,23.9,95.4,9.7,53.2,1.7,21.1,0,26.5,19.8,22.7,24.2,22.9,23.1,1.1,.3,76,57,4.5,11.3,5.1,4.2,1.4,12
2021,280,1,33.6,15.1,23.9,65.1,13.6,38.5,2.11,18.78,0,25.1,18.7,21.7,23.2,22.8,23,1.2,.4,110,61,6.7,10.9,4.9,4.2,1.03,7.4
2021,281,1,34.6,14.5,23.9,70.5,10.5,38.1,2.16,19.19,0,25.1,18.5,21.4,23,22.6,22.8,1.2,.3,12,58,7.9,10.8,5.1,4.3,1.01,7.1
2021,282,1,30.7,14.6,22.6,75.8,21.3,41.5,1.78,20.29,0,24.7,18.4,21.1,22.8,22.3,22.5,2.2,1.6,290,36,7.7,9.8,5.6,4.9,1.09,8.2
2021,283,1,27.3,9.8,18.1,70,13.8,37.4,1.49,21,0,23.2,16.4,19.6,22.6,21.9,22.2,.9,.3,290,49,5,6.3,4.7,3.3,.71,2
2021,284,1,29.2,7.5,19.8,77,10.8,35.4,1.84,20.76,0,21.9,15.4,18.6,22.1,21.2,21.6,1.9,1.1,165,48,9.1,6.7,5.5,4.6,.68,1.5
2021,285,1,21.9,7.4,16.1,54.6,17.1,30.2,1.31,20.05,0,19.2,15.5,17.4,21.4,20.8,21.1,3.8,3.1,294,33,10.3,3.3,5.8,4.9,.56,-1.3
2021,286,1,23.4,2.8,13.4,72.7,15.5,35.4,1.2,20.18,0,19.6,13.2,16.1,20.8,19.9,20.3,1.4,1.2,282,25,6.2,3.5,4.6,3.4,.47,-3.6
2021,287,1,24.8,4.8,14.8,67.8,9.5,35.4,1.32,20.28,0,19.6,13.2,16.2,20,19.4,19.7,1.3,.5,293,53,6,4.3,4.7,3.5,.51,-2.4
2021,288,1,28.1,4.4,15.9,79.3,12.3,38.1,1.43,20.24,0,20.1,13.2,16.5,19.5,19,19.2,.6,.3,299,37,6.8,5.7,4.4,2.9,.59,-.5
2021,289,1,31.9,7.1,20.3,70.5,13.2,32.5,2,17.3,0,20.1,13.8,16.9,19.2,18.8,19,1.1,.8,97,33,5.4,7.7,4.5,3.7,.67,1.2
2021,290,1,31.9,11.5,21.7,68.7,11,31.7,2.06,15.96,0,20.5,14.9,17.6,19.1,18.8,19,1.3,.3,164,59,6.3,8.9,4.3,3.8,.73,2.5
2021,291,1,29.4,11.8,20.7,68.9,22.6,42.2,1.56,18.42,0,20.8,15,17.8,19.2,18.9,19,2.1,.6,229,65,8.7,7.9,4.9,4.3,1.01,7.2
2021,292,1,27,13.4,20.1,77.4,25.3,54.3,1.18,18.6,0,22,16.4,18.8,19.4,19,19.1,1.3,.7,292,47,5.1,7.4,4.1,3.4,1.23,10
2021,293,1,30.6,8.1,18.8,90.1,9.5,45.5,1.57,18.71,0,21.4,15.2,18.2,19.5,19.1,19.3,.8,.1,289,57,4.9,7.4,4.3,3.1,.81,4
2021,294,1,32.7,7.7,20.2,78.7,11,38,1.87,18.81,0,21.7,14.9,18,19.4,19,19.2,1.1,.5,285,43,6.8,8.1,4.7,3.6,.77,3.2
2021,295,1,30.6,9.8,19.5,73.5,16.1,40.7,1.65,17.7,0,20.8,15.2,17.9,19.3,19,19.2,1,.4,303,47,6,7.9,4.3,3.2,.82,4.1
2021,296,1,29.5,8.6,19.1,71.6,18.5,40.8,1.55,16.63,0,20.6,14.8,17.6,19.2,18.8,19,1.1,.5,110,51,5.6,7.1,3.9,3.3,.83,4.2
2021,297,1,31,10.1,20.2,77.7,15.8,44.5,1.58,17.54,0,21.2,15.1,18,19.1,18.7,18.9,1,.4,88,49,4.9,8.1,4.1,3.2,.96,6.4
2021,298,1,32.8,10.2,21.5,78.1,15.2,45.3,1.76,17.88,0,21.1,15.5,18.2,19.1,18.8,18.9,1.2,.8,132,39,6.7,8.7,4.5,3.7,1.04,7.6
2021,299,1,21.8,8.1,17.6,83.2,18.8,46.5,1.12,16.59,0,19.2,15.6,17.6,19.1,18.9,19,2.5,2.2,299,24,8.7,3.4,4.3,3.2,.93,5.9
2021,300,1,24.2,4.2,14,78.1,14.3,39.1,1.19,18.07,0,18.5,13.1,15.7,19,18.3,18.6,1.4,.8,281,44,7.1,3.9,4.2,3.1,.54,-1.6
2021,301,1,29.3,3.7,15.7,75.9,9,37.4,1.47,17.95,0,18.8,12.6,15.6,18.4,17.8,18,.7,.4,293,40,4.9,6.2,4,2.7,.56,-1.2
2021,302,1,33.1,5.6,19.3,79.2,8.1,34,2,17.78,0,19.4,13.1,16.1,18,17.5,17.8,.9,.6,98,39,5.5,7.8,4.5,3.2,.59,-.4
2021,303,1,31.4,8.8,19,65.1,12.4,34.6,1.76,17.16,0,19.7,13.9,16.7,17.9,17.5,17.7,.9,.3,80,52,4.7,7.9,4.1,3,.68,1.4
2021,304,1,30.2,9.6,18.1,62.1,12.3,38.5,1.56,16.8,0,19.7,14.3,16.8,17.9,17.5,17.7,.8,.3,101,50,5.3,7.7,3.9,2.8,.72,2.2
2021,305,1,29.1,8.4,17.9,72.7,13.1,39.3,1.5,16.48,0,19.3,14.2,16.6,17.9,17.5,17.7,1,.3,66,55,5.7,6.9,3.9,2.9,.72,2.3
2021,306,1,28.3,7.7,16.9,71.5,11.9,39.3,1.44,15.25,0,18.7,14,16.2,17.8,17.4,17.6,1.1,.3,299,57,5.6,6.3,3.6,2.9,.67,1.2
2021,307,1,28.7,4.8,16.4,77.4,10.8,39.4,1.46,16.95,0,18.5,13.1,15.7,17.6,17.2,17.4,1,.5,293,44,5.1,5.9,3.9,2.8,.63,.4
2021,308,1,31.8,5.4,17.5,76.7,8.4,37.8,1.69,16.82,0,19,13.1,15.9,17.4,17,17.2,.5,.1,90,47,3.1,7.3,3.7,2.2,.61,0
2021,309,1,32.3,6.7,18.6,75.8,9.5,35.8,1.78,16.25,0,19.2,13.4,16.3,17.3,16.9,17.1,.6,.2,89,44,4,7.7,3.6,2.4,.65,.9
2021,310,1,33.4,7.3,19.4,66.1,8.7,33.6,1.9,16.26,0,19.3,13.7,16.4,17.3,17,17.2,.7,.1,65,55,5.3,8.1,3.8,2.6,.64,.6
2021,311,1,31.9,8.5,18.5,67.3,13.1,37,1.67,15.04,0,18.8,13.9,16.3,17.3,17,17.2,.9,.6,80,41,4.8,8,3.5,2.8,.7,1.8
2021,312,1,29.8,7.4,16.6,74.5,12.6,44.4,1.35,13.76,0,18,13.7,15.8,17.3,16.9,17.1,.8,.6,102,23,4.9,7,3.1,2.4,.75,2.8
2021,313,1,28.2,5.4,16.1,79.7,15.3,43.4,1.34,13.95,0,17.7,13.1,15.3,17.1,16.7,16.9,.9,.3,320,51,5.8,5.9,3.1,2.5,.69,1.7
2021,314,1,25.9,5.5,15.5,76,20.9,44.2,1.22,15.53,0,17.6,12.7,15.1,16.9,16.5,16.7,1.1,.6,285,42,7.1,4.8,3.5,2.6,.71,2
2021,315,1,28,5.4,15.5,80,13.1,43.3,1.31,15.74,0,17.5,12.6,14.9,16.7,16.3,16.5,1,.4,301,49,5.3,5.7,3.5,2.6,.65,.8
2021,316,1,29.5,3.2,15.2,76.7,10.4,39.5,1.45,15.72,0,17.2,12.1,14.6,16.6,16.1,16.3,.6,.4,281,35,4.6,6.2,3.5,2.2,.56,-1.3
2021,317,1,31.3,3.1,16.4,70.1,7.5,33.9,1.7,15.57,0,16.7,11.8,14.2,16.3,15.9,16.1,.9,.3,323,51,5.3,6.8,3.7,2.6,.5,-2.7
2021,318,1,30.9,4.2,16.3,64.4,7.6,33,1.66,15.55,0,16.7,11.8,14.2,16.1,15.7,15.9,.6,.2,307,47,4.3,6.9,3.5,2.1,.49,-2.9
2021,319,1,31.5,3.8,16.5,68,7.3,32,1.7,15.4,0,16.5,11.6,14,15.9,15.5,15.7,.8,0,326,62,3.9,7,3.6,2.4,.49,-3.1
2021,320,1,29.3,5,16.7,60.7,10.1,30.4,1.64,14.1,0,15.9,11.6,13.8,15.8,15.4,15.6,1.2,.3,310,62,5.5,6.3,3.6,2.9,.49,-3.1
2021,321,1,25.3,4.5,13.4,62.3,13.4,38.2,1.17,10.6,0,15.3,11.4,13.3,15.6,15.3,15.4,.5,.2,65,42,3.6,4.4,2,1.7,.53,-2
2021,322,1,27.4,1.8,14.6,75.2,11.3,36.4,1.42,13.89,0,15.2,10.5,12.8,15.4,14.9,15.2,.8,.7,98,28,5,5,3.1,2.2,.49,-3
2021,323,1,28.9,5.2,16.6,60,11.8,30.8,1.57,13.47,0,15.7,11.1,13.3,15.1,14.8,15,.8,.3,80,48,3.9,6.2,3.2,2.3,.52,-2.2
2021,324,1,27.3,5.5,16.1,64.7,15.7,33.4,1.43,12.88,0,15.6,11.3,13.4,15.1,14.8,14.9,1.1,.2,70,62,4.7,5.5,3,2.5,.56,-1.2
2021,325,1,25.4,7.4,15.5,62,15.7,36.6,1.3,9.68,0,14.9,11.7,13.2,15,14.7,14.9,.9,.2,233,53,5.2,4.9,2.1,2.1,.58,-.7
2021,326,1,26.5,12.9,20.6,37.4,16.9,23.6,1.91,11.05,0,15,12.4,13.6,14.9,14.8,14.8,2.5,2.3,106,20,7.9,7,3.9,4.1,.57,-1.1
2021,327,1,27,11,18.4,59.2,21.1,34.7,1.49,7.78,0,15.4,12.8,14,15,14.9,14.9,1,.3,352,56,7,6.5,2.1,2.3,.71,2
2021,328,1,23.1,10.3,17,99,30.3,58.2,.91,10.72,0,16.1,13.3,14.6,15.3,15,15.1,1.2,.4,315,54,6.4,4.4,2.2,2,1.06,7.9
2021,329,1,19.8,9.1,14.8,97.3,33.3,55.3,.83,13.08,.51,14.7,12.9,14,15.4,15.3,15.3,3.7,3.4,92,23,12.5,2.6,3.6,3.1,.89,5.2
2021,330,1,22.9,7.6,15.9,66.4,21.9,37,1.22,13.97,0,14.9,11.8,13.2,15.3,15,15.1,2.3,1.6,113,38,10.1,3.8,3.7,3.2,.64,.7
2021,331,1,22.9,3.7,12.8,79.7,23.8,49,.95,14,0,14.4,11,12.7,15.1,14.8,14.9,1.4,.8,284,41,7.3,3.4,3.1,2.3,.66,1
2021,332,1,27.1,2.3,13.2,82.9,11.4,45.4,1.17,14.29,0,14.1,10.6,12.3,14.9,14.5,14.7,.8,.7,114,21,4.9,5,3.1,2,.57,-1
2021,333,1,28.2,2.1,13.7,79.7,11.8,42.5,1.24,14.32,0,14.1,10.2,12.1,14.7,14.2,14.4,.9,.8,100,21,4.8,5.4,3.2,2.2,.57,-1
2021,334,1,27.3,3.5,14.3,71.1,12.1,41.5,1.26,14.09,0,14.4,10.4,12.4,14.4,14.1,14.3,.8,.2,305,54,4.9,5.2,3,2,.58,-.7
2021,335,1,28.9,4.3,15.2,76,17,43.6,1.31,12.88,0,14.9,10.6,12.7,14.3,14,14.2,.3,.1,17,34,4.4,6.1,2.5,1.4,.66,1.1
2021,336,1,28.7,7.2,17.1,72.8,20.6,45.4,1.33,12.99,0,15.4,11.5,13.3,14.4,14.1,14.2,.9,.3,302,49,5.6,6.4,3,2.2,.82,4
2021,337,1,26.5,6.1,15.6,83.8,21.1,48.9,1.14,13.58,0,15,11.4,13.3,14.5,14.2,14.4,.9,.1,316,60,4.6,5.2,2.8,2,.78,3.5
2021,338,1,23.9,5.5,14.2,76.7,22.8,46.6,1.06,10.56,0,14.3,11.2,12.9,14.5,14.2,14.4,1,.3,302,54,5.2,3.9,2.2,1.9,.69,1.6
2021,339,1,23.4,2.3,12.4,80,20.3,48,.97,13.65,0,13.8,10.4,12.2,14.4,14.1,14.2,1.2,.5,285,46,5.8,3.4,2.9,2.1,.62,.1
2021,340,1,27.2,2.1,13.2,82.9,13.2,44.6,1.13,13.65,0,13.9,9.9,11.9,14.2,13.8,14,.7,.3,77,44,3.1,5,2.7,1.8,.58,-.6
2021,341,1,25.5,8.1,14.4,58.9,14,37.7,1.17,11.42,0,13.8,10.6,12.1,14,13.7,13.9,1.2,.8,84,43,4.7,5.1,2.5,2.3,.57,-.9
2021,342,1,23.2,3,12,76.7,17.3,44.4,.98,12.04,0,13.4,9.9,11.6,13.9,13.6,13.7,1,.4,75,50,6.7,3.4,2.4,1.9,.57,-1
2021,343,1,22.8,3.9,13.5,67.1,20.4,45.3,.99,9.2,0,12.6,9.8,11.2,13.7,13.4,13.6,1.9,.6,147,64,7.2,3.3,2.1,2.5,.67,1.2
2021,344,1,16,9.6,12.7,99.9,40.1,69.5,.48,12.37,12.19,13.7,11.6,12.5,13.6,13.4,13.5,2.1,1.7,287,33,7.7,1,2.1,1.8,1,6.9
2021,345,1,19.8,3.1,10.3,100.2,26.6,71.5,.5,13.64,0,13.4,10.3,11.9,13.7,13.4,13.5,.5,.2,283,42,3.4,2,2,1.3,.83,4.2
2021,346,1,25.9,.8,10.4,99.9,14.7,67.9,.67,13.82,0,12.8,9.3,11,13.6,13.2,13.4,.4,.2,78,30,2.5,4.2,2.2,1.4,.75,2.8
2021,347,1,25.1,4.3,13.2,92.5,16.8,58.1,.87,13.25,0,13.5,9.6,11.5,13.3,13,13.1,.9,.8,94,25,4.8,4.3,1.8,1.9,.78,3.5
2021,348,1,21.8,11.7,16.5,79.1,33.7,51.7,.96,3.48,.25,13,11.6,12.2,13.3,13.1,13.2,1.6,1.3,101,30,5.4,4.1,.8,2,.95,6.3
2021,349,1,16.8,3,9.9,97.4,43.1,66.4,.46,8.8,.76,13.2,11.1,12,13.4,13.2,13.3,1.8,1.1,288,45,11.9,.9,1.3,1.6,.79,3.6
2021,350,1,18.9,-.1,8.2,99.6,38.1,73.9,.41,13.24,0,12.3,9.2,10.8,13.4,13,13.2,.9,.6,286,32,5.8,1.5,2,1.4,.76,3.1
2021,351,1,14.8,-.4,6.6,100,33.2,72.1,.37,13.11,0,11.7,8.7,10.3,13.1,12.7,12.9,1.4,.8,296,39,7,.3,2.1,1.4,.66,1.1
2021,352,1,15.7,-2.7,5.9,98.5,30.6,66.9,.44,13.37,0,10.9,7.7,9.4,12.7,12.2,12.5,1,.6,288,34,6.6,.5,2.1,1.4,.57,-1
2021,353,1,20.6,-1.1,8.5,96.5,21.8,61.4,.64,13.36,0,10.9,7.6,9.2,12.3,11.8,12,.7,.2,88,47,4.7,2.1,2.3,1.4,.6,-.3
2021,354,1,22.3,-.8,9.1,96,18.7,61.2,.67,12.09,0,11.3,7.5,9.4,11.9,11.6,11.8,.5,.2,77,39,3,2.7,1.9,1.3,.62,.3
2021,355,1,23.9,1.7,11.6,90.3,17.7,53.6,.86,8.3,0,11.5,8.2,9.8,11.8,11.5,11.6,.6,.1,322,51,5.2,3.5,1.4,1.5,.65,.8
2021,356,1,24.8,3.7,12.9,90.5,9,50.8,.96,10.57,0,12.3,9.2,10.7,11.8,11.6,11.7,.7,.2,102,51,3.6,4.1,2,1.6,.66,1
2021,357,1,26.5,9.4,16.9,62.7,11.1,37.8,1.37,11.34,0,13,10.2,11.5,12.1,11.8,11.9,1,.2,56,56,6.1,5.8,2.7,2.1,.67,1.4
2021,358,1,19.8,10.1,15,100,41.7,74.2,.51,2.79,8.38,12.8,11.9,12.3,12.5,12.1,12.3,1.8,.4,77,64,9.1,2.8,.5,1.3,1.23,10
2021,359,1,18.5,10.1,13.8,99.8,52.2,80,.35,5.62,0,13.3,11.4,12.3,12.7,12.5,12.5,.9,.4,76,49,5.2,2.2,.6,1.1,1.24,10.2
2021,360,1,18.7,6.2,12.7,96.6,32.6,68,.53,10.01,0,13.4,11.5,12.4,12.9,12.7,12.8,1.2,.7,297,41,5.8,1.8,1.5,1.5,.97,6.5
2021,361,1,12.5,4.1,8.3,99.5,53,79.9,.25,2.86,0,11.6,10.1,10.7,12.9,12.6,12.8,.8,.1,18,55,4.2,0,0,.7,.86,4.8
2021,362,1,15.2,.9,8.2,99.9,34.8,69.4,.43,11.83,0,11.1,8.6,9.9,12.6,12.2,12.4,1.2,.1,20,65,5.8,.4,1.8,1.4,.71,2
2021,363,1,14.9,7.1,9.9,95.8,39.2,78.1,.29,6.99,1.02,11.9,9.8,10.7,12.2,12,12.1,.9,.2,90,55,4.6,.5,.6,1.1,.94,6
2021,364,1,15.3,6,9.6,92.6,45.1,77,.31,5.98,1.02,11.6,9.9,10.7,12.2,12,12.1,1,.9,96,21,3.7,.6,.5,1.1,.91,5.6
2021,365,1,18.5,8.9,11.5,99.9,54.7,86.3,.22,7.29,12.7,12.8,10.7,11.6,12.2,12.1,12.1,1.8,1,105,49,9.2,2,1,1.5,1.16,9.1
