2018,1,2,24.4,5.6,14.1,63.6,11,31.7,1.26,12.52,0,20.2,7.6,12.3,13.8,13.4,13.6,1.8,1.5,25,30,6.8,4.2,3.4,3,.45,-4.2
2018,2,2,26,5,16.1,71.6,10.9,31.5,1.48,12.94,0,21.7,8.6,13.7,14.1,13.7,13.9,2,1.6,16,35,8,4.8,3.9,3.3,.49,-3.4
2018,3,2,21.8,12,17.8,60.8,11.4,21.6,1.65,5.69,0,19.5,12.2,15.6,14.6,14.1,14.2,2.6,2.2,12,31,8.5,4.2,2.8,3.8,.41,-5.8
2018,4,2,26.6,7.2,16,66.5,8,32.4,1.45,12.85,0,21.7,10,14.6,14.7,14.4,14.6,1.2,.7,16,45,4.7,5.4,3.3,2.4,.5,-3
2018,5,2,27.4,7.6,15.9,55,10.8,32.6,1.39,12.84,0,20.3,9.4,13.7,14.7,14.3,14.5,1.2,.9,39,33,4.5,5.9,3.2,2.5,.55,-1.6
2018,6,2,25,10.4,16.8,66.5,15.5,39.6,1.24,9.06,0,21.3,11.5,15.5,14.8,14.5,14.6,1.2,.6,26,54,4.2,5.4,2.3,2.2,.74,2.3
2018,7,2,25.5,10,17.8,78.8,23.1,48.3,1.21,12.3,0,23.7,12.6,17.1,15.5,14.8,15.1,1.8,1.4,15,34,6.7,5.5,3.2,2.7,.91,5.6
2018,8,2,23.9,12.4,17.3,77.4,27.6,51.3,1.03,7.33,0,22.1,14.6,17.3,15.8,15.5,15.6,1.1,1,38,22,5.1,5.4,1.6,1.9,.98,6.7
2018,9,2,22.6,10.9,15.5,89.8,54.3,67.8,.58,7.5,1.78,21,13.1,15.6,16.2,15.8,16,3.3,.7,252,68,13.1,4.3,1.8,2.7,1.21,9.5
2018,10,2,20.4,7.1,13.6,95.1,44.1,75.6,.46,12.98,0,19.8,10.1,13.9,16.3,15.8,16,1.1,.7,242,41,5.6,2.7,2.1,1.6,1.15,9
2018,11,2,23.8,5.5,14,97.1,32.5,71.9,.61,13.65,0,19.9,8.4,13,15.9,15.2,15.5,1,.4,13,52,5.5,3.9,2.4,1.8,1.09,8.1
2018,12,2,24.6,7.1,15,89.1,27.9,61.7,.83,13.73,0,20.7,9,13.6,15.3,14.9,15.1,1.9,1.7,19,25,6.4,4.5,3,2.6,.98,6.6
2018,13,2,25.4,8.1,17.8,84.6,21.5,43.7,1.3,13.65,0,22.3,10.6,15.1,15.5,15.1,15.3,2.8,2.2,4,34,8.4,5.1,4.1,3.6,.82,4
2018,14,2,26,9.1,17.9,68.4,16.9,35.5,1.45,13.76,0,23.4,11.4,15.9,15.8,15.4,15.6,2.3,1.6,6,41,7.8,5.6,4,3.5,.68,1.5
2018,15,2,26,7.6,16.3,73.8,18.4,45.1,1.21,13.74,0,21.1,10.5,14.8,15.8,15.4,15.6,1.1,.6,35,48,4.2,5.3,3.1,2.2,.77,3.1
2018,16,2,24.4,8.8,16.2,75.9,23.8,49,1.07,11.04,0,20.9,10.8,15.1,15.6,15.4,15.5,1.5,1.3,43,26,5.1,4.8,2.6,2.4,.85,4.6
2018,17,2,25.2,9.6,16.9,70.2,17.3,43.3,1.22,13.99,0,22,11.6,15.4,15.8,15.5,15.6,1.8,1.7,39,24,5.5,5.3,3.5,3,.78,3.4
2018,18,2,25.2,7.9,16,76.7,16.7,44.5,1.17,13.45,0,21.2,10.6,14.6,15.8,15.4,15.6,1.7,1.6,37,22,6.3,4.9,3.3,2.9,.74,2.7
2018,19,2,25.5,6.8,15.7,70.8,24.7,48.7,1.07,13.98,0,21.9,9.4,14.4,15.6,15.1,15.3,1.5,.2,312,66,8.8,4.8,3.1,2.6,.83,4.2
2018,20,2,18,10.8,14.9,58.2,24,41.5,1,14.21,0,19.8,11.6,15.1,15.6,15.3,15.5,6.3,6,279,16,13.6,2.1,5.1,4.5,.7,1.6
2018,21,2,18.3,2.1,10.7,85.4,12.3,40.4,.89,15.1,0,19.1,7.1,11.7,15.6,14.8,15.2,1.9,1.2,331,44,6.7,1.4,3.3,2.5,.46,-4.6
2018,22,2,18.5,1.5,10.9,71.2,14,32.8,.98,14.88,0,18.7,6.7,11.1,14.8,13.8,14.2,2.2,1.9,9,26,7.8,1.5,3.8,2.9,.38,-6.4
2018,23,2,21.5,1.8,12.4,71.6,11.6,31.1,1.15,15.34,0,20.3,6,11.6,14.1,13.5,13.8,2.1,1.7,4,34,9,2.6,4.1,3.2,.39,-6
2018,24,2,24.1,4.3,14.7,73,10.1,27.9,1.38,15.63,0,21.6,7.6,12.8,14,13.6,13.8,2,1.5,16,37,7.2,3.9,4.2,3.5,.41,-5.6
2018,25,2,22.4,2.3,12.1,75.8,16.5,45.7,.92,14.1,0,19.7,6.3,12,14,13.4,13.6,1.9,1.2,252,46,9.7,3,3.1,2.9,.62,-.2
2018,26,2,21.3,5.6,14.8,59.6,12.5,30.6,1.24,15.68,0,21,9.3,13.9,14.2,13.6,13.9,3,2.3,343,36,9.2,2.9,4.4,3.8,.48,-3.9
2018,27,2,23,3.8,14.4,59.2,8.8,21.6,1.42,15.75,0,21.8,7.4,13.1,14.3,13.8,14,2.5,1.8,359,41,8,3.3,4.8,4,.31,-9
2018,28,2,26.6,5.7,18.7,59.7,8.7,18.4,1.91,15.81,0,24.6,9.1,15.6,14.4,13.7,14,3.6,3.1,1,30,11.3,5.2,6,5.5,.36,-7.2
2018,29,2,29.6,17.7,22.3,26.9,8.7,16.9,2.31,16.16,0,26.7,15.5,19.3,15.3,14.4,14.7,4.6,4.2,4,23,10.9,10.9,6.9,7.4,.44,-4.6
2018,30,2,28.3,8.1,18.4,72.8,9.9,29.3,1.74,14.91,0,26.4,12.6,18.1,15.7,15.3,15.5,1.9,1.3,26,43,7.2,6.4,4.4,3.8,.53,-2.2
2018,31,2,28.5,6.6,16.2,66.9,10.4,38.5,1.41,16.27,0,23.7,9.9,15.5,15.7,15.1,15.3,1.1,.6,44,46,5.2,6.2,3.8,2.8,.62,-.1
2018,32,2,28.5,6.6,15.9,77.7,10.5,43.4,1.28,15.96,0,23.1,9.3,14.7,15.3,14.8,15,1,.6,53,46,5.4,6.2,3.6,2.7,.69,1.5
2018,33,2,27.9,6,15.9,70.8,11.1,44.8,1.23,14.77,0,23.7,9.1,14.8,15,14.7,14.8,.9,.2,21,62,4,5.8,3.1,2.5,.74,2.4
2018,34,2,30,6.1,16.7,80,11.5,46.6,1.34,16.16,0,24.1,9,15,14.9,14.5,14.7,.8,.3,197,49,4.6,6.8,3.5,2.5,.77,3.2
2018,35,2,30.3,6.3,17.3,82.5,12.6,46.1,1.44,16.33,0,26.4,9.4,16.1,15.1,14.5,14.7,1.4,1,22,37,7.3,7,4.1,3.4,.77,3
2018,36,2,29.6,7.3,17.2,73.1,13.2,46.2,1.31,16.49,0,24.9,10.6,16.1,15.2,15,15.1,.8,.1,133,61,3.2,6.8,3.5,2.6,.82,4
2018,37,2,27.7,7.3,18.2,78.8,13.3,42.2,1.46,16.56,0,25.2,10.3,16.3,15.2,15,15.1,1.5,.6,8,59,6.8,5.9,4,3.2,.79,3.1
2018,38,2,27.2,10.6,19.9,46.3,8.4,16.8,2.05,17.48,0,26.6,13,17.7,15.6,15.2,15.3,2.4,2.1,4,26,6.7,6.5,5.6,4.7,.36,-7.3
2018,39,2,29,7,18.3,62.3,8.4,26.3,1.8,17.56,0,27.1,10.2,16.9,15.7,15.2,15.5,2.1,1.6,6,37,8.3,6.5,5.3,4.5,.48,-3.6
2018,40,2,30.4,6.6,17.2,73.2,9.5,41.5,1.5,17.57,0,27.7,10.2,16.8,15.8,15.3,15.5,1,.1,275,63,4.5,7.1,4.2,3.1,.7,1.7
2018,41,2,27.2,8.3,17.9,71.8,16.2,42.9,1.34,15.89,0,25.4,10.4,16.8,15.6,15.3,15.4,1.3,.7,182,51,4.7,5.9,3.8,3,.83,3.9
2018,42,2,23.6,7.2,16.2,76.6,9.8,25.8,1.48,17.14,0,25.8,12.6,17.1,15.6,14.9,15.3,3.9,3,4,38,12.4,4.1,5.7,5.3,.43,-6.1
2018,43,2,23.2,6.6,15.4,90.8,32,56.8,.85,14.05,0,25.6,9.9,16.4,15.4,15.1,15.2,2,.8,260,59,7.3,3.8,3.1,2.9,.98,6.3
2018,44,2,21.3,10.6,15.7,72.9,28.7,51.5,.91,11.2,0,24.6,13.5,17.9,15.9,15.4,15.7,1.3,.5,347,59,7.6,3.6,2.3,2.4,.91,5.5
2018,45,2,20.3,9.4,14.1,92.3,45.3,73.7,.46,7.29,.25,21.7,12.8,16.2,16,15.8,15.9,1.2,.4,156,61,4.8,2.9,1,1.7,1.18,9.2
2018,46,2,22,11.2,15.9,95,43.7,75.9,.5,13.84,0,25.8,14.4,18.3,16.3,16,16.1,1.2,.1,318,72,6.1,4,2.3,2.2,1.34,11.2
2018,47,2,22.8,7.5,15.7,91.1,15.2,36.6,1.27,13.29,0,23.1,12,16.3,16.4,15.8,16.1,2.2,1.8,11,32,9.2,3.8,3.8,3.6,.58,-1.5
2018,48,2,23.9,4.3,13.6,73.8,10.6,40.6,1.12,17.65,0,26,7.7,14.9,16,15.1,15.5,1.2,.5,56,54,4.3,3.8,3.8,3,.55,-1.8
2018,49,2,25.7,6.5,15.3,81.2,17,47.7,1.08,18.32,0,27.6,9,16.3,15.4,15,15.2,2,1,188,55,7.4,4.9,4.5,3.7,.79,3.1
2018,50,2,18.1,5.8,12.7,84.3,14.8,45.7,.86,16.9,0,22.8,10.2,14.8,15.7,15.4,15.5,4.4,4,271,23,16,1.6,5,3.9,.64,-.1
2018,51,2,16.7,.7,9.3,81.2,8.7,37,.87,19.55,0,22.7,5.8,12.3,15.7,14.5,15,1.5,1.1,3,37,7.4,.9,4.1,2.8,.36,-8.1
2018,52,2,17.4,-.6,8.8,67.5,8.9,36.8,.83,19.19,0,23,3.4,11.6,14.6,13.3,13.8,1.4,.9,267,46,6.1,1,3.8,2.7,.38,-6.9
2018,53,2,18.2,1.6,10.1,83.6,21.9,53.9,.68,18.93,0,24.2,6.1,13.6,13.9,13.5,13.7,2.1,1.6,227,36,6.9,1.4,3.8,2.9,.62,.2
2018,54,2,17.1,2.2,11,92.5,20.4,48.8,.77,18.92,0,23.3,7,13.4,14.2,13.7,13.9,3.7,3,280,33,14.8,1,4.7,3.5,.59,-.9
2018,55,2,17.9,.8,10.1,62.8,8.4,28.7,.98,20.35,0,24.5,5.8,13,14.3,13.7,14,1.7,.9,329,51,7.1,1.2,4.4,3.3,.32,-9
2018,56,2,20,-.5,10,73.8,9.1,34.6,1.02,20.41,0,24.5,4.5,12.5,13.8,13,13.3,1.7,1.3,7,35,9,1.9,4.6,3.4,.34,-8.3
2018,57,2,21.7,2,11.2,60.6,10.4,32.5,1.07,20.46,0,25.7,4.7,12.9,13.4,12.8,13.1,1.3,.2,87,64,4.4,2.7,4.4,3.2,.38,-6.5
2018,58,2,16.9,3.8,11.1,70.6,31.3,48.6,.72,15.46,0,22.6,6.8,13,13.6,13,13.2,3.3,2.7,298,31,10,1,3.6,3.2,.64,.4
2018,59,2,19,1.2,10.9,84.6,22.5,49.1,.77,20.46,0,25.9,6.5,14.3,13.8,13.6,13.7,2.2,1.6,277,41,8.1,1.6,4.2,3.3,.6,-.4
2018,60,2,21.3,3.8,12.1,79.5,19.5,49.8,.88,20.6,0,26.5,7.2,14.7,13.7,13.5,13.6,1.2,.4,63,59,4.5,2.7,4,3,.63,.3
2018,61,2,24,4.5,14,75.8,17,46,1.07,20.76,0,28,7.1,15.5,13.7,13.4,13.6,1.2,.2,278,69,4.7,3.9,4.3,3.3,.66,1.1
2018,62,2,23.5,4.6,14.6,80.7,24.9,51.5,.96,20.19,0,29.4,8.7,17.2,14.4,13.7,13.9,2.5,1.9,270,36,9.8,3.7,4.8,3.9,.81,3.9
2018,63,2,20.5,10.1,14.8,70.7,10,35.5,1.14,21.05,0,28.1,12.1,17.5,14.9,14.4,14.8,3.7,3.2,304,30,10.9,3.1,5.5,4.9,.58,-1.9
2018,64,2,23.2,8.5,15.8,40.4,7.6,16.4,1.58,21.63,0,28.2,8.6,16.5,14.9,14.2,14.5,2.5,2,357,32,10.4,4.1,6.1,5,.28,-10.5
2018,65,2,26.3,7.3,18.6,39,5.2,11.8,1.99,21.29,0,30.4,11.1,18.3,15,14.5,14.7,2.6,2,350,37,8.4,5.3,6.5,5.5,.23,-12.6
2018,66,2,27.9,5.2,17.3,58.2,4.8,22,1.83,18.44,0,30,10.4,18.5,15.2,14.7,14.9,1.7,1.2,13,38,6.7,5.8,5.2,4.4,.34,-8.4
2018,67,2,29.4,11.2,20.6,45.9,4.8,16.8,2.19,19.92,0,32.6,14.4,21.4,15.8,15.2,15.5,1.6,.6,9,60,5.8,7.7,5.6,4.6,.36,-7.8
2018,68,2,30,9.6,19.6,59.4,15.5,35,1.73,20.03,0,33.3,12.4,21.3,15.9,15.5,15.7,1.3,.7,211,49,6.2,7.5,5,4,.75,2.6
2018,69,2,21,13.9,17.6,69.4,32.9,55.5,.89,5.37,.25,21.1,17,18.9,16.5,15.9,16.3,.9,.6,38,44,3.6,4.6,1,1.8,1.12,8.5
2018,70,2,27.3,12.9,20.7,83,31.1,54.1,1.25,19.71,0,34.1,15.2,23,16.9,16.5,16.6,1.2,.7,311,48,6.5,7.4,4.5,3.6,1.27,10.4
2018,71,2,29.8,14.8,22.5,73.7,22.4,46.3,1.62,19.6,0,33.8,18,24.1,17.5,16.9,17.1,1.8,1.1,7,47,6.6,9.5,5,4.5,1.2,9.6
2018,72,2,29.5,14.9,21.2,81.9,21.8,52.9,1.37,12.88,0,30.3,17.5,22.8,17.7,17.5,17.6,1,.6,226,40,5.3,9.4,2.9,3.1,1.25,10.2
2018,73,2,27.8,14.3,20.9,63.7,25.5,45.3,1.41,21.53,0,34.6,17.2,23.4,18.2,17.7,17.9,5.5,5.1,281,21,14.2,8.3,7.1,6.7,1.11,8.3
2018,74,2,23.4,9.6,16.8,77.8,23.9,44.9,1.13,21.42,0,31.4,13.5,20.8,18.3,17.8,18,3.5,2.9,261,34,12.8,4.4,5.6,5,.82,4.1
2018,75,2,22.6,10.4,16.2,51.5,12.3,29.4,1.35,19.06,0,30.7,12.9,19.5,18,17.3,17.6,2.8,2.2,290,39,8.8,4.2,5.1,4.9,.53,-2.4
2018,76,2,22.5,5.5,14.7,81.5,25.6,49.5,.96,20.98,0,31.8,11.1,19.3,17.6,17,17.2,3,2.4,268,34,10.6,3.3,5,4.3,.79,3.5
2018,77,2,21.4,8.8,14.9,63.9,16.9,40.5,1.08,21.74,0,30.1,10.9,18.8,17.3,16.9,17.1,3.3,2.7,284,33,10,3.3,5.3,4.8,.65,.8
2018,78,2,25.2,5.1,15.8,82.1,8.9,37.8,1.37,23.02,0,32,10.6,19.5,17.1,16.4,16.7,1.4,.1,312,69,5.7,4.5,5.4,4.1,.55,-2.2
2018,79,2,28.3,6.7,17.9,64.5,7.3,28.1,1.75,23.24,0,32.5,10.7,20.2,16.6,16.1,16.3,1.2,0,11,71,4.8,6.1,5.7,4.3,.49,-3.4
2018,80,2,30.3,9.6,20.3,67,12,35.2,1.81,17.74,0,33,12.9,21.7,16.7,16.3,16.5,1,.4,207,53,4.2,7.7,4.4,3.8,.76,2.8
2018,81,2,27.6,15,21.3,66.8,13.7,41.9,1.57,9.56,0,27.9,17.2,21.7,17.4,16.7,17.1,1.5,.8,318,50,10.8,8.5,2.5,3.3,1.02,7.2
2018,82,2,28,15.3,21.7,61.5,15.8,43.9,1.56,24.23,0,36.7,18.9,25.5,18,17.4,17.7,4.1,3.6,292,26,11.7,8.9,6.9,6.5,1.09,8.1
2018,83,2,25.9,12.8,19.5,60.9,13.9,37,1.52,22.29,0,33.7,16.8,22.7,18.2,18,18,3.7,3.4,287,24,10.4,6.6,6.7,6,.8,3.4
2018,84,2,23,11.6,16.8,52.2,19.1,35.1,1.31,23.81,0,31.9,13.1,20.5,18.3,17.8,18,4.6,4.3,291,21,13.1,4.7,7,6.3,.65,.8
2018,85,2,24.1,10.7,17.1,44.9,9.6,26.2,1.54,24.67,0,32.7,11.6,19.9,18,17.2,17.5,4.6,4.4,303,19,12.1,5,7.3,7,.47,-4.1
2018,86,2,26.1,10.4,18.9,40.5,8.9,15.9,1.94,25.15,0,34,12.8,21.1,17.5,17,17.3,3.8,3.3,317,29,10.2,5.9,8,7.1,.33,-8.5
2018,87,2,30.5,5.6,18.4,61.7,9.6,28.1,1.82,24.95,0,36.2,11.7,22.2,17.5,16.9,17.2,1.9,1,299,52,9.6,6.9,6.6,5.6,.52,-2.3
2018,88,2,33.1,9.7,21.1,67.5,11,36.7,1.93,24.93,0,38,13.6,23.8,17.5,17,17.2,1.2,.7,200,47,6.7,8.6,6.2,5,.81,3.8
2018,89,2,35.2,12.1,23.6,64.1,7.2,33,2.38,25.13,0,39.3,15.2,25.4,17.9,17.4,17.5,1.3,.2,182,71,5.3,9.8,6.7,5.5,.82,3.8
2018,90,2,35.1,14.6,23.5,55.5,12,34.2,2.17,22.08,0,38.5,16.8,25.7,18.5,17.9,18.1,1.4,.8,174,48,5.9,11,6,5.3,.92,5.5
2018,91,2,32.1,13.2,22.5,71,7,37.7,2,23.19,0,39.3,18,26.5,19,18.4,18.7,1.5,1,209,44,5.6,9.6,6.1,5.2,.9,5.1
2018,92,2,31.2,11.6,21.3,68.2,12.7,39.1,1.82,25.2,0,38.5,15.6,25.2,19,18.5,18.7,1.5,.9,202,43,6.3,8.6,6.5,5.2,.89,5.2
2018,93,2,30.4,11.9,21.1,79.2,20.5,48.1,1.52,24.8,0,38.3,16,25.4,18.9,18.6,18.8,1.1,.7,182,42,4.7,8.4,5.8,4.6,1.12,8.6
2018,94,2,32.5,13.2,22.4,74.5,15.1,44.8,1.79,23.1,0,36.9,16.3,25.1,19,18.8,18.9,1.1,.5,203,50,4.1,9.7,5.5,4.7,1.1,8.3
2018,95,2,33.9,13.3,23.1,80.7,9.9,41.1,2.05,25.5,0,39.4,16.8,26.4,19.3,18.8,19,1.4,1,216,34,7,10.1,6.7,5.5,.99,6.5
2018,96,2,33.4,14.4,23.7,73.8,14.2,40.3,2.06,20.99,0,36.5,18.4,26.9,19.8,19.3,19.4,1.9,1.7,215,24,7,10.5,5.9,5.6,1.06,7.7
2018,97,2,35.3,17,25.7,67,26.2,43.6,2.08,24.66,0,42.4,20.3,29.4,20.5,19.7,20,2.8,2.2,234,35,12.9,12.2,7.3,7,1.4,11.7
2018,98,2,35.3,16.5,25.1,77.2,7.8,38.5,2.37,26.71,0,42.2,20.5,29.3,20.8,20.5,20.6,1.4,.5,249,63,6.7,11.9,7.1,6,1.03,6.3
2018,99,2,35.7,11.5,24.7,76,5.3,31.2,2.68,26.85,0,40.8,17.4,27.6,20.8,20,20.4,1.8,1.6,6,27,7.7,9.8,8,6.6,.73,1.6
2018,100,2,37,12.1,26.6,63.7,5.4,21.3,3.1,26.76,0,42.5,18.1,28.2,20.6,20.1,20.4,1.7,.1,55,75,5.7,10.3,7.8,6.6,.65,.3
2018,101,2,36.7,13.4,25.7,73.4,8,33.1,2.64,25.85,0,41.9,18.6,28.5,20.8,20.4,20.5,1.8,1.1,204,44,6.1,10.7,7.4,6.5,.94,5.8
2018,102,2,26.7,16.9,22.2,39.8,14,25,2.05,25.44,0,36.3,19.8,26.1,21.1,20.8,20.9,5.2,5,287,17,12.9,9,9,8.3,.66,1
2018,103,2,26.3,12.1,20.6,38.7,6.5,13.5,2.16,27.44,0,36,15,23.5,20.9,19.9,20.3,3.4,2.9,344,30,11.1,6.5,8.6,7.3,.31,-9
2018,104,2,30.5,7.3,19.4,72.1,5.8,30.5,1.92,27.92,0,39.5,13.7,24.5,20.1,19.2,19.6,1.3,.4,147,59,6.4,7.2,6.9,5.4,.55,-2.1
2018,105,2,33.2,10.5,21.8,65.7,7.3,31.6,2.17,24.72,0,37.9,14.4,25.1,19.5,18.9,19.2,1,.4,187,54,4.2,8.9,6.2,5,.7,1.4
2018,106,2,28.2,14.9,21,57.2,11.2,30,1.85,13.66,0,30.3,17.8,23.2,19.7,19.3,19.5,2.5,1.8,287,39,14.2,8.8,4,5.3,.7,1.6
2018,107,2,25.7,9.8,17.8,52.4,9.9,27.4,1.61,28.11,0,36.3,12.6,22.6,19.8,19,19.4,3.9,3.2,313,33,15.2,5.5,7.7,7.1,.51,-2.5
2018,108,2,28.8,6.5,18,74.8,8.4,36.8,1.65,27.74,0,38.5,12.7,23.7,19.4,18.6,18.9,1,.5,164,47,4.9,6.3,6.4,4.8,.62,-.3
2018,109,2,22.6,9.6,16.9,74.4,23,36.7,1.28,27.24,0,33.1,14.4,21.9,19,18.6,18.8,5.6,5.3,285,18,13.6,4.1,8.4,6.7,.69,1.5
2018,110,2,28.6,6.4,17.9,80.7,13.8,45.2,1.41,27.95,0,39.1,12.4,24,19.1,18.5,18.8,2,1.3,244,43,6.9,6.2,6.7,5.7,.81,3.8
2018,111,2,32.2,11.1,21.3,75.3,11.6,43.8,1.75,25.18,0,39.7,15.2,25.7,19,18.5,18.8,1.2,.2,168,67,4.6,8.8,6.1,5.2,1,6.8
2018,112,2,34.8,12.1,23.4,80.9,7.7,41.2,2.18,28.09,0,42,16.3,27.5,19.4,18.9,19.1,1.1,.5,185,49,5.3,9.8,7.1,5.7,1,6.8
2018,113,2,35.2,13.6,24.4,73.8,11.1,38.3,2.27,26.26,0,42.4,17.1,27.9,19.8,19.3,19.5,1,.6,196,39,4.3,10.5,6.5,5.4,1.04,7.4
2018,114,2,35.8,14.2,24.8,79.8,11.7,38,2.31,28.13,0,43.8,17.9,29.2,20.2,19.7,19.9,1.3,.9,210,40,4.6,10.9,7.3,6.1,1.07,7.8
2018,115,2,35.9,14.1,25.4,76.7,10.7,38.4,2.42,27.48,0,44,18.8,30,20.6,20.1,20.3,1.2,.9,219,35,6.1,10.9,7.2,6,1.1,8.1
2018,116,2,35.4,17.7,27,70.5,13.5,32.7,2.59,23.64,0,42.3,22.1,30.7,21.2,20.6,20.9,2.2,1.5,254,45,9,12.4,7,6.9,1.1,7.9
2018,117,2,35.5,15.1,25.9,74.3,10.2,36.6,2.51,28.42,0,44.6,19.9,30.7,21.4,21,21.2,2.3,1.5,253,41,10.7,11.2,8.1,7.4,1.06,7.3
2018,118,2,34.4,19.7,26.4,38.8,5.4,17.3,2.97,29.38,0,44.3,19.4,30,21.6,21.2,21.4,3.7,3.2,285,31,10.7,13.2,9.7,9.6,.57,-1.1
2018,119,2,31.1,15.3,23.7,60,9.3,25,2.35,28.16,0,42.4,18.9,28.4,21.7,21.3,21.5,4.5,3.7,277,33,12.4,10.3,9.3,9,.69,1.5
2018,120,2,28.7,15.7,21.2,54.7,17.1,36.6,1.69,24.87,0,39.3,18.4,26.6,21.5,21,21.2,5,4.6,284,23,12.5,9.4,7.7,8.1,.89,5.3
2018,121,2,24.3,13,18.1,58.9,21.1,38.3,1.35,24.91,0,34.7,15.9,23.2,21.2,20.5,20.8,5.4,4.9,286,26,12.8,5.9,7.4,7.1,.77,3.2
2018,122,2,24.6,10.4,17.5,77,25,45.5,1.19,24.35,0,25.6,13.7,20.3,20.6,20,20.2,3,2.6,271,31,8.9,5.1,5.9,5.5,.88,5
2018,123,2,28.5,9.6,19.5,88.5,23.4,53.2,1.31,28.78,0,29.8,17.2,23,20.3,20,20.1,1.6,1.2,212,39,5.8,6.8,6.5,5.4,1.11,8.4
2018,124,2,36,11.4,24.8,82.5,10.1,39,2.48,29.33,0,32.5,19,25.4,20.7,20.3,20.4,1.5,0,87,71,5,9.7,7.8,6.6,.98,6.3
2018,125,2,40.4,13.6,27.1,76.8,5.9,33.6,3.02,29.82,0,34.3,20.8,27.1,21.2,20.7,20.9,1.3,.2,51,65,5.4,11.3,8.2,6.9,.98,6.4
2018,126,2,40,14,27.5,75.1,7.9,35.8,2.97,29.62,0,35.4,21.7,28.1,21.7,21.2,21.4,1,.6,171,44,3.5,11.5,7.7,6.4,1.12,8.6
2018,127,2,38.4,16,27.1,70.3,9.2,37.3,2.73,28.6,0,35.4,22.8,28.7,22.2,21.7,22,1.2,.9,209,36,4,12.1,7.5,6.4,1.17,9.2
2018,128,2,37.7,16.2,26.8,74.7,10.7,39.8,2.58,28.98,0,35.5,22.6,28.7,22.5,22.2,22.3,1,.7,184,38,4,12.1,7.5,6.2,1.25,10.1
2018,129,2,38.2,14.8,26.9,85,11.5,38.3,2.58,29.59,0,35.8,22.7,28.9,22.8,22.4,22.5,1.3,.9,198,41,5.6,11.6,7.9,6.7,1.24,10.1
2018,130,2,36.9,17.2,27,65,14.2,34.1,2.64,29.4,0,36.1,23.3,29.3,23.1,22.7,22.8,1.7,1.4,177,31,6.1,12.5,8.3,7.2,1.15,9
2018,131,2,36.6,14.5,25.5,80.8,11.1,39.2,2.36,28.87,0,35.4,23.6,29,23.3,23,23.1,3,1.6,236,52,10.9,11.2,8.8,8.5,1.12,8
2018,132,2,29.6,14.5,22.3,63,15.2,34.4,1.9,29.56,0,33.5,22.9,27.7,23.4,22.9,23.2,2.9,2.2,274,38,9,9.3,8.1,7.2,.88,5.1
2018,133,2,29.6,15.4,22.3,65.3,15.9,37,1.83,30.13,0,34.3,22.6,27.9,23.2,22.8,23,2.2,1,288,58,7,9.8,7.6,6.7,.94,6
2018,134,2,32.4,10.6,22.6,85.1,11.1,41,1.99,30.25,0,34.6,21.2,27.6,23,22.4,22.7,1.3,.8,220,46,5.2,8.7,7.4,6.1,.95,6.1
2018,135,2,34.2,13.1,25,83.4,8.4,34.3,2.38,30.22,0,35.5,23.1,28.7,23,22.7,22.8,1.5,.5,256,61,5.2,10.1,7.9,6.6,.96,6
2018,136,2,36.8,14.3,26,76.2,8.2,33.5,2.68,30.22,0,36.1,22.4,28.9,23.1,22.6,22.9,1.7,.6,236,60,10.8,11.2,8.1,7.2,.95,6.1
2018,137,2,34.9,18.7,27,52.8,6.8,20.6,3.03,30.59,0,34.8,24.2,29.1,23.3,23,23.1,4,3.6,283,27,10.5,12.9,10.4,10.1,.67,.9
2018,138,2,33.4,16.1,24.7,62.3,12.2,28.8,2.41,30.25,0,35.3,23,28.6,23.3,22.9,23.1,2.3,1.6,267,45,7.4,11.3,8.5,7.6,.85,4.3
2018,139,2,34.1,15.3,24.2,63.5,14.7,39,2.09,29.88,0,35.9,22.7,28.9,23.2,22.8,23,1.4,1.2,189,29,7.7,11.1,7.7,6.5,1.12,8.5
2018,140,2,34,14.6,24.1,72.2,18.7,47.2,1.89,29.45,0,35.8,22.8,29,23.3,22.9,23.1,1.7,1.3,182,35,6.1,10.7,7.6,6.6,1.32,10.9
2018,141,2,33.1,16.7,24.8,78.5,14.9,43.9,2.03,28.59,0,36.5,24,29.7,23.5,23.2,23.3,2.6,1.2,256,55,11.1,11.6,8,7.3,1.25,9.7
2018,142,2,31,17.3,23.7,62.2,13.7,33.1,2.12,30.09,0,35.6,23.9,29.3,23.7,23.3,23.5,2.1,1.1,272,54,10.6,11.3,7.9,7,.91,5.5
2018,143,2,32.9,14.9,23.6,84.7,15.2,47.5,1.84,30.12,0,36.1,22.8,29.1,23.6,23.1,23.3,1.4,1,189,35,5.3,10.6,7.4,6.3,1.25,10.1
2018,144,2,33.9,14.7,24.2,83.7,14.8,44.2,2.01,30.19,0,36.4,23.1,29.4,23.6,23.2,23.4,1.7,1.2,160,40,6.3,10.8,7.9,6.7,1.21,9.6
2018,145,2,33.9,15.1,25.4,77.8,11.3,29.1,2.61,30.65,0,35,23.4,28.8,23.7,23.3,23.5,3.9,3.6,292,22,13.8,10.9,10,9.3,.82,3.9
2018,146,2,30.9,16.8,23.5,49,17.8,32.7,2.07,30,0,32.2,23,27.4,23.5,23,23.3,5.6,5.3,291,17,11.9,11,10.1,9.7,.9,5.5
2018,147,2,33.1,15.7,24.4,65.4,16.6,39,2.08,30.4,0,35.8,22.8,28.6,23.2,22.9,23.1,2.4,1.5,253,48,7.5,11,8.1,7.4,1.12,8.6
2018,148,2,37.5,14.9,26,76.3,10.9,41,2.48,30.41,0,37.3,23.6,30,23.4,23.1,23.2,1.5,1.1,207,40,5.1,11.6,8,7.1,1.19,9.5
2018,149,2,38.4,18.1,27.8,64.6,11,36.1,2.8,30.18,0,38.2,24.6,31,23.8,23.4,23.5,1.4,1,196,38,5.2,13.1,8.2,7.1,1.21,9.7
2018,150,2,35.9,18.3,26.9,65.1,10.4,37.1,2.53,30.33,0,37.7,25,31.1,24.2,23.8,23.9,2,1.7,162,29,7.1,12.8,8.6,7.6,1.19,9.2
2018,151,2,36.7,16.9,27.5,74.4,9.6,34.5,2.82,30.3,0,37.8,25,31.1,24.3,24,24.1,2.1,1.4,257,42,9.1,12.3,8.7,7.8,1.08,7.6
2018,152,2,36,18.3,27.7,61.1,5.6,24.8,3.08,31.55,0,38,25.7,31.2,24.5,24.2,24.3,1.9,1,270,51,7.2,12.8,9.1,7.8,.8,3
2018,153,2,39.8,14.1,27.4,75.1,8,33.8,2.99,30.78,0,38.2,24.2,30.9,24.5,24,24.2,1.3,.9,216,41,5.4,11.5,8.4,7.2,1.04,7.4
2018,154,2,41.7,17.2,29.6,69.3,5.8,30.9,3.49,31.14,0,39.6,25,31.9,24.5,24.1,24.3,1.1,.4,173,54,5.8,13,8.5,7.1,1.08,7.9
2018,155,2,39.3,16.9,29.1,66.7,10.4,29.4,3.29,31.22,0,38.9,25.6,32,24.8,24.4,24.6,2,1.7,159,28,7.6,12.6,9.6,8.3,1.04,7.5
2018,156,2,37.3,18.8,28.2,71.5,11.1,37.5,2.74,28.91,0,38.9,26.1,32.1,25,24.7,24.8,2,1.7,147,26,6,13.3,8.3,7.6,1.28,10.3
2018,157,2,38.2,18.7,28.2,71,10.8,36.9,2.82,29.42,0,39,26.4,32.3,25.1,24.8,25,1.4,1,170,40,5.2,13.3,8,7.1,1.25,10.2
2018,158,2,39.2,16.5,28.6,67.7,8.8,32,3.2,30.87,0,39.4,25.8,32.4,25.3,24.9,25,1,.5,204,50,4.4,12.4,8.2,6.6,1.05,7.3
2018,159,2,41.4,17.5,29.4,72.4,5.9,31.7,3.47,30.95,0,40,25.9,32.6,25.3,24.9,25.1,.9,.4,196,50,4,13.1,8.2,6.7,1.04,7.2
2018,160,2,40.6,17.8,30.4,69.7,5.6,28,3.69,31,0,39.8,26.3,32.8,25.4,25.1,25.2,1.7,1.2,238,39,7.9,13.2,9.1,8,.99,6.3
2018,161,2,40.2,16.4,29.8,65.9,4.5,23.2,3.7,31.06,0,39.6,26.9,32.9,25.7,25.4,25.5,1.7,.9,266,53,6.9,12.6,9.2,8,.79,2.7
2018,162,2,40.5,17.3,29.1,71.6,7.3,33.5,3.25,31,0,40.3,26.3,33,25.7,25.2,25.5,1.1,.7,168,41,4.8,13,8.3,7,1.15,8.8
2018,163,2,40.3,18,29.5,62.4,8.9,30.7,3.34,29.98,0,39.9,26.3,32.8,25.7,25.3,25.5,1.3,.8,149,42,5.8,13.3,8.5,7.2,1.11,8.4
2018,164,2,42.5,17.4,30.8,76.9,7.1,33.2,3.56,27.7,0,40.2,26.8,33,25.7,25.4,25.6,1.2,.7,182,47,6.3,13.1,7.9,7,1.25,10.1
2018,165,2,41.2,20.8,31.2,62.5,13.8,34.2,3.38,28.12,0,40.9,28.8,34.4,26.2,25.7,25.9,1.7,1.3,178,38,7.4,14.5,8.3,7.7,1.44,12.3
2018,166,2,34.6,23.6,27.6,88.6,39.3,61.6,1.49,14.49,0,35,29.8,32.2,26.5,26.2,26.4,3.3,3,149,24,8.5,15,4.4,5.7,2.25,19.2
2018,167,2,35.2,21,28,89.8,21.6,56.3,1.88,23.36,0,37.6,28.4,32.2,26.5,26.1,26.3,2.7,2.5,143,25,7,13.9,6.6,6.7,1.99,16.9
2018,168,2,35.5,18,26.7,79,13.4,41,2.37,29.88,0,39,26.3,32.3,26.3,25.8,26,2.2,1.2,248,49,8.8,12.6,8.3,7.6,1.31,10.5
2018,169,2,36.1,15.6,26.7,68.5,6,29.5,2.81,31.45,0,38.8,25.8,32,26.2,25.6,25.9,1.3,.7,236,46,5.6,11.6,8.4,6.9,.89,4.9
2018,170,2,38.6,16,27.5,74.3,10.7,37.9,2.82,30.92,0,39.4,25.5,32.1,25.9,25.4,25.7,1.4,1,210,40,5.3,12.2,8.3,7.2,1.18,9.1
2018,171,2,40.1,18.3,29,66.6,10.7,34.2,3.14,30.48,0,39.9,26.1,32.7,25.9,25.5,25.7,1.5,1.2,202,27,6.3,13.4,8.7,7.5,1.2,9.5
2018,172,2,41.4,16.9,29.3,69.3,8.2,34.7,3.24,31.38,0,40.5,25.8,32.8,25.9,25.5,25.7,1.4,1,180,37,4.8,12.8,8.8,7.7,1.21,9.6
2018,173,2,42.9,19.8,31.2,56.5,10.5,29.7,3.73,30.78,0,41,26.9,33.5,26.1,25.7,25.9,1.5,1.1,196,38,6,14.2,9.1,8,1.21,9.7
2018,174,2,37.6,21.7,29.7,73.1,25.4,45.7,2.46,29.65,0,40.3,28,33.8,26.7,26.1,26.3,3.1,2.9,155,21,10.1,14.5,9,8.6,1.88,16.2
2018,175,2,39.4,21.7,29.5,78,12,43.1,2.75,30.64,0,41.2,28.2,34.3,26.9,26.6,26.7,2.1,1.8,140,22,8.8,14.7,8.8,8.2,1.6,13.5
2018,176,2,41.2,20.6,30.3,72.5,6.7,35.5,3.31,31.04,0,41.2,27.7,34.1,26.9,26.5,26.7,1.4,1,194,41,5.6,14.4,8.7,7.7,1.32,10.7
2018,177,2,42.6,17.5,30.8,71.8,5,29.1,3.73,31.45,0,41.4,27.3,34,26.9,26.4,26.6,1.3,.9,195,39,5.7,13.3,9,7.7,1.08,7.8
2018,178,2,41.9,17,30.4,74.9,11.3,38.4,3.19,29.95,0,41.1,27.1,33.9,26.9,26.4,26.6,1.7,1.3,187,36,6.2,13,8.6,8,1.5,12.8
2018,179,2,41.3,18.8,30.5,80.4,9,43.2,3.08,30.37,0,41.3,27.8,34.3,27,26.7,26.8,2.3,1.6,182,40,7.3,13.7,8.9,8.6,1.62,13.5
2018,180,2,39.1,23,30.8,81.5,8.7,40.1,3.12,30.63,0,41.6,29.8,35.2,27.4,27,27.2,2.5,1.8,172,43,7.5,15.2,8.9,8.8,1.53,12.1
2018,181,2,37.9,18.8,29.5,75.1,11.4,36.7,3,30.64,0,41.3,28,34.5,27.5,27,27.2,1.3,.9,157,41,5.5,13.3,8.2,7,1.33,10.9
2018,182,2,40.5,19.9,30.6,58.3,7.6,27.6,3.61,30.87,0,41.4,27.9,34.4,27.3,26.9,27.1,1.3,.7,216,49,5.1,14,8.7,7.3,1.05,7.5
2018,183,2,42.6,18.9,31.1,63.6,6.9,29.1,3.78,30.62,0,41.2,27.8,34.3,27.3,26.9,27.1,1.4,.9,206,42,6,13.9,8.9,7.7,1.11,8.2
2018,184,2,40.3,20.1,30.7,59.6,10.6,31.4,3.39,30.34,0,41.4,28,34.4,27.3,26.9,27.1,1.9,1.6,168,27,7.8,14.2,9.1,8.1,1.28,10.3
2018,185,2,40.8,21.4,31.2,72.8,11,36.6,3.35,29.57,0,41.7,28.7,34.7,27.4,27,27.2,2.1,1.6,151,38,7,14.6,8.7,8.3,1.46,12.3
2018,186,2,45.6,20.3,34.5,68.6,6.7,26.9,4.9,29.39,0,41.6,28.8,35,27.5,27.1,27.3,1.9,1.4,273,39,6.9,14.5,9.6,8.9,1.1,7.4
2018,187,2,47.5,25.7,38.2,40.3,6.4,18.2,5.83,28.15,0,43.8,31.4,37,27.8,27.4,27.6,2.4,.7,80,64,8.8,16.5,10.2,10,1.18,8.4
2018,188,2,43.9,28.8,36,46.5,17.2,29.2,4.43,27.84,0,44,32.2,37.7,28.4,27.8,28.1,2.3,1.7,161,38,8.8,17.1,9.4,9.1,1.72,14.9
2018,189,2,42.7,28,34.8,53.3,19.5,36.3,3.76,24.61,0,42.8,32.9,37.5,28.7,28.4,28.6,2.2,1.7,171,35,8.6,16.9,8.1,8.2,1.96,17.1
2018,190,2,39.6,24.9,32.1,87,26.3,51.2,2.66,25.76,1.27,41.3,32.3,36.6,28.9,28.6,28.8,3.6,2.2,127,50,15.2,15.9,7.8,8.7,2.28,19.5
2018,191,2,38.1,25.9,31.1,76.6,28.9,53.5,2.3,21.88,0,41,32.1,35.9,28.8,28.5,28.6,2,.5,72,67,7.3,16.2,6,6.5,2.32,19.8
2018,192,2,39.6,27,32.8,71.9,24.3,46.2,2.92,27.57,0,42.7,32,36.8,28.8,28.5,28.6,2.6,2.2,162,30,7.7,16.6,8.6,8.4,2.18,18.8
2018,193,2,41.7,26.6,33.9,57.6,20.4,36.5,3.61,27.6,0,42.9,31.9,37.1,29,28.7,28.8,2.2,1.5,211,91,9.5,16.5,8.9,8.5,1.83,16.1
2018,194,2,42.5,24.3,34.2,66.4,17.1,35.7,3.85,28.13,0,43.8,32,37.5,29.2,28.8,29,1.7,1.2,185,39,6.7,15.8,8.6,7.9,1.75,15.3
2018,195,2,43.9,26,35,61.3,12.6,32.4,4.22,28.35,0,44.3,32.2,38,29.3,29,29.1,1.6,1.3,172,30,6.4,16.3,8.8,8,1.64,14.3
2018,196,2,41.9,27.4,33.8,52.5,18,34,3.63,16.71,0,40.5,33.5,36.3,29.5,29.2,29.3,2.2,1.5,174,43,8.2,16.8,6,7,1.74,15.3
2018,197,2,42.6,27.1,35,60.7,19.7,35.4,3.9,26.33,0,43.5,32.3,37.2,29.2,28.9,29.1,2.4,1.8,171,35,7.6,16.7,8.7,8.6,1.9,16.6
2018,198,2,39.3,30,33.8,70.8,29,44.6,3.04,23.87,0,43.5,34.2,38.1,29.5,29.2,29.4,3.4,2.9,168,30,8.8,17.2,7.9,8.7,2.3,19.5
2018,199,2,37.7,25.3,31,89.4,36.1,61.9,1.89,19.9,1.27,40.4,32.9,36.4,29.7,29.4,29.5,2.8,2.1,160,39,10.4,16,5.8,6.4,2.68,22.2
2018,200,2,40.5,26,32.9,73,27.7,48.1,2.86,27.51,0,43.2,31.6,36.9,29.5,29.1,29.3,2,1.4,192,40,6.6,16.3,8,7.7,2.28,19.6
2018,201,2,42.2,26.5,34,70.9,16.4,38,3.67,27.7,0,43.6,32.3,37.5,29.5,29.2,29.4,2,1.5,184,37,8.5,16.4,8.7,8.2,1.87,16.2
2018,202,2,41.2,25.2,33.2,59.9,16.1,34.9,3.62,24.11,0,42.2,31.9,36.5,29.6,29.1,29.4,2.2,.6,119,63,11.6,16.1,7.8,7.9,1.66,14.5
2018,203,2,43.3,25.5,35,61,16.1,31.9,4.22,27.85,0,43.7,31.5,37.2,29.4,29,29.2,1.4,1,225,38,7.2,16.2,8.4,7.5,1.66,14.5
2018,204,2,46.8,27,37.6,53.7,11.8,26.1,5.3,27.85,0,44.8,32.7,38.3,29.7,29.3,29.5,1.7,1.2,216,42,6.7,16.7,9,8.4,1.52,13.1
2018,205,2,47.5,27.5,37.7,57.6,11.2,28.4,5.22,26.65,0,44.5,33,38.5,29.9,29.6,29.7,1.9,1.5,178,31,9.5,16.9,9.1,8.7,1.65,14.3
2018,206,2,47.3,28.5,37.1,54.7,12.4,32.7,4.72,27.11,0,45.1,33,38.6,30,29.7,29.9,2.1,1.6,185,33,8.3,17,9.2,9,1.9,16.6
2018,207,2,44,30.1,35.9,63,15.8,38.6,3.9,19.96,0,41.5,34.3,37.6,30.2,30,30.1,2.9,2.2,172,37,8.9,17.2,7.5,8.6,2.16,18.5
2018,208,2,42,27.6,35,60.1,24.8,40.3,3.62,25.7,0,43,32.5,37.3,30.2,29.8,30,3.2,2.8,158,26,9.3,16.8,9.2,9.2,2.19,18.9
2018,209,2,41.7,28.7,34.7,74.3,23.2,47,3.22,25.85,0,43.2,33.6,38,30.2,30,30.1,3.8,3.6,159,19,9.8,17,9.3,9.6,2.45,20.6
2018,210,2,41.3,28.4,33.7,63.8,25.9,45.1,3.02,19.11,0,42,33.8,37.4,30.4,30.1,30.2,2.1,1.4,191,43,8.1,16.9,6,6.8,2.3,19.7
2018,211,2,43.4,27,35.7,66,18.3,38.9,3.92,26.92,0,44.2,32.8,38,30.3,30,30.1,1.9,1.4,204,41,5.8,16.7,8.4,8.1,2.11,18.2
2018,212,2,43.5,30.3,36.4,50.3,20.4,34.4,4.16,24.67,0,43.8,34.5,38.8,30.5,30.2,30.3,2.9,1.4,151,56,9.9,17.2,8.9,9.3,2.03,17.6
2018,213,2,43.3,29.1,35.7,77.6,22.7,42.9,3.65,25.46,0,44.7,33.9,38.7,30.6,30.3,30.5,2,1.7,198,31,6.8,17.1,8.1,8,2.38,20.2
2018,214,2,44,29.3,36.5,58.5,17.7,35.7,4.23,26.2,0,44.2,34.4,39,30.8,30.5,30.6,2.5,1.9,203,37,8.2,17.2,9,8.9,2.06,17.9
2018,215,2,44.6,28.8,36.6,58,14.6,35.8,4.3,26.53,0,45.3,34.1,39.2,30.9,30.6,30.7,1.7,1.1,199,46,6.7,17.1,8.3,7.8,2.05,17.8
2018,216,2,45.3,28.9,36.8,56.3,11.7,35.2,4.35,26.65,0,45.2,34.1,39.2,31,30.7,30.8,2.3,1.8,191,35,6.7,17.1,9,8.9,2.06,17.8
2018,217,2,45.1,27.8,36.4,64.6,8.6,32.2,4.64,27.52,0,44.8,33.4,38.8,31,30.6,30.8,1.4,1,213,42,5.2,16.9,8.5,7.6,1.71,14.2
2018,218,2,45.1,27.3,36,63.8,14.2,39.1,4.03,26.55,0,45.1,33.4,38.9,31,30.6,30.8,2.1,1.6,179,36,8.3,16.8,8.4,8.4,2.16,18.6
2018,219,2,42.9,30.1,35.4,70.5,20,44.3,3.48,25.95,0,44.4,34.7,38.9,31.1,30.8,30.9,4.6,4.1,159,26,11.3,17.2,9.7,10.8,2.42,20.4
2018,220,2,40.9,28.9,33.8,67.2,25.2,49.5,2.82,24.37,0,43.6,34.5,38.6,31.1,30.8,30.9,3.9,3.4,154,30,12.3,17,8.1,9.2,2.54,21.3
2018,221,2,39.5,27.2,33.1,70.2,29.2,51.8,2.61,24.42,0,43.4,34.2,38.3,31.1,30.8,30.9,3.7,3.1,173,32,9.9,16.7,8,8.5,2.55,21.3
2018,222,2,40.6,27.4,34,79.1,25.8,47.2,3.08,24.89,0,43.5,33.7,38.1,31.1,30.7,30.9,2.3,1.4,186,48,8.1,16.7,7.6,7.6,2.37,20.1
2018,223,2,41,28.3,33.5,71.6,18.3,43.2,3.19,19.65,0,41.8,33.8,37.3,31,30.7,30.9,1.8,.5,167,65,10,17,6,6.5,2.11,18
2018,224,2,40.9,27,33.6,78.9,25.5,51,2.83,25.69,0,43.5,33.2,37.7,30.8,30.5,30.7,2.9,2.4,182,35,7.4,16.6,8,8.3,2.51,21
2018,225,2,39.8,27.2,32.7,66.5,28.1,48.1,2.68,20.81,0,42.1,33.2,37,30.9,30.5,30.7,2.8,2,171,41,10,16.7,6.7,7.4,2.35,20
2018,226,2,40.9,26.6,33.1,85.2,22.5,49.6,2.87,25.99,0,42.9,32.3,37,30.7,30.3,30.5,2.6,2.2,178,31,8.4,16.6,8.2,8.1,2.34,19.8
2018,227,2,38,27.5,32.8,67.6,31.7,49.7,2.61,23.06,0,41.5,32.7,36.8,30.7,30.3,30.5,2.6,2,156,38,8.6,16.7,7.2,7.1,2.44,20.6
2018,228,2,38.8,28.4,32,76.8,30.6,58,2.12,19.72,0,41,33.3,36.6,30.7,30.5,30.6,2.9,2,137,46,13.5,17,5.9,6.9,2.7,22.3
2018,229,2,39.9,26.8,33.3,75,27.8,50.2,2.81,25.09,0,42.6,32.2,36.8,30.7,30.3,30.5,1.6,.8,208,52,6.5,16.5,7.1,6.7,2.43,20.6
2018,230,2,42.1,26.8,34.8,66.1,17.9,40.1,3.65,25.85,0,43.4,32.7,37.6,30.7,30.4,30.5,1.6,1.1,184,41,6.4,16.6,7.7,7.1,2.09,18
2018,231,2,42.8,27.8,35.1,77.8,24.2,48,3.26,25.22,0,43.7,33.6,38.2,30.8,30.5,30.7,2.2,1.9,199,30,6.3,16.9,7.8,7.8,2.56,21.4
2018,232,2,41.9,27.9,34.5,62.7,21.8,42,3.4,24.57,0,42.7,33.3,37.7,31,30.6,30.8,3.2,2.9,166,22,9.5,16.9,8.7,8.8,2.21,19
2018,233,2,39.7,29,33.6,74.8,24.4,47.5,2.93,22.9,0,42.5,33.8,37.4,31,30.7,30.9,3.4,3.1,156,24,8.5,17.1,7.9,8.4,2.37,20
2018,234,2,40.4,27.8,33.5,74.5,24.1,46.1,3.01,24.71,0,42.6,32.6,37,30.9,30.5,30.7,2.5,2.1,160,29,7.8,16.8,7.8,7.8,2.28,19.4
2018,235,2,41,25.2,33.2,60.3,22.2,41.1,3.21,24.28,0,42.5,32.2,36.9,30.9,30.5,30.7,2.1,1.5,177,40,7.3,16.1,7.5,7.3,2.02,17.5
2018,236,2,39.6,27.3,32.8,72.6,27.3,48.1,2.79,24.05,0,42.2,32.4,36.8,30.8,30.5,30.7,2.3,2.1,161,26,8.6,16.7,7.4,7.3,2.3,19.6
2018,237,2,40,26.9,33,68.1,20.2,44,3.06,24.96,0,42,31.8,36.5,30.8,30.4,30.6,2.4,2,162,31,7.1,16.5,7.9,7.6,2.11,18.3
2018,238,2,40.6,25.2,32.3,59.6,13.7,35.3,3.37,25.27,0,41.5,31.2,35.9,30.7,30.2,30.5,2.3,1.7,185,38,7.6,16,8.1,7.8,1.63,14
2018,239,2,42.1,21.4,31.6,73.5,8.3,38.4,3.36,25.31,0,40.2,29.1,34.5,30.5,29.8,30.1,2,1.4,206,39,8.3,14.8,7.9,7.4,1.59,13.3
2018,240,2,41.6,20.6,31.7,77.2,10,41.8,3.25,25.25,0,40.2,28.8,34.4,30.1,29.5,29.7,1.8,1.3,210,38,6.1,14.5,7.6,7.1,1.72,14.5
2018,241,2,41,22.4,31.3,72,8,35.1,3.43,25.64,0,40,29.2,34.2,29.8,29.3,29.6,1.4,.9,220,39,6.9,15.1,7.5,6.5,1.39,11
2018,242,2,41.6,26.3,32.8,79.1,15.6,47,2.95,24.29,0,40.9,30.6,35,29.8,29.4,29.5,2.9,2,178,43,10.2,16.4,7.8,8.3,2.19,18.7
2018,243,2,41.5,25.5,33,77,20.3,47,3.03,24.26,0,41.2,30.5,35.5,29.9,29.6,29.7,2,1.6,179,32,8,16.2,7.5,7.2,2.21,18.9
2018,244,2,41.3,25.3,32.8,73.8,15.1,41.3,3.23,24.49,0,41,30.7,35.4,30,29.7,29.9,3.1,2.8,146,24,9.1,16.1,8.4,8.6,1.91,16.4
2018,245,2,38.6,25.7,31.8,75.1,13,40,3.05,23.79,0,39.3,31.4,34.8,30.1,29.6,29.9,4.5,4.2,134,19,12.2,16.1,9.2,9.5,1.76,14.6
2018,246,2,38.2,23.8,30.6,63,16.9,39.1,2.87,24.4,0,39.8,29.8,34,29.9,29.3,29.6,2.9,2.4,131,32,9.1,15.4,8,7.9,1.65,14
2018,247,2,39.3,20.6,30.1,60.4,10.9,32.7,3.23,24.59,0,38.6,27.5,32.8,29.5,28.8,29.1,2.5,1.4,152,51,8.9,14.2,8.1,7.6,1.27,10.4
2018,248,2,39.7,20.2,30.8,59.7,15,34.9,3.25,24.34,0,38.8,27.5,32.9,29.2,28.6,28.9,2.2,1.6,171,38,8.6,14.1,8,7.2,1.43,12.2
2018,249,2,41.4,23.5,32.5,62.5,14.1,33.5,3.64,23.98,0,40,28.9,33.9,29.1,28.7,28.9,1.4,.9,213,43,5.8,15.5,7.3,6.3,1.51,13
2018,250,2,44.5,24.1,34.4,53.9,10,25.5,4.55,23.85,0,40.4,29.3,34.4,29.2,28.8,29,1.4,.6,232,52,6.9,15.9,7.6,6.5,1.22,9.8
2018,251,2,44.4,25.6,35,52,10.7,27.9,4.38,23.61,0,40.9,30.1,35.1,29.5,29.1,29.2,2.7,1.6,181,49,7.8,16.2,8.7,8.7,1.5,12.5
2018,252,2,41.5,27.2,33.3,84.7,22.8,53.5,2.74,23.24,0,41.2,31.8,35.8,29.9,29.5,29.6,3.9,3.7,169,21,9.9,16.7,8,8.7,2.56,21.3
2018,253,2,42.3,25.1,32.8,82.4,10.1,46.2,3.13,23.68,0,40.8,30.9,35.4,30.1,29.7,29.9,1.9,1.3,196,39,6.9,16,7.3,7,2.07,17.5
2018,254,2,42.5,23.6,32.6,71.6,6.5,38.1,3.49,24.01,0,39.9,29.4,34.3,30,29.4,29.6,1.5,.8,218,49,6.3,15.6,7.2,6.5,1.66,13.9
2018,255,2,42.1,19.4,31.1,74.7,6.6,31.7,3.65,24.31,0,38.3,27.5,32.7,29.7,28.9,29.2,1.9,1.5,237,32,6.9,14,7.9,7.1,1.17,8.4
2018,256,2,41.4,18.7,31,61,6.3,24.1,3.96,24.1,0,38.3,26.7,32,29.1,28.4,28.7,1.1,.5,222,53,4.2,13.7,7,5.5,.88,4.7
2018,257,2,42.6,19.7,31.9,54,7.1,23,4.16,23.46,0,38.4,26.5,32,28.6,28,28.3,1.2,.5,113,52,5.8,14.1,7.1,5.7,.95,5.9
2018,258,2,42.7,23.8,32.8,70.1,11.6,31.9,3.79,22.69,0,39,27.9,33,28.5,28.1,28.2,2,1.5,172,36,7.3,15.7,7.4,7.1,1.47,12.1
2018,259,2,40.2,26.9,33.1,82.4,24.9,54,2.62,21.91,0,40.5,31.1,35.2,29.2,28.5,28.8,2.3,1.6,165,44,7.1,16.6,6.3,6.7,2.57,21.3
2018,260,2,42,24.4,33.9,72.6,10.9,35.2,3.95,22.67,0,39.8,30.4,34.7,29.4,29.1,29.2,2.3,1.7,269,37,9.1,15.9,7.8,7.4,1.59,13.2
2018,261,2,39.4,25.6,33.4,80.4,13,42.5,3.13,21.93,0,40.2,30.7,34.9,29.4,29.1,29.2,3.7,2.1,177,54,8.4,16.2,7.9,8.1,2.12,17.1
2018,262,2,37.1,27.6,31.5,79,34.4,59.8,2,18.44,0,39.2,32.1,35.2,29.7,29.4,29.6,3.8,3.6,156,20,10.6,16.7,6.4,6.7,2.69,22.2
2018,263,2,37.7,25.1,31.4,81.8,29.6,56.7,2.18,20.88,0,39.7,31.1,35,29.8,29.5,29.7,1.9,.8,141,59,5.7,15.9,5.7,5.7,2.49,20.9
2018,264,2,39.4,26,31.8,79.6,19.2,50.7,2.61,21.74,0,39.8,30.5,34.6,29.8,29.5,29.6,1.8,1.3,165,41,8.4,16.3,6.3,6,2.23,18.9
2018,265,2,42,24.5,33.4,62.1,11.5,33.3,3.9,21.28,0,39.1,29.7,33.9,29.7,29.2,29.5,1.3,.5,356,60,5.3,15.9,6.5,5.7,1.51,12.7
2018,266,2,40.9,24.9,33.7,51.8,13.8,29.2,3.9,21.24,0,39.2,30,34.1,29.5,29.2,29.4,2,.6,237,65,6.7,16,7,6.6,1.45,12.2
2018,267,2,39.6,23.7,31,84.8,8.8,41.4,2.98,21.78,0,38.2,29.5,33.4,29.5,29.1,29.3,2.7,2.5,147,23,10.1,15.5,7.6,7.3,1.68,13.2
2018,268,2,37.7,20.2,29.1,46.1,15.1,31.5,2.97,21.73,0,37.3,26.8,31.6,29.2,28.4,28.7,2,.9,122,59,7.5,13.9,6.8,6.2,1.25,10
2018,269,2,39.2,21.3,30,60.4,15.8,35.7,3.07,21.23,0,37,26.8,31.5,28.7,28.1,28.4,1.3,1,249,36,6.1,14.5,6.2,5.3,1.4,11.9
2018,270,2,41.6,21.7,31.1,59.3,11.3,31.8,3.55,19.85,0,37.3,27.2,31.7,28.5,28,28.2,1.4,.9,224,42,6.1,14.9,6.2,5.5,1.27,10.3
2018,271,2,40.9,22.5,31.1,60.4,11.7,32.1,3.46,21.31,0,37.1,27.1,31.6,28.3,27.9,28.1,1.9,1.1,176,48,8.8,15.1,7.1,6.4,1.32,10.9
2018,272,2,39.4,22.4,30.8,77.6,15.4,45.3,2.78,20.95,0,37.3,27.5,31.9,28.2,27.9,28.1,1.8,.9,175,52,6.7,15,6.3,5.8,1.85,16
2018,273,2,34.6,23.3,27.1,88.6,43,67.4,1.23,11.17,1.02,33,28.4,30.7,28.4,28.2,28.3,2.4,1.4,84,48,15.4,14.9,3.1,4.1,2.41,20.4
2018,274,2,26.4,21.9,23.9,94.2,71.3,86.7,.41,5.88,1.78,29.8,27.2,28.3,28.4,28,28.2,2.4,2.1,53,29,6.7,11.3,.9,1.8,2.57,21.5
2018,275,2,31.8,21.2,25.8,96.9,49.3,76.3,.89,17.21,1.27,32.5,26.2,28.6,28,27.4,27.6,2.5,.2,142,75,7.6,13.5,4,4.2,2.48,20.9
2018,276,2,32.3,22.6,27.2,94.2,41.3,68.5,1.26,19.97,0,33.9,26.5,29.6,27.6,27.3,27.5,2,1,125,53,8.4,14.2,5.1,4.6,2.4,20.3
2018,277,2,31.4,21.8,26,66.1,26,42.9,2,20.52,0,32.4,25.3,28.4,27.6,26.9,27.2,3.7,3,291,33,11.2,13.6,6.4,6.5,1.41,12
2018,278,2,32.1,19.9,25.6,62.2,21.4,40.7,2.06,20.29,0,32.2,24.2,27.5,27,26.3,26.6,3.3,2.1,296,49,10.6,12.9,6.2,6.3,1.29,10.7
2018,279,2,32.9,16.7,24.9,77.5,19.6,45.6,1.96,17.24,0,30.2,22.5,26.2,26.5,25.8,26.1,3.3,1.9,220,48,10.8,11.5,5.8,6,1.33,11
2018,280,2,29.6,16.9,23.6,60,14.7,36.6,1.96,17.57,0,29.2,22.9,25.6,25.9,25.4,25.6,3.8,3.2,311,31,10.8,10.5,5.8,6.2,1.01,6.8
2018,281,2,29.9,12.7,21.5,77.1,13.7,40.4,1.76,20.08,0,29.3,20,24.2,25.5,24.6,25,1.2,.6,227,48,7.2,8.4,5.1,3.8,.93,5.5
2018,282,2,31.7,14.1,22.6,71,12,43.2,1.81,19.84,0,29.3,19.3,23.9,24.7,24,24.3,1.8,.9,176,51,6.8,9.9,5.4,4.6,1.08,8
2018,283,2,32.2,16.1,23.6,79.7,20.5,53.3,1.57,18.98,0,29.4,20.8,24.8,24.5,24,24.3,3,2.1,155,42,10.9,11,5.8,5.4,1.46,12.5
2018,284,2,28.7,18.2,23.2,86.4,34,52.1,1.45,16.54,0,30,22.9,25.9,24.7,24.5,24.6,2.5,.7,274,65,9.1,10.7,4.6,4.4,1.44,12.2
2018,285,2,29.4,19.6,23.4,84.3,45.6,64.4,1.07,12.15,0,30,23.5,25.9,24.8,24.6,24.7,2.4,1.9,51,36,6.9,11.7,3.1,3.7,1.84,16.1
2018,286,2,27.4,19.2,22.8,88.2,39.2,62.9,1.1,13.47,0,28.6,24.1,26,25,24.8,24.9,2.7,1.6,358,50,9.4,10.5,3.3,3.8,1.71,14.9
2018,287,2,28.4,15.8,22.5,86.1,19.6,58.6,1.24,17.91,0,29.6,21.9,25.3,25,24.5,24.8,1.4,.3,28,64,7.8,9.3,4.1,3.4,1.54,13.2
2018,288,2,25.4,15.7,21,22.3,11.5,15,2.13,19.28,0,26.2,20.2,23,24.7,23.7,24.1,5,4.4,360,29,13.1,7.8,7.7,7.4,.37,-6.7
2018,289,2,26.3,15.5,21.1,34.8,11,15.9,2.14,19.14,0,26.5,19.1,22.1,23.7,22.8,23.2,3.8,3.5,10,25,10,8.1,6.9,6.5,.4,-6.1
2018,290,2,26.9,13,20.6,61.3,24,36.5,1.64,18.65,0,26.8,18.5,22.2,23,22.5,22.7,2.9,2.6,7,24,7.9,7.2,5.4,4.9,.86,4.7
2018,291,2,29.6,14.1,22.8,54.6,19.5,31.5,2.02,18.69,0,27.7,19.2,23.1,22.9,22.5,22.7,2.6,2.2,10,28,7.4,9.1,5.8,5.1,.84,4.3
2018,292,2,31.2,13.1,24,66.9,16.5,29.4,2.29,18.65,0,28.1,19.8,23.4,22.9,22.5,22.7,3,2.5,6,30,8.9,9.2,6.3,5.7,.81,3.9
2018,293,2,33.2,14.3,25.4,59.5,21.5,31.9,2.37,17.91,0,29.5,20.3,24.3,22.9,22.6,22.7,2.4,1.4,7,48,9.6,10.4,5.8,5.2,1.01,6.8
2018,294,2,32.5,14.9,23,75.5,20,47.2,1.73,17.25,0,28.8,20.1,24,23.1,22.7,22.9,.9,.2,164,58,4.1,10.5,4.1,3.3,1.23,10
2018,295,2,31.6,14.1,22.9,81.3,22.6,48.9,1.65,16.68,0,28.2,19.4,23.5,23,22.6,22.8,.9,.3,118,53,4.4,9.9,4,3.1,1.28,10.5
2018,296,2,33.1,17.5,25.1,72.9,17.4,42.6,2.09,17.44,0,29.1,21.4,24.7,23.3,22.9,23,2,1.7,16,29,7.6,11.9,5.4,4.6,1.23,9.9
2018,297,2,33.2,17.5,24.7,66.8,13.6,38.5,2.13,16.94,0,29.1,21.1,24.5,23.4,23.1,23.2,1.6,1.2,32,36,6.1,11.9,4.8,4.2,1.11,8.2
2018,298,2,33.5,14.2,23.7,68.3,15.4,40.2,2.06,17.26,0,28.6,19.8,23.6,23.3,22.8,23,1.1,.2,55,61,4,10.5,4.4,3.5,1.06,7.7
2018,299,2,34.1,13.3,23.8,80.5,11.5,40.1,2.23,17.59,0,27.8,19.3,23.2,23.1,22.7,22.9,1.8,1.4,5,36,7.8,10.1,5.4,4.6,.97,6
2018,300,2,33.9,14.5,23.6,71,11.3,38,2.13,17.43,0,27.8,19.1,22.9,22.9,22.5,22.7,1.5,1.3,41,26,6.7,10.7,4.9,4.1,.98,6.6
2018,301,2,34.4,15,23.5,67.5,17.2,41,1.97,14.69,0,27.2,19.2,22.7,22.7,22.4,22.5,1.3,1,49,37,4.5,11,3.9,3.7,1.1,8.2
2018,302,2,33,15.7,23.4,72.9,19.6,48.5,1.72,15.22,0,27.9,19.9,23.5,22.8,22.4,22.6,1.5,.7,126,53,6.2,11.1,4.2,3.7,1.3,10.8
2018,303,2,31.4,15.8,23.6,85.2,11.7,41.7,1.98,16.68,0,27.2,20.2,23.3,22.9,22.7,22.8,1.9,1.5,350,32,8.3,10.7,4.9,4.2,1.06,6.2
2018,304,2,27,12.2,21.4,36.8,10.5,15.3,2.22,17.31,0,25.2,19.5,22,23,22.6,22.8,3.5,2.9,349,32,10.7,6.9,6.4,5.8,.38,-6.5
2018,305,2,28.3,8.3,19.5,62.8,8.1,25.2,1.94,16.56,0,23.8,15.9,19.6,22.6,21.5,21.9,2,1.4,3,41,8.8,6.5,5.1,4.1,.49,-3.5
2018,306,2,31.2,10.6,20.4,74.6,13.9,37.4,1.76,16.47,0,25.1,16.4,20.2,21.6,21,21.3,1.3,.8,65,41,5.2,8.2,4.2,3.4,.81,3.7
2018,307,2,32.3,11.8,21.3,75.4,10.4,39.2,1.89,16.36,0,24.9,16.7,20.4,21.3,21,21.1,1.5,1.2,16,34,8.9,9,4.6,3.7,.84,4.2
2018,308,2,31,13.5,22.1,59.2,10.2,28.6,2.09,13.74,0,24.8,17.6,20.7,21.3,21.1,21.2,1.5,.3,107,66,5.7,9.4,4.1,3.6,.7,1.5
2018,309,2,30.9,12.9,20.9,75.1,20,45.8,1.52,15.78,0,25.5,17,20.7,21.3,21,21.2,1.3,.5,113,56,5.5,9,3.9,3.2,1.09,7.9
2018,310,2,30.4,12.9,21,79.4,20.7,50.8,1.45,15.4,0,25.6,17.5,20.9,21.4,21.1,21.2,.9,.5,82,42,4.7,8.8,3.5,2.7,1.18,9.3
2018,311,2,29.6,14.1,20.8,91.8,26.1,66.3,1.01,15.31,0,25.8,18.1,21.3,21.5,21.2,21.4,.7,.3,90,48,4.2,9.1,3.1,2.4,1.54,13.4
2018,312,2,27.3,15.4,20.9,99.4,9.5,48.7,1.49,14.76,0,24.6,19.4,21.3,21.7,21.5,21.5,2.7,2.2,1,32,9.9,8.6,4.8,4.1,1.04,3.9
2018,313,2,24.4,11.2,19,31.1,7.9,12.5,1.96,15.47,0,22.3,17.2,19.5,21.7,21,21.4,4.4,4,2,25,11.8,5.2,6.6,6.2,.27,-10.9
2018,314,2,28,6,15.9,66.2,7,34.2,1.48,15.71,0,22,13.6,17.4,21,20,20.4,1.2,.1,195,65,5.9,5.9,3.9,3,.51,-3.2
2018,315,2,23.7,5.9,15.6,66.5,7.8,28.6,1.45,14.99,0,19.5,12.5,15.9,20,19.2,19.5,3.3,3.1,10,21,12.8,3.9,5.3,4.6,.42,-6.3
2018,316,2,21.4,11.8,16.5,21.9,8.2,14.3,1.64,15.87,0,19.7,13.7,16.2,19.4,19.1,19.2,3.7,3.4,359,23,11.1,3.9,5.7,5.1,.26,-11.1
2018,317,2,21.2,7,14.9,38,7.8,16.2,1.48,15.37,0,19.7,13.2,16.1,19.2,18.8,19,2.7,2.4,12,27,8.1,2.9,4.8,4.1,.26,-11.4
2018,318,2,22.1,6.2,14.2,61.3,10,23.1,1.34,10.03,0,18.6,12.6,15.1,19,18.3,18.6,2.2,1.8,10,30,6.7,3.3,3.3,3.5,.34,-8
2018,319,2,25.4,2.6,14.1,69.5,9.6,33.1,1.34,14.75,0,18.9,10.3,14.2,18.4,17.5,17.9,1.1,.5,10,49,4.9,4.2,3.5,2.5,.44,-4.5
2018,320,2,25.3,7.1,14.6,69.6,9.8,38.2,1.23,15,0,19.3,11.2,14.5,17.7,17.4,17.5,1.2,1.1,44,21,5.3,4.9,3.5,2.6,.56,-1.5
2018,321,2,24,4.9,13.9,70.3,19,48.2,.99,13.94,0,18.5,10.5,14,17.6,17.1,17.3,.9,.5,47,43,3.2,3.9,2.7,2,.72,2
2018,322,2,25,8.9,15.6,84.1,17.9,52,1.05,13.77,0,19.9,12.8,15.7,17.7,17.3,17.5,1.3,1.1,36,32,4.2,5,3,2.5,.84,4
2018,323,2,24.7,6.9,16.6,73.1,13.5,33.8,1.44,12.8,0,19.1,12,15.4,17.8,17.5,17.6,2.1,1.9,31,24,6.8,4.5,3.7,3.4,.56,-1.3
2018,324,2,25.5,10,18,77.7,11.1,29.2,1.59,13.78,0,21.1,15.2,17.3,18.2,17.7,18,1.9,1.6,41,29,6.7,5.5,4,3.3,.55,-2
2018,325,2,23.9,7.6,15.1,71.1,32.7,52.1,.91,13.02,0,19.9,12.4,15.7,18.2,17.7,17.9,.8,.3,61,54,3.7,4.2,2.6,1.9,.9,5
2018,326,2,22.1,11.4,16.1,83.5,49.5,67.2,.63,7.14,0,19.9,14.9,17,18.3,17.9,18.1,1.2,.5,236,53,5.3,4.2,1.2,1.7,1.23,9.9
2018,327,2,23.7,6.1,14.6,89.8,25.8,62.3,.76,12.97,0,19.9,13.5,16.4,18.5,18.1,18.3,.8,.1,124,56,5.5,3.9,2.3,1.7,.98,6.7
2018,328,2,24.5,7.6,15.1,83.7,31.7,61.4,.82,13.23,0,19.8,12.8,15.8,18.3,17.9,18,.8,.1,336,61,4.7,4.5,2.5,1.8,1,7
2018,329,2,24.4,8.8,17.5,85.7,16.2,43.2,1.32,13.35,0,20.2,13.4,16.5,18.2,17.9,18,3.1,2.8,17,21,8.8,4.7,4.2,3.8,.76,2.5
2018,330,2,23.2,9.3,17.8,41.6,10.9,17,1.75,13.74,0,19.8,14.6,17,18.4,18.2,18.3,3.2,2.6,2,35,10,4.2,5.1,4.5,.33,-8.3
2018,331,2,25.6,9.9,17.1,62.2,10.1,25.3,1.56,13.7,0,19.8,13.2,16,18.4,18,18.1,1.5,.6,27,54,6.1,5.6,3.7,2.8,.47,-4.3
2018,332,2,25.3,8,15.5,84.5,19.2,49.7,1.05,13.47,0,19.6,12.6,15.8,18,17.6,17.8,1.3,.4,134,55,5.2,4.9,3.1,2.3,.82,3.9
2018,333,2,23.8,9.7,15.5,87.9,36.7,67.4,.67,8.51,0,19.8,14.2,16.6,18.1,17.8,17.9,2.9,1.2,257,58,12.9,4.6,2.1,2.8,1.14,8.9
2018,334,2,22.2,8.3,15.4,83,34.7,57,.84,12.16,0,19.6,13.9,16.6,18.3,18.1,18.2,3.5,2.9,276,30,11,3.6,3.3,3.1,.97,6.5
2018,335,2,20.4,8.3,14.7,77.7,34.1,55,.81,12.61,0,19.3,14.3,16.5,18.4,18.2,18.3,2.3,1.6,286,40,8.4,2.8,2.8,2.4,.9,5.4
2018,336,2,20.3,8.3,14.2,74.6,17.6,44.7,.96,12.83,0,18.7,13.7,15.5,18.3,18,18.2,2.2,1.4,283,47,10.2,2.7,3,2.7,.69,1.5
2018,337,2,20.2,3.7,12.4,78.7,13.4,35.7,1.05,13.24,0,16.8,10.4,13.4,18,17.2,17.5,1.8,1.5,30,26,6.9,2.2,3.2,2.5,.45,-4.4
2018,338,2,17.5,5.4,13.4,63,18.3,25.4,1.17,8.34,0,16.3,11.8,13.6,17.3,17,17.1,3.5,3.2,9,24,8.6,1.3,3.2,3.6,.38,-6.4
2018,339,2,20.5,2,11.5,71.9,18.9,42.3,.91,13.16,0,16.5,9.8,12.9,17.1,16.4,16.7,1.3,.7,51,49,5.8,2.2,2.8,2,.53,-2.2
2018,340,2,14.7,7.8,11.5,96.9,54.2,83.6,.23,3.56,6.86,14.9,12.6,13.9,16.8,16.5,16.6,1.7,.8,351,57,6,.5,.1,.9,1.13,8.6
2018,341,2,18.6,10.5,14.2,97.5,61.9,82.5,.31,10.77,11.94,17.5,14.3,15.4,17.2,16.8,16.9,2.6,2.1,349,33,6.9,2.3,1.6,1.6,1.32,11.1
2018,342,2,20.5,6.8,13.4,97.7,47.9,78.5,.42,12.93,0,16.6,11.2,13.8,17.3,17.1,17.2,1.2,.9,18,32,6.1,2.6,2.2,1.5,1.17,9.2
2018,343,2,21.3,6.3,14,98.6,39.6,71.6,.57,12.87,0,16.2,10.4,13.2,17.2,16.9,17,1.8,1.5,16,27,7.2,2.9,2.6,1.9,1.09,8.2
2018,344,2,20.2,10.7,15.4,90.1,34.5,57.6,.78,7.43,0,16.3,12.6,14.2,17,16.9,17,2,1.5,16,36,6.8,3.1,1.7,2.1,.99,6.7
2018,345,2,21.9,7.4,13.7,93.4,29.4,68.1,.62,11.14,0,16.9,12.1,14,17.1,16.9,17,1.2,.6,15,49,5.4,3.3,1.9,1.7,1,6.9
2018,346,2,21.3,4.2,12.3,96.1,31.7,70.7,.56,12.49,0,15.7,9.5,12.4,17.1,16.6,16.8,1.2,.3,310,63,3.6,2.7,2.1,1.7,.95,6.3
2018,347,2,21.7,6.3,14.3,89,14.2,38.6,1.16,13.12,0,15.4,10.3,12.4,16.7,16.4,16.5,2.5,1.9,17,38,8.3,3.1,3.7,3.2,.55,-2.1
2018,348,2,18.3,5.8,13.3,75.2,19.9,35.9,1.02,7.25,0,14.2,9.8,11.7,16.5,16.1,16.3,2.1,1.7,32,32,5.5,1.6,2.1,2.4,.54,-1.9
2018,349,2,23.4,8.9,15.1,82.9,12.5,38.6,1.2,12.2,0,16.4,11.5,13.3,16.2,16,16.1,1.9,1.4,12,37,6.2,4.2,3.3,2.8,.6,-.7
2018,350,2,21.8,4.2,12.9,89,17.3,49,.91,10.86,0,15,9.2,11.8,16.3,16,16.1,1.4,.9,47,46,6.3,2.9,2.4,2.1,.66,1.1
2018,351,2,21.3,5.2,11.7,89.5,25.9,60.4,.65,9.47,0,14.6,8.9,11.4,16,15.7,15.9,1,.8,44,35,4,2.8,1.5,1.6,.79,3.5
2018,352,2,22.7,4.9,13.2,90.1,29.2,61.6,.74,12.22,0,15.1,8.5,11.4,15.8,15.4,15.6,1.1,.4,306,52,5.6,3.4,2.3,1.7,.88,5
2018,353,2,24.8,4.9,13.6,96.8,26.4,65.9,.75,12.81,0,15.4,8.9,11.8,15.7,15.4,15.6,.9,.4,224,49,3.8,4.3,2.3,1.8,.94,6.1
2018,354,2,23.8,7.6,14.4,86.7,22.7,54.9,.89,12.52,0,15.7,9.8,12.2,15.7,15.5,15.6,2,1.9,38,16,6.7,4.2,2.9,2.6,.84,4.5
2018,355,2,17,6.7,11.9,90.1,43,66.3,.51,5.25,0,13.9,9.9,11.7,15.7,15.5,15.6,1.3,1.1,43,29,5.3,1.2,.8,1.3,.91,5.5
2018,356,2,23.5,5.3,13.2,91.9,22,59.4,.79,12.21,0,15.1,9.3,11.8,15.6,15.3,15.5,2.1,1.8,23,27,6.7,3.8,2.8,2.6,.83,4.2
2018,357,2,22.5,5.4,13.4,89.5,25.8,59.6,.76,11.56,0,15,9.1,11.8,15.5,15.3,15.4,1.3,1.1,48,22,4.5,3.3,2.2,1.9,.87,4.9
2018,358,2,23.5,5.8,13.9,86,18.5,53.9,.89,12.62,0,15.5,9.3,12,15.5,15.3,15.4,1.2,1.1,30,25,5.6,3.9,2.7,2,.79,3.5
2018,359,2,20.2,5.3,12.1,90.8,34.2,64,.61,11.04,0,14.4,9.1,11.6,15.5,15.2,15.4,2.9,1.9,279,44,9.6,2.4,2.6,2.5,.87,4.9
2018,360,2,21,5.7,14.2,87.4,21.1,47.2,.98,12.77,0,15.2,10.3,12.3,15.4,15.2,15.3,2.7,1.8,315,46,10.2,2.7,3.3,2.9,.7,1.7
2018,361,2,19.3,2.7,11.2,90.1,20.4,49.7,.82,12.19,0,13.8,7.9,10.9,15.5,15.1,15.3,1.6,1.1,353,40,6.4,1.8,2.6,2.1,.59,-.6
2018,362,2,15.3,3.1,11.2,64,15.4,28.4,.98,13.06,0,13.4,9.4,11.2,15.2,15.1,15.1,2.7,2.3,336,30,8.7,.5,3.6,2.7,.36,-7
2018,363,2,14.5,2.1,10.1,60.9,17.3,25.6,.95,13.04,0,12.2,8.2,9.7,15.1,14.4,14.8,4.6,4.2,3,23,10.6,.3,4.3,3.6,.31,-9.1
2018,364,2,17.4,-.2,8,81.5,14.5,43.9,.71,12.95,0,12.1,5.7,8.4,14.5,13.9,14.2,1.2,.7,76,45,4.7,1,2.5,1.7,.43,-4.9
2018,365,2,12.8,3.2,8.2,80.1,37,60.3,.45,4.41,0,9.9,6.4,8.3,14,13.6,13.8,2.5,1.8,354,42,9.3,0,.9,1.6,.66,.8